3.602021363951553035e+00,3.601993712589008911e+00,3.601984495459320978e+00,3.601979886889545401e+00,3.601977121749281086e+00,3.601975278322458340e+00,3.601973961589020057e+00,3.601972974038957442e+00,3.601972205944472094e+00,3.601971591468852818e+00,3.601971088716108493e+00,3.601970669755469423e+00,3.601970315250324628e+00,3.601970011388747839e+00,3.601969748042054054e+00,3.601969517613730964e+00,3.601969314294583668e+00,3.601969133566472081e+00,3.601968971862371749e+00,3.601968826328679096e+00,3.601968694655345526e+00,3.601968574952313151e+00,3.601968465658223373e+00,3.601968365471976075e+00,3.601968273300654833e+00,3.601968188219421663e+00,3.601968109440478294e+00,3.601968036288632824e+00,3.601967968181740254e+00,3.601967904615279270e+00,3.601967845149919967e+00,3.601967789401101516e+00,3.601967737031037231e+00,3.601967687741547852e+00,3.601967641268593479e+00,3.601967597377490726e+00,3.601967555858895054e+00,3.601967516525442559e+00,3.601967479209116973e+00,3.601967443758620657e+00,3.601967410037377970e+00,3.601967377921919677e+00,3.601967347300215394e+00,3.601967318070399937e+00,3.601967290139703959e+00,3.601967263423363708e+00,3.601967237843910485e+00,3.601967213330268258e+00,3.601967189817137260e+00,3.601967167244565893e+00,3.601967145557199323e+00,3.601967124703957523e+00,3.601967104637628925e+00,3.601967085314505379e+00,3.601967066694020669e+00,3.601967048738567989e+00,3.601967031413125575e+00,3.601967014685108825e+00,3.601966998524166019e+00,3.601966982901910086e+00,3.601966967791847996e+00,3.601966953169216445e+00,3.601966939010785129e+00,3.601966925294808775e+00,3.601966912000862386e+00,3.601966899109771969e+00,3.601966886603512386e+00,3.601966874465032387e+00,3.601966862678405601e+00,3.601966851228556088e+00,3.601966840101235245e+00,3.601966829283020033e+00,3.601966818761157096e+00,3.601966808523697772e+00,3.601966798559224969e+00,3.601966788856977963e+00,3.601966779406743147e+00,3.601966770198812284e+00,3.601966761223995839e+00,3.601966752473551914e+00,3.601966743939555737e+00,3.601966735613355564e+00,3.601966727487729614e+00,3.601966719555603103e+00,3.601966711810120181e+00,3.601966704244757178e+00,3.601966696853311944e+00,3.601966689629870100e+00,3.601966682568743749e+00,3.601966675664491024e+00,3.601966668912028435e+00,3.601966662306336442e+00,3.601966655842709031e+00,3.601966649516600505e+00,3.601966643323686323e+00,3.601966637259771176e+00,3.601966631320897783e+00,3.601966625503237651e+00,3.601966619803078196e+00,3.601966614216933316e+00
6.466659157962217463e+00,3.602021363951282140e+00,3.602002929726846769e+00,3.601993712593150487e+00,3.601988182311329112e+00,3.601984495457654756e+00,3.601981861989798528e+00,3.601979886889589810e+00,3.601978350700556941e+00,3.601977121749319721e+00,3.601976116243799542e+00,3.601975278322491203e+00,3.601974569312175856e+00,3.601973961589044038e+00,3.601973434895676451e+00,3.601972974038988529e+00,3.601972567400704595e+00,3.601972205944487193e+00,3.601971882536281644e+00,3.601971591468859923e+00,3.601971328122183458e+00,3.601971088716111158e+00,3.601970870127956470e+00,3.601970669755482302e+00,3.601970485412787859e+00,3.601970315250324184e+00,3.601970157692484964e+00,3.601970011388750059e+00,3.601969875174957370e+00,3.601969748042058939e+00,3.601969629111315019e+00,3.601969517613726968e+00,3.601969412873572640e+00,3.601969314294577451e+00,3.601969221348711780e+00,3.601969133566475634e+00,3.601969050529220340e+00,3.601968971862365976e+00,3.601968897229697930e+00,3.601968826328682649e+00,3.601968758886243460e+00,3.601968694655345082e+00,3.601968633411904097e+00,3.601968574952306934e+00,3.601968519090865239e+00,3.601968465658223817e+00,3.601968414499277849e+00,3.601968365471983180e+00,3.601968318445797568e+00,3.601968273300657941e+00,3.601968229925908815e+00,3.601968188219413669e+00,3.601968148086741817e+00,3.601968109440469412e+00,3.601968072199531523e+00,3.601968036288627939e+00,3.601968001637737782e+00,3.601967968181738478e+00,3.601967935859791137e+00,3.601967904615279270e+00,3.601967874395179958e+00,3.601967845149905312e+00,3.601967816833059999e+00,3.601967789401104625e+00,3.601967762813231833e+00,3.601967737031031458e+00,3.601967712018439016e+00,3.601967687741554958e+00,3.601967664168313821e+00,3.601967641268598364e+00,3.601967619013951794e+00,3.601967597377476071e+00,3.601967576333817700e+00,3.601967555858879066e+00,3.601967535929923692e+00,3.601967516525431012e+00,3.601967497624961823e+00,3.601967479209124523e+00,3.601967461259458769e+00,3.601967443758599341e+00,3.601967426689825391e+00,3.601967410037373973e+00,3.601967393786194016e+00,3.601967377921916569e+00,3.601967362430927189e+00,3.601967347300190969e+00,3.601967332517312936e+00,3.601967318070397717e+00,3.601967303948132137e+00,3.601967290139697297e+00,3.601967276634727710e+00,3.601967263423353938e+00,3.601967250496104445e+00,3.601967237843899827e+00,3.601967225458027944e+00,3.601967213330243833e+00,3.601967201452477951e+00,3.601967189817127046e+00,3.601967178416834781e+00,3.601967167244570334e+00
9.357573306404141533e+00,5.034423171137050623e+00,3.602021363996875891e+00,3.602007538290539213e+00,3.601999242875397744e+00,3.601993712595087604e+00,3.601989762390283900e+00,3.601986799740180434e+00,3.601984495457041469e+00,3.601982652030540244e+00,3.601981143774162675e+00,3.601979886892244576e+00,3.601978823374411220e+00,3.601977911789696396e+00,3.601977121749624366e+00,3.601976430464567613e+00,3.601975820507172354e+00,3.601975278322823382e+00,3.601974793210509951e+00,3.601974356609439987e+00,3.601973961589115092e+00,3.601973602480007752e+00,3.601973274597751296e+00,3.601972974039048925e+00,3.601972697525029243e+00,3.601972442281317743e+00,3.601972205944543592e+00,3.601971986488974320e+00,3.601971782168274849e+00,3.601971591468942968e+00,3.601971413072789119e+00,3.601971245826398604e+00,3.601971088716179104e+00,3.601970940847724734e+00,3.601970801428886926e+00,3.601970669755537369e+00,3.601970545199670415e+00,3.601970427199380431e+00,3.601970315250392574e+00,3.601970208898837011e+00,3.601970107735160020e+00,3.601970011388807347e+00,3.601969919523715813e+00,3.601969831834264113e+00,3.601969748042133102e+00,3.601969667893131888e+00,3.601969591154750017e+00,3.601969517613783811e+00,3.601969447074501396e+00,3.601969379356781964e+00,3.601969314294648949e+00,3.601969251734915112e+00,3.601969191535943526e+00,3.601969133566535586e+00,3.601969077705123201e+00,3.601969023838755835e+00,3.601968971862431701e+00,3.601968921678411650e+00,3.601968873195526832e+00,3.601968826328748818e+00,3.601968780998561659e+00,3.601968737130674558e+00,3.601968694655398373e+00,3.601968653507475526e+00,3.601968613625642579e+00,3.601968574952346902e+00,3.601968537433490880e+00,3.601968501018121938e+00,3.601968465658285101e+00,3.601968431308709473e+00,3.601968397926749166e+00,3.601968365472040468e+00,3.601968333906504505e+00,3.601968303194106102e+00,3.601968273300693468e+00,3.601968244193960000e+00,3.601968215843252441e+00,3.601968188219454525e+00,3.601968161295028725e+00,3.601968135043679631e+00,3.601968109440528476e+00,3.601968084461853348e+00,3.601968060085051437e+00,3.601968036288665687e+00,3.601968013052194273e+00,3.601967990356123472e+00,3.601967968181772672e+00,3.601967946511398733e+00,3.601967925327987263e+00,3.601967904615327676e+00,3.601967884357884397e+00,3.601967864540830622e+00,3.601967845149964820e+00,3.601967826171637022e+00,3.601967807592872717e+00,3.601967789401141484e+00,3.601967771584543065e+00,3.601967754131519150e+00,3.601967737031085637e+00,3.601967720272646556e+00
1.226689134688018790e+01,6.480035745816884685e+00,4.557011992943942325e+00,3.602021363951501964e+00,3.602010303432221061e+00,3.602002929726770830e+00,3.601997662790360710e+00,3.601993712590154217e+00,3.601990640213140527e+00,3.601988182310988940e+00,3.601986171301867490e+00,3.601984495459111368e+00,3.601983077436036851e+00,3.601981861991025990e+00,3.601980808605625306e+00,3.601979886889761229e+00,3.601979073611326410e+00,3.601978350699116316e+00,3.601977703882806914e+00,3.601977121748073607e+00,3.601976595054736219e+00,3.601976116242607162e+00,3.601975679066162339e+00,3.601975278321307705e+00,3.601974909636040501e+00,3.601974569312529795e+00,3.601974254196850023e+00,3.601973961589413076e+00,3.601973689161789949e+00,3.601973434896046378e+00,3.601973197034523455e+00,3.601972974039363340e+00,3.601972764559041806e+00,3.601972567401074077e+00,3.601972381509328081e+00,3.601972205944864669e+00,3.601972039870372289e+00,3.601971882536655567e+00,3.601971733271326137e+00,3.601971591469263601e+00,3.601971456584379006e+00,3.601971328122571592e+00,3.601971205635751794e+00,3.601971088716506397e+00,3.601970976993658091e+00,3.601970870128368141e+00,3.601970767810480645e+00,3.601970669755867771e+00,3.601970575703483668e+00,3.601970485413191980e+00,3.601970398663704387e+00,3.601970315250729193e+00,3.601970234985405916e+00,3.601970157692884200e+00,3.601970083210995544e+00,3.601970011389160398e+00,3.601969942087390297e+00,3.601969875175373481e+00,3.601969810531535643e+00,3.601969748042466168e+00,3.601969687602282644e+00,3.601969629111716475e+00,3.601969572478034287e+00,3.601969517614138638e+00,3.601969464438373514e+00,3.601969412873971876e+00,3.601969362848823852e+00,3.601969314295002000e+00,3.601969267148541043e+00,3.601969221349120343e+00,3.601969176839796560e+00,3.601969133566890857e+00,3.601969091479515939e+00,3.601969050529645333e+00,3.601969010671767890e+00,3.601968971862779423e+00,3.601968934061843264e+00,3.601968897230110489e+00,3.601968861330882010e+00,3.601968826329100537e+00,3.601968792191565960e+00,3.601968758886663124e+00,3.601968726384269015e+00,3.601968694655775405e+00,3.601968663673769555e+00,3.601968633412336196e+00,3.601968603846569916e+00,3.601968574952716828e+00,3.601968546708177232e+00,3.601968519091291565e+00,3.601968492081378592e+00,3.601968465658636820e+00,3.601968439804114297e+00,3.601968414499698845e+00,3.601968389728008368e+00,3.601968365472406841e+00,3.601968341716909272e+00,3.601968318446210127e+00,3.601968295645622486e+00,3.601968273301066059e+00
1.519188358042516285e+01,7.934907423172546714e+00,5.520859542189972657e+00,4.318306608761844245e+00,3.602021363951184441e+00,3.602012146858185826e+00,3.602005563190449511e+00,3.602000625440512582e+00,3.601996784973060972e+00,3.601993712590021435e+00,3.601991198828444318e+00,3.601989104024884369e+00,3.601987331497879641e+00,3.601985812190500624e+00,3.601984495459258362e+00,3.601983343314924202e+00,3.601982326719222804e+00,3.601981423080658828e+00,3.601980614560150062e+00,3.601979886889625337e+00,3.601979228523133791e+00,3.601978630007947935e+00,3.601978083537299202e+00,3.601977582606110673e+00,3.601977121749353472e+00,3.601976696343109907e+00,3.601976302448696377e+00,3.601975936689680857e+00,3.601975596154940451e+00,3.601975278322814944e+00,3.601974980997725950e+00,3.601974702253696314e+00,3.601974440399783983e+00,3.601974193954172954e+00,3.601973961591878659e+00,3.601973742133230516e+00,3.601973534539681499e+00,3.601973337872433234e+00,3.601973151290772890e+00,3.601972974038214037e+00,3.601972805437669400e+00,3.601972644857455830e+00,3.601972491747227334e+00,3.601972345598226877e+00,3.601972205944925509e+00,3.601972072363214483e+00,3.601971944465877318e+00,3.601971821897585802e+00,3.601971704331825563e+00,3.601971591470399581e+00,3.601971483032210042e+00,3.601971378766092524e+00,3.601971278434484613e+00,3.601971181818867773e+00,3.601971088716562353e+00,3.601970998939322044e+00,3.601970912312157491e+00,3.601970828670679303e+00,3.601970747865289368e+00,3.601970669760209631e+00,3.601970594203766751e+00,3.601970521090713362e+00,3.601970450298743742e+00,3.601970381718972991e+00,3.601970315249263699e+00,3.601970250793776085e+00,3.601970188262351602e+00,3.601970127570102598e+00,3.601970068637023736e+00,3.601970011387732651e+00,3.601969955751137764e+00,3.601969901659970663e+00,3.601969849050776329e+00,3.601969797863444622e+00,3.601969748041103703e+00,3.601969699529896207e+00,3.601969652278695921e+00,3.601969606239078026e+00,3.601969561365005568e+00,3.601969517612798821e+00,3.601969474940877713e+00,3.601969433309761826e+00,3.601969392681781734e+00,3.601969353021144293e+00,3.601969314293688829e+00,3.601969276466880476e+00,3.601969239509644982e+00,3.601969203392370478e+00,3.601969168086698314e+00,3.601969133565613213e+00,3.601969099803216778e+00,3.601969066774779016e+00,3.601969034456669050e+00,3.601969002826139743e+00,3.601968971861521318e+00,3.601968941542010416e+00,3.601968911847632349e+00,3.601968882759278401e+00,3.601968854258557950e+00,3.601968826327856199e+00
1.813102291290452683e+01,9.397666581788792328e+00,6.490917162674580076e+00,5.041273108286329574e+00,4.175084566791465335e+00,3.602021363997101933e+00,3.602013463594310849e+00,3.602007538292536726e+00,3.602002929723956637e+00,3.601999242873420215e+00,3.601996226354815978e+00,3.601993712590174646e+00,3.601991585559320974e+00,3.601989762389996130e+00,3.601988182310251307e+00,3.601986799741595302e+00,3.601985579827455819e+00,3.601984495459199298e+00,3.601983525232254291e+00,3.601982652030067289e+00,3.601981861990006806e+00,3.601981143771759708e+00,3.601980488007268999e+00,3.601979886889842497e+00,3.601979333861796473e+00,3.601978823374374805e+00,3.601978350700561826e+00,3.601977911789410847e+00,3.601977503148011461e+00,3.601977121749341926e+00,3.601976764957061317e+00,3.601976430464289169e+00,3.601976116243820858e+00,3.601975820506936543e+00,3.601975541669282244e+00,3.601975278322573359e+00,3.601975029210843449e+00,3.601974793210284354e+00,3.601974569312272667e+00,3.601974356609199290e+00,3.601974154281851970e+00,3.601973961589154616e+00,3.601973777858912928e+00,3.601973602480048164e+00,3.601973434895804349e+00,3.601973274597802810e+00,3.601973121121030630e+00,3.601972974039115982e+00,3.601972832960532500e+00,3.601972697525070988e+00,3.601972567401076741e+00,3.601972442280633402e+00,3.601972321882666694e+00,3.601972205944152350e+00,3.601972094221288057e+00,3.601971986493635924e+00,3.601971882540978775e+00,3.601971782168597702e+00,3.601971685201479811e+00,3.601971591468073441e+00,3.601971500807899851e+00,3.601971413072076356e+00,3.601971328120711746e+00,3.601971245824804324e+00,3.601971166067423624e+00,3.601971088720849146e+00,3.601971013683140210e+00,3.601970940847833536e+00,3.601970870128132329e+00,3.601970801428977964e+00,3.601970734665030260e+00,3.601970669755625298e+00,3.601970606624573801e+00,3.601970545200035012e+00,3.601970485413213297e+00,3.601970427199754354e+00,3.601970370498311702e+00,3.601970315250756727e+00,3.601970261401877593e+00,3.601970208899202497e+00,3.601970157692919727e+00,3.601970107735535720e+00,3.601970058981964318e+00,3.601970011389179938e+00,3.601969964916252209e+00,3.601969919524075969e+00,3.601969875175400126e+00,3.601969831834627378e+00,3.601969789467832417e+00,3.601969748042495478e+00,3.601969707527635123e+00,3.601969667893524019e+00,3.601969629111764881e+00,3.601969591155136374e+00,3.601969553997593998e+00,3.601969517614179050e+00,3.601969481980908494e+00,3.601969447074890418e+00,3.601969412873998522e+00,3.601969379357162548e+00
2.108331240696476527e+01,1.086754786481016311e+01,7.466269225702589551e+00,5.768926023846827178e+00,4.753522828285259294e+00,4.079602969618034258e+00,3.602021363951912303e+00,3.602014451141463791e+00,3.602009074479474826e+00,3.602004773149758421e+00,3.602001253881549570e+00,3.601998321157121374e+00,3.601995839624051676e+00,3.601993712593161145e+00,3.601991869163261306e+00,3.601990256166433202e+00,3.601988832934062579e+00,3.601987567835888360e+00,3.601986435905591311e+00,3.601985417169498938e+00,3.601984495456225233e+00,3.601983657535015926e+00,3.601982892476484732e+00,3.601982191172839798e+00,3.601981545973697685e+00,3.601980950405031301e+00,3.601980398952588036e+00,3.601979886889575155e+00,3.601979410141266325e+00,3.601978965176170444e+00,3.601978548918509659e+00,3.601978158676949704e+00,3.601977792085738983e+00,3.601977447060170867e+00,3.601977121749557753e+00,3.601976814510869485e+00,3.601976523881458725e+00,3.601976248547455572e+00,3.601975987333124962e+00,3.601975739179520186e+00,3.601975503130973699e+00,3.601975278322832263e+00,3.601975063970892510e+00,3.601974859362207848e+00,3.601974663847251623e+00,3.601974476832941807e+00,3.601974297776674216e+00,3.601974126181103131e+00,3.601973961589406859e+00,3.601973803581418831e+00,3.601973651769798224e+00,3.601973505797095854e+00,3.601973365332780119e+00,3.601973230070851351e+00,3.601973099727552086e+00,3.601972974039370001e+00,3.601972852761273547e+00,3.601972735665213587e+00,3.601972622538485158e+00,3.601972513182667868e+00,3.601972407412284305e+00,3.601972305053828372e+00,3.601972205944874883e+00,3.601972109933048838e+00,3.601972016875456983e+00,3.601971926637792087e+00,3.601971839093783156e+00,3.601971754124583036e+00,3.601971671618275028e+00,3.601971591469272482e+00,3.601971513577995054e+00,3.601971437850383317e+00,3.601971364197490200e+00,3.601971292535197655e+00,3.601971222783926230e+00,3.601971154868216729e+00,3.601971088716535263e+00,3.601971024261046761e+00,3.601970961437342300e+00,3.601970900184244151e+00,3.601970840443559307e+00,3.601970782159967577e+00,3.601970725280787988e+00,3.601970669755886423e+00,3.601970615537459786e+00,3.601970562579923207e+00,3.601970510839785700e+00,3.601970460275581765e+00,3.601970410847628035e+00,3.601970362518097435e+00,3.601970315250739851e+00,3.601970269010930981e+00,3.601970223765554202e+00,3.601970179482823387e+00,3.601970136132347289e+00,3.601970093685026519e+00,3.601970052112896781e+00,3.601970011389182158e+00,3.601969971488168110e+00,3.601969932385173934e+00
2.404804657830650072e+01,1.234404963242099740e+01,8.446400746765176493e+00,6.500575883000559330e+00,5.335734418221657727e+00,4.561690249896695803e+00,4.011402508524427368e+00,3.602021363999328152e+00,3.602015219235970900e+00,3.602010303431453231e+00,3.602006281408852484e+00,3.602002929723976621e+00,3.602000093682860449e+00,3.601997662793370747e+00,3.601995556019919942e+00,3.601993712593168695e+00,3.601992086039058183e+00,3.601990640214050909e+00,3.601989346581407236e+00,3.601988182309936448e+00,3.601987128926110948e+00,3.601986171300853634e+00,3.601985296948463144e+00,3.601984495456589830e+00,3.601983758088572518e+00,3.601983077434852909e+00,3.601982447204750581e+00,3.601981861992341827e+00,3.601981317133978955e+00,3.601980808604460460e+00,3.601980332879754609e+00,3.601979886890675164e+00,3.601979467929189216e+00,3.601979073613027271e+00,3.601978701829483320e+00,3.601978350700565379e+00,3.601978018551603267e+00,3.601977703884453597e+00,3.601977405351903805e+00,3.601977121748016764e+00,3.601976851979916017e+00,3.601976595060592423e+00,3.601976350080912770e+00,3.601976116242165293e+00,3.601975892799968992e+00,3.601975679065918534e+00,3.601975474431505120e+00,3.601975278322312679e+00,3.601975090217738096e+00,3.601974909637103650e+00,3.601974736138140010e+00,3.601974569314764452e+00,3.601974408784236914e+00,3.601974254199154846e+00,3.601974105232688572e+00,3.601973961589145734e+00,3.601973822985642393e+00,3.601973689161554582e+00,3.601973559873884678e+00,3.601973434895789694e+00,3.601973314015356920e+00,3.601973197034280094e+00,3.601973083766894401e+00,3.601972974039091557e+00,3.601972867687572410e+00,3.601972764558787343e+00,3.601972664508479749e+00,3.601972567400824055e+00,3.601972473107895478e+00,3.601972381509070953e+00,3.601972292490466021e+00,3.601972205944618644e+00,3.601972121769863922e+00,3.601972039870110720e+00,3.601971960154355390e+00,3.601971882536405101e+00,3.601971806934477716e+00,3.601971733271076559e+00,3.601971661472555208e+00,3.601971591468998035e+00,3.601971523193946201e+00,3.601971456584126319e+00,3.601971391579366966e+00,3.601971328122327343e+00,3.601971266158407570e+00,3.601971205635504436e+00,3.601971146503929244e+00,3.601971088716265257e+00,3.601971032227185621e+00,3.601970976993410734e+00,3.601970922973601219e+00,3.601970870128099911e+00,3.601970818419087728e+00,3.601970767810223517e+00,3.601970718266854998e+00,3.601970669755622634e+00,3.601970622244635933e+00,3.601970575703234978e+00,3.601970530102089452e+00,3.601970485412936629e+00
2.702470301544271081e+01,1.382681918043416580e+01,9.430977141932276098e+00,7.235835973353767159e+00,5.921165119864751247e+00,5.046943066386403665e+00,4.424668872076352955e+00,3.960252509171809265e+00,3.602021363999391212e+00,3.602015833712783444e+00,3.602011308936942324e+00,3.602007538290662225e+00,3.602004347744551804e+00,3.602001612993578128e+00,3.601999242873440199e+00,3.601997169018369416e+00,3.601995339146211617e+00,3.601993712593167363e+00,3.601992257256259489e+00,3.601990947453016290e+00,3.601989762392936445e+00,3.601988685065601548e+00,3.601987701418871701e+00,3.601986799742738388e+00,3.601985970198098297e+00,3.601985204466948698e+00,3.601984495456646229e+00,3.601983837089904217e+00,3.601983224127780048e+00,3.601982652029790177e+00,3.601982116841383252e+00,3.601981615102203271e+00,3.601981143771499916e+00,3.601980700166109273e+00,3.601980281909601622e+00,3.601979886889575599e+00,3.601979513221980067e+00,3.601979159221097682e+00,3.601978823374345495e+00,3.601978504319702346e+00,3.601978200828008347e+00,3.601977911794010279e+00,3.601977636193961274e+00,3.601977373125971216e+00,3.601977121749021737e+00,3.601976881302253908e+00,3.601976651087224646e+00,3.601976430464626677e+00,3.601976218846488109e+00,3.601976015693301836e+00,3.601975820506967185e+00,3.601975632826148299e+00,3.601975452230982810e+00,3.601975278322736784e+00,3.601975110738467212e+00,3.601974949139354454e+00,3.601974793210420245e+00,3.601974642658217540e+00,3.601974497209813997e+00,3.601974356609204175e+00,3.601974220618720413e+00,3.601974089015064440e+00,3.601973961589536533e+00,3.601973838145219542e+00,3.601973718499771326e+00,3.601973602479952241e+00,3.601973489923357530e+00,3.601973380677234715e+00,3.601973274597607411e+00,3.601973171549127439e+00,3.601973071403200777e+00,3.601972974039340691e+00,3.601972879342770106e+00,3.601972787205565130e+00,3.601972697525324563e+00,3.601972610205116165e+00,3.601972525152959292e+00,3.601972442281610398e+00,3.601972361508313902e+00,3.601972282754315913e+00,3.601972205944868666e+00,3.601972131008823297e+00,3.601972057878465971e+00,3.601971986488849975e+00,3.601971916780093430e+00,3.601971848691797540e+00,3.601971782168628788e+00,3.601971717157539388e+00,3.601971653606911072e+00,3.601971591469220968e+00,3.601971530696896018e+00,3.601971471245728917e+00,3.601971413073054240e+00,3.601971356138119695e+00,3.601971300401788145e+00,3.601971245826643298e+00,3.601971192376768549e+00,3.601971140017704354e+00,3.601971088716403813e+00,3.601971038441112327e+00
3.001288090120935692e+01,1.531559451749794221e+01,1.041976324930592135e+01,7.974453606619730905e+00,6.509504338432662962e+00,5.534895957258885169e+00,4.840665541675201133e+00,4.321903605987145625e+00,3.920469864049575648e+00,3.602021363999425851e+00,3.602016336468952584e+00,3.602012146859002950e+00,3.602008601807590971e+00,3.602005563190726622e+00,3.602002929726972891e+00,3.602000625443529280e+00,3.601998592252248166e+00,3.601996784971103871e+00,3.601995167930085895e+00,3.601993712593168251e+00,3.601992395859756169e+00,3.601991198829377794e+00,3.601990105888607907e+00,3.601989104026223742e+00,3.601988182312828801e+00,3.601987331500448697e+00,3.601986543708670219e+00,3.601985812190079184e+00,3.601985131121063333e+00,3.601984495456639124e+00,3.601983900802803173e+00,3.601983343314867803e+00,3.601982819614060638e+00,3.601982326719194383e+00,3.601981861989743017e+00,3.601981423078602251e+00,3.601981007892362641e+00,3.601980614558085936e+00,3.601980241394761251e+00,3.601979886889590254e+00,3.601979549677365000e+00,3.601979228522707466e+00,3.601978922305641095e+00,3.601978630007512727e+00,3.601978350700434373e+00,3.601978083537126896e+00,3.601977827742461447e+00,3.601977582605932149e+00,3.601977347474969005e+00,3.601977121749249999e+00,3.601976904875507035e+00,3.601976696343091700e+00,3.601976495679789725e+00,3.601976302448473444e+00,3.601976116243760462e+00,3.601975936689207458e+00,3.601975763434793532e+00,3.601975596154699755e+00,3.601975434545090060e+00,3.601975278322492091e+00,3.601975127221940021e+00,3.601974980995594766e+00,3.601974839411381968e+00,3.601974702251619309e+00,3.601974569312192287e+00,3.601974440401248145e+00,3.601974315338377863e+00,3.601974193953813685e+00,3.601974076087659515e+00,3.601973961588117223e+00,3.601973850314874603e+00,3.601973742132568379e+00,3.601973636914145072e+00,3.601973534539458122e+00,3.601973434894785164e+00,3.601973337872336867e+00,3.601973243369927413e+00,3.601973151290666308e+00,3.601973061542536048e+00,3.601972974038120778e+00,3.601972888694298103e+00,3.601972805432028579e+00,3.601972724176051521e+00,3.601972644854785077e+00,3.601972567399868819e+00,3.601972491746250338e+00,3.601972417831783790e+00,3.601972345597197922e+00,3.601972274985865585e+00,3.601972205943669625e+00,3.601972138418886082e+00,3.601972072362003896e+00,3.601972007725747549e+00,3.601971944464685826e+00,3.601971882535480063e+00,3.601971821896424064e+00,3.601971762507674590e+00,3.601971704330954704e+00,3.601971647329525794e+00,3.601971591468088540e+00
3.301226567374995824e+01,1.681017446157768447e+01,1.141258353502409761e+01,8.716251197984846044e+00,7.100549079203341662e+00,6.025289455362369040e+00,5.258992847234273071e+00,4.685959485037681560e+00,4.241976044789582900e+00,3.888643377047940497e+00,3.602021363999420522e+00,3.602016755429572559e+00,3.602012855868161001e+00,3.602009513390567186e+00,3.602006616579038312e+00,3.602004081865648466e+00,3.602001845358316245e+00,3.601999857349068357e+00,3.601998078601372111e+00,3.601996477730757817e+00,3.601995029326578557e+00,3.601993712593163810e+00,3.601992510358330790e+00,3.601991408309712650e+00,3.601990394424958719e+00,3.601989458531369870e+00,3.601988591963212194e+00,3.601987787292776577e+00,3.601987038116806428e+00,3.601986338883476968e+00,3.601985684764264395e+00,3.601985071527493698e+00,3.601984495456637347e+00,3.601983953272270167e+00,3.601983442069865315e+00,3.601982959267614692e+00,3.601982502562755872e+00,3.601982069895026672e+00,3.601981659415363524e+00,3.601981269459690438e+00,3.601980898526250474e+00,3.601980545256309618e+00,3.601980208417522533e+00,3.601979886889592031e+00,3.601979579651786612e+00,3.601979285772171302e+00,3.601979004398041972e+00,3.601978734747854904e+00,3.601978476103787408e+00,3.601978227805472166e+00,3.601977989244377287e+00,3.601977759858673078e+00,3.601977539129046502e+00,3.601977326574594240e+00,3.601977121749397437e+00,3.601976924239399303e+00,3.601976733659565166e+00,3.601976549651433324e+00,3.601976371880894146e+00,3.601976200036017595e+00,3.601976033825398993e+00,3.601975872976435067e+00,3.601975717233773189e+00,3.601975566358045722e+00,3.601975420124690963e+00,3.601975278322617324e+00,3.601975140753454152e+00,3.601975007230437065e+00,3.601974877577671208e+00,3.601974751629265725e+00,3.601974629228684943e+00,3.601974510228123982e+00,3.601974394487863051e+00,3.601974281875730988e+00,3.601974172266539043e+00,3.601974065541848180e+00,3.601973961589197692e+00,3.601973860302025710e+00,3.601973761579068345e+00,3.601973665324200713e+00,3.601973571445965305e+00,3.601973479857460969e+00,3.601973390475919246e+00,3.601973303222497425e+00,3.601973218022117340e+00,3.601973134803090115e+00,3.601973053497206312e+00,3.601972974039152398e+00,3.601972896366687493e+00,3.601972820420259680e+00,3.601972746142982018e+00,3.601972673480443365e+00,3.601972602380529853e+00,3.601972532793368487e+00,3.601972464671228114e+00,3.601972397968494999e+00,3.601972332640893004e+00,3.601972268646477904e+00,3.601972205944888650e+00,3.601972144497314510e+00
3.602260885581124938e+01,1.831040300396484000e+01,1.240930415014502231e+01,9.461098563581661125e+00,7.694156869895144801e+00,6.517954097647237433e+00,5.679427130397645129e+00,5.052068885131578924e+00,4.565634464211859367e+00,4.178034519207884045e+00,3.862604469666869988e+00,3.602021363979142965e+00,3.602017109931345828e+00,3.602013463593438658e+00,3.602010303430658755e+00,3.602007538292335553e+00,3.602005098464414079e+00,3.602002929724307467e+00,3.602000989275076837e+00,3.601999242873516138e+00,3.601997662793405830e+00,3.601996226354112096e+00,3.601994914824401928e+00,3.601993712593171360e+00,3.601992606537988362e+00,3.601991585559964903e+00,3.601990640212632488e+00,3.601989762392934669e+00,3.601988945110112805e+00,3.601988182312832798e+00,3.601987468728261366e+00,3.601986799742745049e+00,3.601986171297784090e+00,3.601985579823950623e+00,3.601985022150011595e+00,3.601984495456635571e+00,3.601983997233165091e+00,3.601983525231966077e+00,3.601983077435999103e+00,3.601982652029802168e+00,3.601982247375146606e+00,3.601981861989757228e+00,3.601981494529274741e+00,3.601981143771507021e+00,3.601980808602997630e+00,3.601980488007041625e+00,3.601980181053446639e+00,3.601979886889600913e+00,3.601979604732439721e+00,3.601979333861585086e+00,3.601979073613072124e+00,3.601978823374158534e+00,3.601978582578181154e+00,3.601978350700613785e+00,3.601978127254929163e+00,3.601977911789459252e+00,3.601977703884193804e+00,3.601977503148067861e+00,3.601977309216538803e+00,3.601977121749412092e+00,3.601976940428747387e+00,3.601976764957133703e+00,3.601976595056048946e+00,3.601976430464361112e+00,3.601976270937049751e+00,3.601976116243906567e+00,3.601975966168440291e+00,3.601975820506978287e+00,3.601975679067587421e+00,3.601975541669330205e+00,3.601975408141422363e+00,3.601975278322634644e+00,3.601975152060533869e+00,3.601975029210896739e+00,3.601974909637291056e+00,3.601974793210325654e+00,3.601974679807446122e+00,3.601974569312330399e+00,3.601974461614579237e+00,3.601974356609247252e+00,3.601974254196645742e+00,3.601974154281911922e+00,3.601974056774751354e+00,3.601973961589216344e+00,3.601973868643337351e+00,3.601973777858971104e+00,3.601973689161594550e+00,3.601973602480127212e+00,3.601973517746515085e+00,3.601973434895853643e+00,3.601973353866103178e+00,3.601973274597876529e+00,3.601973197034343599e+00,3.601973121121093691e+00,3.601973046805996947e+00,3.601972974039165720e+00,3.601972902772651697e+00,3.601972832960588011e+00,3.601972764558842854e+00,3.601972697525146927e+00
3.904371029644480018e+01,1.981615509520761265e+01,1.340982035518532278e+01,1.020889340131254386e+01,8.290223615252244826e+00,7.012771737182541543e+00,6.101822616695684154e+00,5.420034914684647376e+00,4.891131119251654447e+00,4.469375812874108789e+00,4.125719893614689937e+00,3.840905332167676267e+00,3.602021363985874469e+00,3.602017413791784861e+00,3.602013990284519185e+00,3.602010994717133929e+00,3.602008351570447964e+00,3.602006002104948479e+00,3.602003899951617960e+00,3.602002008013630796e+00,3.602000296262228396e+00,3.601998740116868269e+00,3.601997319297737032e+00,3.601996016874807083e+00,3.601994818647916485e+00,3.601993712591789798e+00,3.601992688466233883e+00,3.601991737492582502e+00,3.601990852100638296e+00,3.601990025736895973e+00,3.601989252689224763e+00,3.601988527953338348e+00,3.601987847141805865e+00,3.601987206377919026e+00,3.601986602229577894e+00,3.601986031645543207e+00,3.601985491903465952e+00,3.601984980568844641e+00,3.601984495456512114e+00,3.601984034599877482e+00,3.601983596224097806e+00,3.601983178723718204e+00,3.601982780642051463e+00,3.601982400653424676e+00,3.601982037554225524e+00,3.601981690241923495e+00,3.601981357709090670e+00,3.601981039029848120e+00,3.601980733361035636e+00,3.601980439917534138e+00,3.601980157981929942e+00,3.601979886888151405e+00,3.601979626027521419e+00,3.601979374831402847e+00,3.601979132763103664e+00,3.601978899340920304e+00,3.601978674109004075e+00,3.601978456644862270e+00,3.601978246552412610e+00,3.601978043463013979e+00,3.601977847032302282e+00,3.601977656938021077e+00,3.601977472878527653e+00,3.601977294570891885e+00,3.601977121749609712e+00,3.601976954165349021e+00,3.601976791583617388e+00,3.601976633783709136e+00,3.601976480557711024e+00,3.601976331709568768e+00,3.601976187054343193e+00,3.601976046417318500e+00,3.601975909633359230e+00,3.601975776546271657e+00,3.601975647008173631e+00,3.601975520878979875e+00,3.601975398025864639e+00,3.601975278322822938e+00,3.601975161650248225e+00,3.601975047893301696e+00,3.601974936946314099e+00,3.601974828705352571e+00,3.601974723072609130e+00,3.601974619954949830e+00,3.601974519263571040e+00,3.601974420913829800e+00,3.601974324826046736e+00,3.601974230921055398e+00,3.601974139126326246e+00,3.601974049371455155e+00,3.601973961589227891e+00,3.601973875715315465e+00,3.601973791688159565e+00,3.601973709448788696e+00,3.601973628940791539e+00,3.601973550110053157e+00,3.601973472904671958e+00,3.601973397274903732e+00,3.601973323173041308e+00,3.601973250553206274e+00
4.207540905630344952e+01,2.132733112402265618e+01,1.441404928533876273e+01,1.095955900958976592e+01,8.888667053146207309e+00,7.509653870292802402e+00,6.526077814548523648e+00,5.789731165789907763e+00,5.218290239722665369e+00,4.762383755769038274e+00,4.390620725168768779e+00,4.082125559216211563e+00,3.822544768377135860e+00,3.602021363997066405e+00,3.602017677143029672e+00,3.602014451142496743e+00,3.602011604673104550e+00,3.602009074482908524e+00,3.602006810625453692e+00,3.602004773150931261e+00,3.602002929724216429e+00,3.602001253881692566e+00,3.601999723763785521e+00,3.601998321157074301e+00,3.601997030758400609e+00,3.601995839620884876e+00,3.601994736719142498e+00,3.601993712593171804e+00,3.601992759096552366e+00,3.601991869166379256e+00,3.601991036651072786e+00,3.601990256167949767e+00,3.601989522986828174e+00,3.601988832934027052e+00,3.601988182310238873e+00,3.601987567833439652e+00,3.601986986574100769e+00,3.601986435905563777e+00,3.601985913477400825e+00,3.601985417170140646e+00,3.601984945072730593e+00,3.601984495455790025e+00,3.601984066752616176e+00,3.601983657537846995e+00,3.601983266507938541e+00,3.601982892479332676e+00,3.601982534364450927e+00,3.601982191173303871e+00,3.601981861989945521e+00,3.601981545973923726e+00,3.601981242350698942e+00,3.601980950405265336e+00,3.601980669476666730e+00,3.601980398952821183e+00,3.601980138266204445e+00,3.601979886889832283e+00,3.601979644333666908e+00,3.601979410141509685e+00,3.601979183888090130e+00,3.601978965176407144e+00,3.601978753635637354e+00,3.601978548918598921e+00,3.601978350700675513e+00,3.601978158677041630e+00,3.601977972561854369e+00,3.601977792086516139e+00,3.601977616998483178e+00,3.601977447060105586e+00,3.601977282047624573e+00,3.601977121749620814e+00,3.601976965967084165e+00,3.601976814511823388e+00,3.601976667206034044e+00,3.601976523881456060e+00,3.601976384378896778e+00,3.601976248547424930e+00,3.601976116244242299e+00,3.601975987333252416e+00,3.601975861685858593e+00,3.601975739179577474e+00,3.601975619698022602e+00,3.601975503131095824e+00,3.601975389372676695e+00,3.601975278327085750e+00,3.601975169890230255e+00,3.601975063970262791e+00,3.601974960490003763e+00,3.601974859361557257e+00,3.601974760505672446e+00,3.601974663846581048e+00,3.601974569311855223e+00,3.601974476832243699e+00,3.601974386341431078e+00,3.601974297775941025e+00,3.601974211075012366e+00,3.601974126180341518e+00,3.601974043036075379e+00,3.601973961588638140e+00,3.601973881787126075e+00,3.601973803581094646e+00
4.511757677554338386e+01,2.284385136491109591e+01,1.542192480467877580e+01,1.171303148614384071e+01,9.489425766538531093e+00,8.008533847267679917e+00,6.952116748225174447e+00,6.161066188682963407e+00,5.546998777002413838e+00,5.056899065474238952e+00,4.657047296242480705e+00,4.324993446609414427e+00,4.045238484553171254e+00,3.806807036473293770e+00,3.602021363997185865e+00,3.602017907568156208e+00,3.602014857780619028e+00,3.602012146860920527e+00,3.602009721299324951e+00,3.602007538294022648e+00,3.602005563191255533e+00,3.602003767645830301e+00,3.602002128234663481e+00,3.602000625440993975e+00,3.601999242870605578e+00,3.601997966651304228e+00,3.601996784968247045e+00,3.601995687693280601e+00,3.601994666089776587e+00,3.601993712593177577e+00,3.601992820609592805e+00,3.601991984377704625e+00,3.601991198826524521e+00,3.601990459484259777e+00,3.601989762390111594e+00,3.601989104023433530e+00,3.601988481244148055e+00,3.601987891242718565e+00,3.601987331497763734e+00,3.601986799739905099e+00,3.601986293920954818e+00,3.601985812192556757e+00,3.601985352864733869e+00,3.601984914416006323e+00,3.601984495459177982e+00,3.601984094711542461e+00,3.601983711022132884e+00,3.601983343314589359e+00,3.601982990617918823e+00,3.601982652028608012e+00,3.601982326718059735e+00,3.601982013919469594e+00,3.601981712924630763e+00,3.601981423077715849e+00,3.601981143771531890e+00,3.601980874439717262e+00,3.601980614558140115e+00,3.601980363637966587e+00,3.601980121223563369e+00,3.601979886889671967e+00,3.601979660238821879e+00,3.601979440899309548e+00,3.601979228522949494e+00,3.601979022783342366e+00,3.601978823374214933e+00,3.601978630007760973e+00,3.601978442413461767e+00,3.601978260336630377e+00,3.601978083537403563e+00,3.601977911789538744e+00,3.601977744879705234e+00,3.601977582606210149e+00,3.601977424778571635e+00,3.601977271216563636e+00,3.601977121749514676e+00,3.601976976215837123e+00,3.601976834462242039e+00,3.601976696343358153e+00,3.601976561721149661e+00,3.601976430464507217e+00,3.601976302448751444e+00,3.601976177555351821e+00,3.601976055671400889e+00,3.601975936689475688e+00,3.601975820507082648e+00,3.601975707026654483e+00,3.601975596154948001e+00,3.601975487803056541e+00,3.601975381886048488e+00,3.601975278322735008e+00,3.601975177035543485e+00,3.601975077950157367e+00,3.601974980995724440e+00,3.601974886104172047e+00,3.601974793210320325e+00,3.601974702251757421e+00,3.601974613168664963e+00,3.601974525903539170e+00,3.601974440401375155e+00,3.601974356609252137e+00
4.817011101391264560e+01,2.436565172143667013e+01,1.643339390189946059e+01,1.246926273575183153e+01,1.009244964232616582e+01,8.509358488519916719e+00,7.379881758128941982e+00,6.533975012444464880e+00,5.877176306433610442e+00,5.352819327909064562e+00,4.924855331096257949e+00,4.569270185647789084e+00,4.269463429035420532e+00,4.013621347728421718e+00,3.793168554424487748e+00,3.602021363997351511e+00,3.602018110886971769e+00,3.602015219237170829e+00,3.602012631973213086e+00,3.602010303434094673e+00,3.602008196658990080e+00,3.602006281412042377e+00,3.602004532704113249e+00,3.602002929729022362e+00,3.602001454982663997e+00,3.602000093683306758e+00,3.601998833223122531e+00,3.601997662790925592e+00,3.601996573080516573e+00,3.601995556019915057e+00,3.601994604570935898e+00,3.601993712590692009e+00,3.601992874671900768e+00,3.601992086037677510e+00,3.601991342470114432e+00,3.601990640215165129e+00,3.601989975914489772e+00,3.601989346579585138e+00,3.601988749520631750e+00,3.601988182315012832e+00,3.601987642770025033e+00,3.601987128924433623e+00,3.601986638975339439e+00,3.601986171298399597e+00,3.601985724407037903e+00,3.601985296945747539e+00,3.601984887677677438e+00,3.601984495456734159e+00,3.601984119246984584e+00,3.601983758086082066e+00,3.601983411088015785e+00,3.601983077436186953e+00,3.601982756377295480e+00,3.601982447204454374e+00,3.601982149276908185e+00,3.601981861989607125e+00,3.601981584782561363e+00,3.601981317134386185e+00,3.601981058559151627e+00,3.601980808602972317e+00,3.601980566842090337e+00,3.601980332879938018e+00,3.601980106345170185e+00,3.601979886889584481e+00,3.601979674186508884e+00,3.601979467928866363e+00,3.601979267828275599e+00,3.601979073612990856e+00,3.601978885027139032e+00,3.601978701829439800e+00,3.601978523792254361e+00,3.601978350700553388e+00,3.601978182351064373e+00,3.601978018551595717e+00,3.601977859120097492e+00,3.601977703884132964e+00,3.601977552680307060e+00,3.601977405353507411e+00,3.601977261756467374e+00,3.601977121749380562e+00,3.601976985199266235e+00,3.601976851979633576e+00,3.601976721970108208e+00,3.601976595056043173e+00,3.601976471128189417e+00,3.601976350082377820e+00,3.601976231819238983e+00,3.601976116243911896e+00,3.601976003265744630e+00,3.601975892798250367e+00,3.601975784758567833e+00,3.601975679067595859e+00,3.601975575649574601e+00,3.601975474431903024e+00,3.601975375345136676e+00,3.601975278322667950e+00,3.601975183302309702e+00,3.601975090219561526e+00,3.601974999017243384e+00,3.601974909639002576e+00
5.123293157144632914e+01,2.589268193278825692e+01,1.744841437991865973e+01,1.322821330288334529e+01,1.069769989205885174e+01,9.012086583317733712e+00,7.809328154051472737e+00,6.908406787615445133e+00,6.208764288956166943e+00,5.650071871481937791e+00,5.193950252136796841e+00,4.814822206635753332e+00,4.494999288157340622e+00,4.221868035746362047e+00,3.986221213183181344e+00,3.781234434686453039e+00,3.602021363997459424e+00,3.602018291614991874e+00,3.602015542645099710e+00,3.602013068574335009e+00,3.602010830124969587e+00,3.602008795175840383e+00,3.602006937174029755e+00,3.602005234007978451e+00,3.602003667095230011e+00,3.602002220714219938e+00,3.602000881472562810e+00,3.601999637893525286e+00,3.601998480076229914e+00,3.601997399444204273e+00,3.601996388532736848e+00,3.601995440803262838e+00,3.601994550514433957e+00,3.601993712590752850e+00,3.601992922549288156e+00,3.601992176403375989e+00,3.601991470587648347e+00,3.601990801919292995e+00,3.601990167541490262e+00,3.601989564880433203e+00,3.601988991622095959e+00,3.601988445657114735e+00,3.601987925087951403e+00,3.601987428181467443e+00,3.601986953357853238e+00,3.601986499181582424e+00,3.601986064330525927e+00,3.601985647596983586e+00,3.601985247878337848e+00,3.601984864142186105e+00,3.601984495456833635e+00,3.601984140951471680e+00,3.601983799822585208e+00,3.601983471330705289e+00,3.601983154782548269e+00,3.601982849539827392e+00,3.601982555006349784e+00,3.601982270630092131e+00,3.601981995893708710e+00,3.601981730315269914e+00,3.601981473444375137e+00,3.601981224859656994e+00,3.601980984166530675e+00,3.601980750995062763e+00,3.601980524998069200e+00,3.601980305850452257e+00,3.601980093243557057e+00,3.601979886888907245e+00,3.601979686516438406e+00,3.601979491869763184e+00,3.601979302704155117e+00,3.601979118794216284e+00,3.601978939922831913e+00,3.601978765885869294e+00,3.601978596490159834e+00,3.601978431551973170e+00,3.601978270897878254e+00,3.601978114363136196e+00,3.601977961791315686e+00,3.601977813033763631e+00,3.601977667949225026e+00,3.601977526403360663e+00,3.601977388268208902e+00,3.601977253421573710e+00,3.601977121748207278e+00,3.601976993137035343e+00,3.601976867482769240e+00,3.601976744683964338e+00,3.601976624644683156e+00,3.601976507272936168e+00,3.601976392480819023e+00,3.601976280184135515e+00,3.601976170303064606e+00,3.601976062759753017e+00,3.601975957480077373e+00,3.601975854393771659e+00,3.601975753432808069e+00,3.601975654532140858e+00,3.601975557628906532e+00,3.601975462665386374e+00
5.430597679039245662e+01,2.742490210372684700e+01,1.846695300588427813e+01,1.398985054340090883e+01,1.130514405200179695e+01,9.516686324842931199e+00,8.240420636691178302e+00,7.284322302287594475e+00,6.541716560017699855e+00,5.948604825099687687e+00,5.464266579301229498e+00,5.061564389772533978e+00,4.721721469817516947e+00,4.431340456297849784e+00,4.180620456029675580e+00,3.962246472213559745e+00,3.770704859834151712e+00,3.602021363997595316e+00,3.602018453318067248e+00,3.602015833714544257e+00,3.602013463591043685e+00,3.602011308937874912e+00,3.602009341643031881e+00,3.602007538293982680e+00,3.602005879209873029e+00,3.602004347745847657e+00,3.602002929724505531e+00,3.602001612992567825e+00,3.602000387066958353e+00,3.601999242870557616e+00,3.601998172496705841e+00,3.601997169018211764e+00,3.601996226354272856e+00,3.601995339146148112e+00,3.601994502633187434e+00,3.601993712590505936e+00,3.601992965255375712e+00,3.601992257258371133e+00,3.601991585564388920e+00,3.601990947455150582e+00,3.601990340473165020e+00,3.601989762395071626e+00,3.601989211204347008e+00,3.601988685063345130e+00,3.601988182315000842e+00,3.601987701421036192e+00,3.601987240990645045e+00,3.601986799744850032e+00,3.601986376509133780e+00,3.601985970202775000e+00,3.601985579830028428e+00,3.601985204471609414e+00,3.601984843275542580e+00,3.601984495459177982e+00,3.601984160290663706e+00,3.601983837092457730e+00,3.601983525234520478e+00,3.601983224130336669e+00,3.601982933233071726e+00,3.601982652032381882e+00,3.601982380051380161e+00,3.601982116843990944e+00,3.601981861992346268e+00,3.601981615104822509e+00,3.601981375813859909e+00,3.601981143774122263e+00,3.601980918660940389e+00,3.601980700168746719e+00,3.601980488009651538e+00,3.601980281912235959e+00,3.601980081620391960e+00,3.601979886892213489e+00,3.601979697499052779e+00,3.601979513224632612e+00,3.601979333861802246e+00,3.601979159221834870e+00,3.601978989119238861e+00,3.601978823374466732e+00,3.601978661827782702e+00,3.601978504319777841e+00,3.601978350700888232e+00,3.601978200828787724e+00,3.601978054568063303e+00,3.601977911789735476e+00,3.601977772370906994e+00,3.601977636194366728e+00,3.601977503148341420e+00,3.601977373126087123e+00,3.601977246025668045e+00,3.601977121748648258e+00,3.601977000203797186e+00,3.601976881302706879e+00,3.601976764957387722e+00,3.601976651087508419e+00,3.601976539614904382e+00,3.601976430463544876e+00,3.601976323563863325e+00,3.601976218845851729e+00,3.601976116243344350e+00,3.601976015692617938e+00
5.738920156501526293e+01,2.896228276209673780e+01,1.948898397148399653e+01,1.475415166948557832e+01,1.191475756482400783e+01,1.002313174997368073e+01,8.673131720887464979e+00,7.661691289544273253e+00,6.875999650096907168e+00,6.248376093500914941e+00,5.735755542730088585e+00,5.309434709775266548e+00,4.949550045283312549e+00,4.641923492278365870e+00,4.376172413267465977e+00,4.144529429348017935e+00,3.941092947191274121e+00,3.761345452449073257e+00,3.602021363997689907e+00,3.602018598851906894e+00,3.602016097061233157e+00,3.602013822700800283e+00,3.602011746113273905e+00,3.602009842574368736e+00,3.602008091319104821e+00,3.602006474775689693e+00,3.602004977976172917e+00,3.602003588090908259e+00,3.602002294062649490e+00,3.602001086300303800e+00,3.601999956458071583e+00,3.601998897228054108e+00,3.601997902196548473e+00,3.601996965696385278e+00,3.601996082710805958e+00,3.601995248779730208e+00,3.601994459925431435e+00,3.601993712592125085e+00,3.601993003580521435e+00,3.601992330019484712e+00,3.601991689316178746e+00,3.601991079122540462e+00,3.601990497313734441e+00,3.601989941947461471e+00,3.601989411261460994e+00,3.601988903650935381e+00,3.601988417641426299e+00,3.601987951881567174e+00,3.601987505135377798e+00,3.601987076253873710e+00,3.601986664194007481e+00,3.601986267981055256e+00,3.601985886722016694e+00,3.601985519581401007e+00,3.601985165793768484e+00,3.601984824640016125e+00,3.601984495456818536e+00,3.601984177624352856e+00,3.601983870566217050e+00,3.601983573743009703e+00,3.601983286651946781e+00,3.601983008822337684e+00,3.601982739812285672e+00,3.601982479208782895e+00,3.601982226623870798e+00,3.601981981693036072e+00,3.601981744073545766e+00,3.601981513442858773e+00,3.601981289501809513e+00,3.601981071954569735e+00,3.601980860535448858e+00,3.601980654989060504e+00,3.601980455074043519e+00,3.601980260562133385e+00,3.601980071231499991e+00,3.601979886888843740e+00,3.601979707334270753e+00,3.601979532383701166e+00,3.601979361862222451e+00,3.601979195603783879e+00,3.601979033450509959e+00,3.601978875252189294e+00,3.601978720865885109e+00,3.601978570155414783e+00,3.601978422991111817e+00,3.601978279249208104e+00,3.601978138811731345e+00,3.601978001566001009e+00,3.601977867404451583e+00,3.601977736225286275e+00,3.601977607928154246e+00,3.601977482420140042e+00,3.601977359610961660e+00,3.601977239414958731e+00,3.601977121749398769e+00,3.601977006535237003e+00,3.601976893696611004e+00,3.601976783160801610e+00,3.601976674858042848e+00,3.601976568721324323e+00
6.048257525696108416e+01,3.050480212113297540e+01,2.051448832904051756e+01,1.552109573668905718e+01,1.252652200338545185e+01,1.053140141062737634e+01,9.107438043537214867e+00,8.040488620765469108e+00,7.211585879525881815e+00,6.549355637565282606e+00,6.008381175217644810e+00,5.558390255986389583e+00,5.178429788459059324e+00,4.853542692453106433e+00,4.572769229298677018e+00,4.327901820807292133e+00,4.112686408080669764e+00,3.922290442291845647e+00,3.752971444300124304e+00,3.602021363997769843e+00,3.602018730525808454e+00,3.602016336464900714e+00,3.602014150585701291e+00,3.602012146860909425e+00,3.602010303436006478e+00,3.602008601809403743e+00,3.602007026230946707e+00,3.602005563193855231e+00,3.602004201055827082e+00,3.602002929727027958e+00,3.602001740419415121e+00,3.602000625441167170e+00,3.601999578039105199e+00,3.601998592249401998e+00,3.601997662790523247e+00,3.601996784968249266e+00,3.601995954595812677e+00,3.601995167927209085e+00,3.601994421600575702e+00,3.601993712590292329e+00,3.601993038165875127e+00,3.601992395856888685e+00,3.601991783422756832e+00,3.601991198826506313e+00,3.601990640212344719e+00,3.601990105885755966e+00,3.601989594296454378e+00,3.601989104023375798e+00,3.601988633761458836e+00,3.601988182310003950e+00,3.601987748562514469e+00,3.601987331497656264e+00,3.601986930171075407e+00,3.601986543708439292e+00,3.601986171298998674e+00,3.601985812189867797e+00,3.601985465681099452e+00,3.601985131120878592e+00,3.601984807901680075e+00,3.601984495459064295e+00,3.601984193255677091e+00,3.601983900802961269e+00,3.601983617634519685e+00,3.601983343315054320e+00,3.601983077436213154e+00,3.601982819612618236e+00,3.601982569488549224e+00,3.601982326719432859e+00,3.601982090987105423e+00,3.601981861989988154e+00,3.601981639443485594e+00,3.601981423078849165e+00,3.601981212641983898e+00,3.601981007892627762e+00,3.601980808603055362e+00,3.601980614558132121e+00,3.601980425552441467e+00,3.601980241395080551e+00,3.601980061898778285e+00,3.601979886889864257e+00,3.601979716202171833e+00,3.601979549677098102e+00,3.601979387166640567e+00,3.601979228521913878e+00,3.601979073612072924e+00,3.601978922304812869e+00,3.601978774475815381e+00,3.601978630006536619e+00,3.601978488783593502e+00,3.601978350700619558e+00,3.601978215651012061e+00,3.601978083539524977e+00,3.601977954264814930e+00,3.601977827741885019e+00,3.601977703884257753e+00,3.601977582606337158e+00,3.601977463828745396e+00,3.601977347475357583e+00,3.601977233472484219e+00,3.601977121749634581e+00
6.358608051177859011e+01,3.205244571514096208e+01,2.154345090825485798e+01,1.629067038272269841e+01,1.314042112535188522e+01,1.104147992822243296e+01,9.543323521650513896e+00,8.420695043300199245e+00,7.548454130193838374e+00,6.851518669487226987e+00,6.282114735316905119e+00,5.808395795916275972e+00,5.408319174785885863e+00,5.066145887463055608e+00,4.770340756851414454e+00,4.512261676464174087e+00,4.285312505096528390e+00,4.084382029928207203e+00,3.905467782042146396e+00,3.745435366339160410e+00,3.602021363997837788e+00,3.602018850232604930e+00,3.602016555054948999e+00,3.602014451142490081e+00,3.602012515547866833e+00,3.602010728838809683e+00,3.602009074482984019e+00,3.602007538294050626e+00,3.602006108049178312e+00,3.602004773150825123e+00,3.602003524380882560e+00,3.602002353655807898e+00,3.602001253882056275e+00,3.602000218802877018e+00,3.601999242873477503e+00,3.601998321160102989e+00,3.601997449269041862e+00,3.601996623266992881e+00,3.601995839624042350e+00,3.601995095163213811e+00,3.601994387017559696e+00,3.601993712593126062e+00,3.601993069537280157e+00,3.601992455711243046e+00,3.601991869166331739e+00,3.601991308125505054e+00,3.601990770956740473e+00,3.601990256170031213e+00,3.601989762392881378e+00,3.601989288365520459e+00,3.601988832930679063e+00,3.601988395012547084e+00,3.601987973619632744e+00,3.601987567833842441e+00,3.601987176803918889e+00,3.601986799739367306e+00,3.601986435905128570e+00,3.601986084616882078e+00,3.601985745236747860e+00,3.601985417169248027e+00,3.601985099858093786e+00,3.601984792783734513e+00,3.601984495456839852e+00,3.601984207421405237e+00,3.601983928248605693e+00,3.601983657535575478e+00,3.601983394903536251e+00,3.601983139995968752e+00,3.601982892477013198e+00,3.601982652030054410e+00,3.601982418356230120e+00,3.601982191173338066e+00,3.601981970214648943e+00,3.601981755227809057e+00,3.601981545973967247e+00,3.601981342226811655e+00,3.601981143771772143e+00,3.601980950405317738e+00,3.601980761934237663e+00,3.601980578174913461e+00,3.601980398952858931e+00,3.601980224102078409e+00,3.601980053464561848e+00,3.601979886889868698e+00,3.601979724234565694e+00,3.601979565361938640e+00,3.601979410141546545e+00,3.601979258448900989e+00,3.601979110165086428e+00,3.601978965176478642e+00,3.601978823374411220e+00,3.601978684655000595e+00,3.601978548918806311e+00,3.601978416070626743e+00,3.601978286019241970e+00,3.601978158677245023e+00,3.601978033960887338e+00,3.601977911789598252e+00,3.601977792086564101e+00,3.601977674777586458e+00
6.669971121197414732e+01,3.360520560571276860e+01,2.257586440621455282e+01,1.706286464634362332e+01,1.375644528547833367e+01,1.155335483265409202e+01,9.980774298471603245e+00,8.802296435990896839e+00,7.886586231822549919e+00,7.154846281525560237e+00,6.556934443119412315e+00,6.059426499385251574e+00,5.639187234535872228e+00,5.279694834744811160e+00,4.968838987986678113e+00,4.697543731814588064e+00,4.458876384481698096e+00,4.247457412512251729e+00,4.059059006114363655e+00,3.890327660526987863e+00,3.738616914705637395e+00,3.602021363997891523e+00,3.602018959523068720e+00,3.602016755425772043e+00,3.602014727656329018e+00,3.602012855869268115e+00,3.602011122732460269e+00,3.602009513391194684e+00,3.602008015039471989e+00,3.602006616577796638e+00,3.602005308339446987e+00,3.602004081865961105e+00,3.602002929724214209e+00,3.602001845355490062e+00,3.602000822950713221e+00,3.601999857346195544e+00,3.601998943936527198e+00,3.601998078601031494e+00,3.601997257641733174e+00,3.601996477730401214e+00,3.601995735863498194e+00,3.601995029323605380e+00,3.601994355646025880e+00,3.601993712590152885e+00,3.601993098114558478e+00,3.601992510355272792e+00,3.601991947607037226e+00,3.601991408306633780e+00,3.601990891018497898e+00,3.601990394421910047e+00,3.601989917299696753e+00,3.601989458528328747e+00,3.601989017069096910e+00,3.601988591960225250e+00,3.601988182309817432e+00,3.601987787289805176e+00,3.601987406130136460e+00,3.601987038113916739e+00,3.601986682572789089e+00,3.601986338883070182e+00,3.601986006462509327e+00,3.601985684764255957e+00,3.601985373278902003e+00,3.601985071527487925e+00,3.601984779060743325e+00,3.601984495456634239e+00,3.601984220318305230e+00,3.601983953272565042e+00,3.601983693966983147e+00,3.601983442070154862e+00,3.601983197269001291e+00,3.601982959267867379e+00,3.601982727787315319e+00,3.601982502563007671e+00,3.601982283344667746e+00,3.601982069895253158e+00,3.601981861989957956e+00,3.601981659415580683e+00,3.601981461969681053e+00,3.601981269459921808e+00,3.601981081703489185e+00,3.601980898526489394e+00,3.601980719763376637e+00,3.601980545256547206e+00,3.601980374855759059e+00,3.601980208417772999e+00,3.601980045805975195e+00,3.601979886889886906e+00,3.601979731544951324e+00,3.601979579652109908e+00,3.601979431097596329e+00,3.601979285772517247e+00,3.601979143572722197e+00,3.601979004400580386e+00,3.601978868156268554e+00,3.601978734750387545e+00,3.601978604095128933e+00,3.601978476106327154e+00,3.601978350703139320e+00,3.601978227808010136e+00
6.982347127080079474e+01,3.516307969263814925e+01,2.361172236136119906e+01,1.783767202420392906e+01,1.437458612594286578e+01,1.206701794140829520e+01,1.041978030109304676e+01,9.185280835259812093e+00,8.225970362725623986e+00,7.459322241261411968e+00,6.832822023258633415e+00,6.311462120552999266e+00,5.871009925526469608e+00,5.494160799937137796e+00,5.168228211002046102e+00,4.883701059581056825e+00,4.633314584841560446e+00,4.411425112555885875e+00,4.213589058369672458e+00,4.036269162920920195e+00,3.876630387018545676e+00,3.732418520828156172e+00,3.602021363997921721e+00,3.602019059709258730e+00,3.602016939768491799e+00,3.602014982900143103e+00,3.602013170985138402e+00,3.602011488492703251e+00,3.602009922034142164e+00,3.602008460006326462e+00,3.602007092305386404e+00,3.602005810081452264e+00,3.602004605567126205e+00,3.602003471908965526e+00,3.602002403031268507e+00,3.602001393535661400e+00,3.602000438607388499e+00,3.601999533937713771e+00,3.601998675662084981e+00,3.601997860300249155e+00,3.601997084712137198e+00,3.601996346059960441e+00,3.601995641756422728e+00,3.601994969470836416e+00,3.601994327064596213e+00,3.601993712589093732e+00,3.601993124261467560e+00,3.601992560447489833e+00,3.601992019646321097e+00,3.601991500480920205e+00,3.601991001671327464e+00,3.601990522046735865e+00,3.601990060521131465e+00,3.601989616089132262e+00,3.601989187818248173e+00,3.601988774842750818e+00,3.601988376357665445e+00,3.601987991613433415e+00,3.601987619911337202e+00,3.601987260596969165e+00,3.601986913065681861e+00,3.601986576745110469e+00,3.601986251101359837e+00,3.601985935633964964e+00,3.601985629873275307e+00,3.601985333378046050e+00,3.601985045733433921e+00,3.601984766548966377e+00,3.601984495456787450e+00,3.601984232110091000e+00,3.601983976181621028e+00,3.601983727362278120e+00,3.601983485359912418e+00,3.601983249898123240e+00,3.601983020715362027e+00,3.601982797563676009e+00,3.601982580208169527e+00,3.601982368425851178e+00,3.601982162005144872e+00,3.601981960744929712e+00,3.601981764454106116e+00,3.601981572950893717e+00,3.601981386062192758e+00,3.601981203623215499e+00,3.601981025476928000e+00,3.601980851473585155e+00,3.601980681470316803e+00,3.601980515330735155e+00,3.601980352924661233e+00,3.601980194127586188e+00,3.601980038820566499e+00,3.601979886889789206e+00,3.601979738226330330e+00,3.601979592725952806e+00,3.601979450288710805e+00,3.601979310818917757e+00,3.601979174224795077e+00,3.601979040418308298e+00,3.601978909314989874e+00,3.601978780833719807e+00
7.295737444519728854e+01,3.672607123589614275e+01,2.465102602959251143e+01,1.861509038767188073e+01,1.499483848587057189e+01,1.258246295172229168e+01,1.086033426295587390e+01,9.569639614781316084e+00,8.566596457624626737e+00,7.764936378305556275e+00,7.109764113465492308e+00,6.564485629835085767e+00,6.103769036713433849e+00,5.709521858583530118e+00,5.368480316620376946e+00,5.070701300103713116e+00,4.808584922795544614e+00,4.576226739054981785e+00,4.368971947841472137e+00,4.183109481089514858e+00,4.015650962781668554e+00,3.864178903827645062e+00,3.726759278252926855e+00,3.602021363997972792e+00,3.602019151880200720e+00,3.602017109930605976e+00,3.602015219240558341e+00,3.602013463594329945e+00,3.602011829028713752e+00,3.602010303431241844e+00,3.602008876262218884e+00,3.602007538291211119e+00,3.602006281409336541e+00,3.602005098464442945e+00,3.602003983113794217e+00,3.602002929727046610e+00,3.602001933280138957e+00,3.602000989277807541e+00,3.602000093685838511e+00,3.601999242873471729e+00,3.601998433560854362e+00,3.601997662789828247e+00,3.601996927868832632e+00,3.601996226353304742e+00,3.601995556017593803e+00,3.601994914827987948e+00,3.601994300916939729e+00,3.601993712593117625e+00,3.601993148274938772e+00,3.601992606533175767e+00,3.601992086036242213e+00,3.601991585559110032e+00,3.601991103970112462e+00,3.601990640212434869e+00,3.601990193320872891e+00,3.601989762389411709e+00,3.601989346579667739e+00,3.601988945107036155e+00,3.601988557244101052e+00,3.601988182310166930e+00,3.601987819668984958e+00,3.601987468725812214e+00,3.601987128923478831e+00,3.601986799738804645e+00,3.601986480684113534e+00,3.601986171297739237e+00,3.601985871146759610e+00,3.601985579825261130e+00,3.601985296946474513e+00,3.601985022149928994e+00,3.601984755094115975e+00,3.601984495456618252e+00,3.601984242932383840e+00,3.601983997233154877e+00,3.601983758085870679e+00,3.601983525231949201e+00,3.601983298426469027e+00,3.601983077436263780e+00,3.601982862043071165e+00,3.601982652028844267e+00,3.601982447207058957e+00,3.601982247377261803e+00,3.601982052361707431e+00,3.601981861992169964e+00,3.601981676102458341e+00,3.601981494529557626e+00,3.601981317134821392e+00,3.601981143771794791e+00,3.601980974304571870e+00,3.601980808603295614e+00,3.601980646543789799e+00,3.601980488007356929e+00,3.601980332879206603e+00,3.601980181052669927e+00,3.601980032422559042e+00,3.601979886888857507e+00,3.601979744355861435e+00,3.601979604732560514e+00,3.601979467929092404e+00,3.601979333861896393e+00
7.610144399711380458e+01,3.829418866271213062e+01,2.569377747116096700e+01,1.939512038803266236e+01,1.561720202520909595e+01,1.309968707667077936e+01,1.130243134338220123e+01,9.955367076938479443e+00,8.908455737849877210e+00,8.071678303364953067e+00,7.387751203005120004e+00,6.818486050640609974e+00,6.337448826483567998e+00,5.925760047702518740e+00,5.569575786690234231e+00,5.258519097626167316e+00,4.984655411114132129e+00,4.741820666854933641e+00,4.525151858074413447e+00,4.330767307755928108e+00,4.155534649827560933e+00,3.996908313262766299e+00,3.852810737120242024e+00,3.721571535209871051e+00,3.602021363997674808e+00,3.602019236962616056e+00,3.602017267488373253e+00,3.602015438692086846e+00,3.602013736021945078e+00,3.602012146860934294e+00,3.602010660226417915e+00,3.602009266506573937e+00,3.602007957254614201e+00,3.602006725015062916e+00,3.602005563191453597e+00,3.602004465913651199e+00,3.602003427947053193e+00,3.602002444611325682e+00,3.602001511702307646e+00,3.602000625443018134e+00,3.601999782412445228e+00,3.601998979526202405e+00,3.601998213983542918e+00,3.601997483238259523e+00,3.601996784970539434e+00,3.601996117062336467e+00,3.601995477571740878e+00,3.601994864730420520e+00,3.601994276903966341e+00,3.601993712589638186e+00,3.601993170408710920e+00,3.601992649077637498e+00,3.601992147418926926e+00,3.601991664340602028e+00,3.601991198828767171e+00,3.601990749942354686e+00,3.601990316806360948e+00,3.601989898606087426e+00,3.601989494582629181e+00,3.601989104026106947e+00,3.601988726274731434e+00,3.601988360708854753e+00,3.601988006748254811e+00,3.601987663848925880e+00,3.601987331500356770e+00,3.601987009222951119e+00,3.601986696565739887e+00,3.601986393103760786e+00,3.601986098438357153e+00,3.601985812191939473e+00,3.601985534008831813e+00,3.601985263553030059e+00,3.601985000506953583e+00,3.601984744570238206e+00,3.601984495458516733e+00,3.601984252902354910e+00,3.601984016646350373e+00,3.601983786448211156e+00,3.601983562075118162e+00,3.601983343314182129e+00,3.601983129954589469e+00,3.601982921798863924e+00,3.601982718658978566e+00,3.601982520355781592e+00,3.601982326721782535e+00,3.601982137583731092e+00,3.601981952798171349e+00,3.601981772214938982e+00,3.601981595684253357e+00,3.601981423078790545e+00,3.601981254266766186e+00,3.601981089123654112e+00,3.601980927532937748e+00,3.601980769381294412e+00,3.601980614558371041e+00,3.601980462960384877e+00,3.601980314490673685e+00,3.601980169048775604e+00,3.601980026545130720e+00,3.601979886891578886e+00
7.925571016266118818e+01,3.986744454657694803e+01,2.673998237738892669e+01,2.017776256022651893e+01,1.624167614923526770e+01,1.361868794983586639e+01,1.174606885315338722e+01,1.034245800524979053e+01,9.251544258216435779e+00,8.379542780661763501e+00,7.666774379809084827e+00,7.073453672050257879e+00,6.572039410226297562e+00,6.142861973142059284e+00,5.771498284400035317e+00,5.447134498760535237e+00,5.161502824758628094e+00,4.908177006402353548e+00,4.682089193808234739e+00,4.479188398411233507e+00,4.296203328332616422e+00,4.130468532963916140e+00,3.979796278758047201e+00,3.842390555674399799e+00,3.716799268464388906e+00,3.602021363998877845e+00,3.602019315741945338e+00,3.602017413792172995e+00,3.602015643015259005e+00,3.602013990287729950e+00,3.602012444184889528e+00,3.602010994719192727e+00,3.602009633094713781e+00,3.602008351568096511e+00,3.602007143271571010e+00,3.602006002102626336e+00,3.602004922617414895e+00,3.602003899948277965e+00,3.602002929728771896e+00,3.602002008013045486e+00,3.602001131261259648e+00,3.602000296259574519e+00,3.601999500095197426e+00,3.601998740120127884e+00,3.601998013921705599e+00,3.601997319297164157e+00,3.601996654231082395e+00,3.601996016873126205e+00,3.601995405532577355e+00,3.601994818649117747e+00,3.601994254776900384e+00,3.601993712592522989e+00,3.601993190867938122e+00,3.601992688466518100e+00,3.601992204334220293e+00,3.601991737492948431e+00,3.601991287031518496e+00,3.601990852103242435e+00,3.601990431918291602e+00,3.601990025739482792e+00,3.601989632878066505e+00,3.601989252689535181e+00,3.601988884570535010e+00,3.601988527954579578e+00,3.601988182312072961e+00,3.601987847143556465e+00,3.601987521980064777e+00,3.601987206380227402e+00,3.601986899928196095e+00,3.601986602231928014e+00,3.601986312921515943e+00,3.601986031647465225e+00,3.601985758079552458e+00,3.601985491905979497e+00,3.601985232826613537e+00,3.601984980568196271e+00,3.601984734861926718e+00,3.601984495455846425e+00,3.601984262111626922e+00,3.601984034600251849e+00,3.601983812708406507e+00,3.601983596226601581e+00,3.601983384961115586e+00,3.601983178723319856e+00,3.601982977339555525e+00,3.601982780641107329e+00,3.601982588464990975e+00,3.601982400653304772e+00,3.601982217065967440e+00,3.601982037556177296e+00,3.601981861991682354e+00,3.601981690243833967e+00,3.601981522189487972e+00,3.601981357710773768e+00,3.601981196694748810e+00,3.601981039031665333e+00,3.601980884620528123e+00,3.601980733361314968e+00,3.601980585157610548e+00,3.601980439917931154e+00
8.242021377576364216e+01,4.144585468101615078e+01,2.778965008926747871e+01,2.096302507682345606e+01,1.686826413839534666e+01,1.413946637549672047e+01,1.219124644906936439e+01,1.073091165756572352e+01,9.595858366252365101e+00,8.688524791894698396e+00,7.946827901295225871e+00,7.329380537014747787e+00,6.807531667484227000e+00,6.360818072196726014e+00,5.974235433377474536e+00,5.636532461439821340e+00,5.339107673709392543e+00,5.075274470164650609e+00,4.839755640212647592e+00,4.628336029290174736e+00,4.437605896796153360e+00,4.264784667046352951e+00,4.107583959876862423e+00,3.964111751371286019e+00,3.832804540143474270e+00,3.712394324024813841e+00,3.602021363998440417e+00,3.602019388893807683e+00,3.602017550008589364e+00,3.602015833714584669e+00,3.602014228149240882e+00,3.602012722930404198e+00,3.602011308937242084e+00,3.602009978121138101e+00,3.602008723351652897e+00,3.602007538291616129e+00,3.602006417287782369e+00,3.602005355285212485e+00,3.602004347749362179e+00,3.602003390583091047e+00,3.602002480110097604e+00,3.602001612990796353e+00,3.602000786204690108e+00,3.601999996999774023e+00,3.601999242870632223e+00,3.601998521529724329e+00,3.601997830884156482e+00,3.601997169015526801e+00,3.601996534161905572e+00,3.601995924702456886e+00,3.601995339143365893e+00,3.601994776105767571e+00,3.601994234314884746e+00,3.601993712593067887e+00,3.601993209840323118e+00,3.601992725043029253e+00,3.601992257256152907e+00,3.601991805599835672e+00,3.601991369253938480e+00,3.601990947452900826e+00,3.601990539480689257e+00,3.601990144669574345e+00,3.601989762392111327e+00,3.601989392060847894e+00,3.601989033124367356e+00,3.601988685064767992e+00,3.601988347394996293e+00,3.601988019656700679e+00,3.601987701418052801e+00,3.601987392271965849e+00,3.601987091834927934e+00,3.601986799739367306e+00,3.601986515649615139e+00,3.601986239237936260e+00,3.601985970200585196e+00,3.601985708239940465e+00,3.601985453081165023e+00,3.601985204469465796e+00,3.601984962149495484e+00,3.601984725884062044e+00,3.601984495456751478e+00,3.601984270648688202e+00,3.601984051259910391e+00,3.601983837091849328e+00,3.601983627963540879e+00,3.601983423698715381e+00,3.601983224129654992e+00,3.601983029096234024e+00,3.601982838446322610e+00,3.601982652030089493e+00,3.601982469715452329e+00,3.601982291359617339e+00,3.601982116842930015e+00,3.601981946038110838e+00,3.601981778829212999e+00,3.601981615104652423e+00,3.601981454752603007e+00,3.601981297674699434e+00,3.601981143770761395e+00,3.601980992948297544e+00
8.559499846228487741e+01,4.302944094968078304e+01,2.884279411048061448e+01,2.175091252022246735e+01,1.749697064564925952e+01,1.466202640147645475e+01,1.263796412275032743e+01,1.112072774283825183e+01,9.941396565686554609e+00,8.998622101191209310e+00,8.227908563460687219e+00,7.586262884005573248e+00,7.043919248047623149e+00,6.579620726347435777e+00,6.177778129199011481e+00,5.826702673438004965e+00,5.517457278390851094e+00,5.243094842278406276e+00,4.998130607093660416e+00,4.778182909725496863e+00,4.579706903203254242e+00,4.399807788134626030e+00,4.236101210798585370e+00,4.086608645955079666e+00,3.949683434533448168e+00,3.823956828383897388e+00,3.708316200947352925e+00,3.602021363998570092e+00,3.602019457000734448e+00,3.602017677141499785e+00,3.602016012110739851e+00,3.602014451144416540e+00,3.602012984779778826e+00,3.602011604674163259e+00,3.602010303431766314e+00,3.602009074480597484e+00,3.602007911958142738e+00,3.602006810622136790e+00,3.602005765765470269e+00,3.602004773151024519e+00,3.602003828956795939e+00,3.602002929724217761e+00,3.602002072316409453e+00,3.602001253881671694e+00,3.602000471821828143e+00,3.601999723764583994e+00,3.601999007539552711e+00,3.601998321157239946e+00,3.601997662790542787e+00,3.601997030758508522e+00,3.601996423512045631e+00,3.601995839621193518e+00,3.601995277763983427e+00,3.601994736716275458e+00,3.601994215343058858e+00,3.601993712593068331e+00,3.601993227480750015e+00,3.601992759096463548e+00,3.601992306588865045e+00,3.601991869165557247e+00,3.601991446083992798e+00,3.601991036650233902e+00,3.601990640214353334e+00,3.601990256167121096e+00,3.601989883936711490e+00,3.601989522985997727e+00,3.601989172809955786e+00,3.601988832931622309e+00,3.601988502906035006e+00,3.601988182309445286e+00,3.601987870744304043e+00,3.601987567833919712e+00,3.601987273225539798e+00,3.601986986575874461e+00,3.601986707571309676e+00,3.601986435908413497e+00,3.601986171301727602e+00,3.601985913477620205e+00,3.601985662184970405e+00,3.601985417171916559e+00,3.601985178209140326e+00,3.601984945074752531e+00,3.601984717558031956e+00,3.601984495458421254e+00,3.601984278582079035e+00,3.601984066755260727e+00,3.601983859792463161e+00,3.601983657536854011e+00,3.601983459825087497e+00,3.601983266505321968e+00,3.601983077436125669e+00,3.601982892476034426e+00,3.601982711494393641e+00,3.601982534366852562e+00,3.601982360965007679e+00,3.601982191173166203e+00,3.601982024886451583e+00,3.601981861992342715e+00,3.601981702388291406e+00,3.601981545973974796e+00
8.878011850265652072e+01,4.461822907290120099e+01,2.989942754445811346e+01,2.254143745695414935e+01,1.812780175053513076e+01,1.518637173524086492e+01,1.308622597542725075e+01,1.151190628793245629e+01,1.028815891406120642e+01,9.309832386118856107e+00,8.510013867413483979e+00,7.844095920612907946e+00,7.281197688090127684e+00,6.799262749790693228e+00,6.382118271968270307e+00,6.017634729629101287e+00,5.696540901027244530e+00,5.411624931000710959e+00,5.157197803884788989e+00,4.928709628698248579e+00,4.722481068872290244e+00,4.535503969480654263e+00,4.365300630411651284e+00,4.209810087104521870e+00,4.067312504167300169e+00,3.936365443017573629e+00,3.815764459661737273e+00,3.704528852496674851e+00,3.602021363997939041e+00,3.602019520565877375e+00,3.602017796072253031e+00,3.602016179357120595e+00,3.602014660626327913e+00,3.602013231227205736e+00,3.602011883511853974e+00,3.602010610669583279e+00,3.602009406628513766e+00,3.602008265959753874e+00,3.602007183786108957e+00,3.602006155721144243e+00,3.602005177805684522e+00,3.602004246457635173e+00,3.602003358428115476e+00,3.602002510763568033e+00,3.602001700773015180e+00,3.602000925999430780e+00,3.602000184194922738e+00,3.601999473298956644e+00,3.601998791419144030e+00,3.601998136814536178e+00,3.601997507880700500e+00,3.601996903136629680e+00,3.601996321213059904e+00,3.601995760842245708e+00,3.601995220848555945e+00,3.601994700140297212e+00,3.601994197704613043e+00,3.601993712592309382e+00,3.601993243924471511e+00,3.601992790878897122e+00,3.601992352687290566e+00,3.601991928630893014e+00,3.601991518036590900e+00,3.601991120273382307e+00,3.601990734749035639e+00,3.601990360907238120e+00,3.601989998225699541e+00,3.601989646207178541e+00,3.601989304398594882e+00,3.601988972349599472e+00,3.601988649660389452e+00,3.601988335931506136e+00,3.601988030798209284e+00,3.601987733908209588e+00,3.601987444942023053e+00,3.601987163574562167e+00,3.601986889519898316e+00,3.601986622489375289e+00,3.601986362219739224e+00,3.601986108456864510e+00,3.601985860960480235e+00,3.601985619496833824e+00,3.601985383855310641e+00,3.601985153823263452e+00,3.601984929204020247e+00,3.601984709808450535e+00,3.601984495458713020e+00,3.601984285975542655e+00,3.601984081205970689e+00,3.601983880983568920e+00,3.601983685159388937e+00,3.601983493595990016e+00,3.601983306151573583e+00,3.601983122691246209e+00,3.601982943097461920e+00,3.601982767244317429e+00,3.601982595015670086e+00,3.601982426303290907e+00,3.601982260998361163e+00,3.601982099001001636e+00
9.197563864142807688e+01,4.621224367931436205e+01,3.095956965267141214e+01,2.333461029642889528e+01,1.876076693990175670e+01,1.571250805005602480e+01,1.353603572524827392e+01,1.190445137473403037e+01,1.063614688115134399e+01,9.622157244867825199e+00,8.793143552679921982e+00,8.102879258563271847e+00,7.519364237776271054e+00,7.019741496061995711e+00,6.587250820909212656e+00,6.209323379436020751e+00,5.876349209624675218e+00,5.580855557283681101e+00,5.316944725755236689e+00,5.079900607942337665e+00,4.865908155148472858e+00,4.671849079061577648e+00,4.495150117080733310e+00,4.333672104664946900e+00,4.185625282726186391e+00,4.049503296746200576e+00,3.924035861905581513e+00,3.808158454626848322e+00,3.701003614737667036e+00,3.602021363996068537e+00,3.602019580034000690e+00,3.602017907569862842e+00,3.602016336467342317e+00,3.602014857784267665e+00,3.602013463595977072e+00,3.602012146862588526e+00,3.602010901299657064e+00,3.602009721296723477e+00,3.602008601806730326e+00,3.602007538291263522e+00,3.602006526654574881e+00,3.602005563191062798e+00,3.602004644539831713e+00,3.602003767645482135e+00,3.602002929724197333e+00,3.602002128234273570e+00,3.602001360850302536e+00,3.602000625440661352e+00,3.601999920047751047e+00,3.601999242870539852e+00,3.601998592249342046e+00,3.601997966652058736e+00,3.601997364662163026e+00,3.601996784968216403e+00,3.601996226354021946e+00,3.601995687690349168e+00,3.601995167927139807e+00,3.601994666088864427e+00,3.601994181260091743e+00,3.601993712592260533e+00,3.601993259290608762e+00,3.601992820611543689e+00,3.601992395858839124e+00,3.601991984379653289e+00,3.601991585561366005e+00,3.601991198826961060e+00,3.601990823637339023e+00,3.601990459486869245e+00,3.601990105885741311e+00,3.601989762392788119e+00,3.601989428572915486e+00,3.601989104026109167e+00,3.601988788370865446e+00,3.601988481244498441e+00,3.601988182312735987e+00,3.601987891244644580e+00,3.601987607737394903e+00,3.601987331499575617e+00,3.601987062253262373e+00,3.601986799742650014e+00,3.601986543708542765e+00,3.601986293921701332e+00,3.601986050153231034e+00,3.601985812191466518e+00,3.601985579824546591e+00,3.601985352866979628e+00,3.601985131123579542e+00,3.601984914419803285e+00,3.601984702583078679e+00,3.601984495459167768e+00,3.601984292882478567e+00,3.601984094714214990e+00,3.601983900801841720e+00,3.601983711019900447e+00,3.601983525234390804e+00,3.601983343317313402e+00,3.601983165150544952e+00,3.601982990618778135e+00,3.601982819613889664e+00,3.601982652030152554e+00
9.518161883710372706e+01,4.781152140585600563e+01,3.202323829428983970e+01,2.413044484322627170e+01,1.939587567133990120e+01,1.624044343192854356e+01,1.398739931792435520e+01,1.229836666340374762e+01,1.098536323357743072e+01,9.935597881058971126e+00,9.077297394109253403e+00,8.362612144736754516e+00,7.758417141936736705e+00,7.241053980969089920e+00,6.793173046613320665e+00,6.401763487938066710e+00,6.056877750105935654e+00,5.750778751562607205e+00,5.477362375165632180e+00,5.231744229340086427e+00,5.009974764974566064e+00,4.808823791293876937e+00,4.625625838564747738e+00,4.458163294231802354e+00,4.304577934929176841e+00,4.163303535138216382e+00,4.033014421383435355e+00,3.912587317015651767e+00,3.801076962448868279e+00,3.697713241260258688e+00,3.602021363997614412e+00,3.602019635782845342e+00,3.602018012310048700e+00,3.602016484333963486e+00,3.602015043676070949e+00,3.602013683047223580e+00,3.602012395970054737e+00,3.602011176633675316e+00,3.602010019827353027e+00,3.602008920861348162e+00,3.602007875503403511e+00,3.602006879924493088e+00,3.602005930651565713e+00,3.602005024527398458e+00,3.602004158675423895e+00,3.602003330469159881e+00,3.602002537505710311e+00,3.602001777582374498e+00,3.602001048676360284e+00,3.602000348926589712e+00,3.601999676618007129e+00,3.601999030167447824e+00,3.601998408111256822e+00,3.601997809094183545e+00,3.601997231859519477e+00,3.601996675240370482e+00,3.601996138151760452e+00,3.601995619583422847e+00,3.601995118595696432e+00,3.601994634305634158e+00,3.601994165893888766e+00,3.601993712592231667e+00,3.601993273681101115e+00,3.601992848485951804e+00,3.601992436371280082e+00,3.601992036747247106e+00,3.601991649055502620e+00,3.601991272759806240e+00,3.601990907378398887e+00,3.601990552432707826e+00,3.601990207485807005e+00,3.601989872120611391e+00,3.601989545940746495e+00,3.601989228581329527e+00,3.601988919683370760e+00,3.601988618911487805e+00,3.601988325954098347e+00,3.601988040510682776e+00,3.601987762289131645e+00,3.601987491025060439e+00,3.601987226461849545e+00,3.601986968346422735e+00,3.601986716451974324e+00,3.601986470559298770e+00,3.601986230446483805e+00,3.601985995920132133e+00,3.601985766787993981e+00,3.601985542860755451e+00,3.601985323963302843e+00,3.601985109932514195e+00,3.601984900605597506e+00,3.601984695831511818e+00,3.601984495456517887e+00,3.601984299349393126e+00,3.601984107366663412e+00,3.601983919386110067e+00,3.601983735280934074e+00,3.601983554932667975e+00,3.601983378232935351e+00,3.601983205062482707e+00
9.839813859930903561e+01,4.941609338681268326e+01,3.309045782564113836e+01,2.492895826788730318e+01,2.003313927591850785e+01,1.677018698184820522e+01,1.444032228789130912e+01,1.269365746955923235e+01,1.133581194171945938e+01,1.025015710263964586e+01,9.362477045791720798e+00,8.623294148225445710e+00,7.998356560452638320e+00,7.463199740757106682e+00,6.999882209931801214e+00,6.594951615220142394e+00,6.238120898528856095e+00,5.921388899547791240e+00,5.638442536008679618e+00,5.384231546053377393e+00,5.154669633663048423e+00,4.946415418235264205e+00,4.756711101811965214e+00,4.583261169869135010e+00,4.424140667507185043e+00,4.277725551518555491e+00,4.142638393484129544e+00,4.017705808726613093e+00,3.901929913630390434e+00,3.794468815582550558e+00,3.694634945341093601e+00,3.602021363998137549e+00,3.602019688152942489e+00,3.602018110886888280e+00,3.602016623752858138e+00,3.602015219235916277e+00,3.602013890640364036e+00,3.602012631970517464e+00,3.602011437849721887e+00,3.602010303434150185e+00,3.602009224352050065e+00,3.602008196659120642e+00,3.602007216765050757e+00,3.602006281412076127e+00,3.602005387629394040e+00,3.602004532706821749e+00,3.602003714161134962e+00,3.602002929724203550e+00,3.602002177305082764e+00,3.602001454982675988e+00,3.602000760986684202e+00,3.602000093682846238e+00,3.601999451560307985e+00,3.601998833220123153e+00,3.601998237365005462e+00,3.601997662790440202e+00,3.601997108376382428e+00,3.601996573080017416e+00,3.601996055929330254e+00,3.601995556018974032e+00,3.601995072497208294e+00,3.601994604572904546e+00,3.601994151503335129e+00,3.601993712592212127e+00,3.601993287184225956e+00,3.601992874671846145e+00,3.601992474467390792e+00,3.601992086037443030e+00,3.601991708868140574e+00,3.601991342472929514e+00,3.601990986398557304e+00,3.601990640212336725e+00,3.601990303514819747e+00,3.601989975917073483e+00,3.601989657051820615e+00,3.601989346579574924e+00,3.601989044174614740e+00,3.601988749518359345e+00,3.601988462324289042e+00,3.601988182312719999e+00,3.601987909212367445e+00,3.601987642773193166e+00,3.601987382754132216e+00,3.601987128925082438e+00,3.601986881067561264e+00,3.601986638978680322e+00,3.601986402450136460e+00,3.601986171298166894e+00,3.601985945345389961e+00,3.601985724410361023e+00,3.601985508328387819e+00,3.601985296948697624e+00,3.601985090110195298e+00,3.601984887675409919e+00,3.601984689501450898e+00,3.601984495456553415e+00,3.601984305417280652e+00,3.601984119251682159e+00,3.601983936844878720e+00,3.601983758088325160e+00
1.016252762948620187e+02,5.102600160817563335e+01,3.416125217220571386e+01,2.573016536730736092e+01,2.067257224505891955e+01,1.730174875824282665e+01,1.489481454400961091e+01,1.309033028103553598e+01,1.168749810480535700e+01,1.056583881901151045e+01,9.648686544115188113e+00,8.884928500761676062e+00,8.239183425503805225e+00,7.686177164348258373e+00,7.207377747517961453e+00,6.788886838049345229e+00,6.420075936867137401e+00,6.092681988966740292e+00,5.800181586521121702e+00,5.537356005249840507e+00,5.299984304216209807e+00,5.084613286960693479e+00,4.888392888083838983e+00,4.708948914489236692e+00,4.544291894455625425e+00,4.392740104507610432e+00,4.252866028044954838e+00,4.123451355332593771e+00,4.003454244563235953e+00,3.891984023220868671e+00,3.788286863344240807e+00,3.691749615157150721e+00,3.602021363964086564e+00,3.602019737442446967e+00,3.602018203832817012e+00,3.602016755425512695e+00,3.602015385312636209e+00,3.602014087308902823e+00,3.602012855872908759e+00,3.602011686001869162e+00,3.602010573201500865e+00,3.602009513391375872e+00,3.602008502879469720e+00,3.602007538292117950e+00,3.602006616577630105e+00,3.602005734938785952e+00,3.602004890817886551e+00,3.602004081865779916e+00,3.602003305936545274e+00,3.602002561038844863e+00,3.602001845354357634e+00,3.602001157201260018e+00,3.602000495012394499e+00,3.601999857346078748e+00,3.601999242870450146e+00,3.601998650340445529e+00,3.601998078600945785e+00,3.601997526576628861e+00,3.601996993264953151e+00,3.601996477730362578e+00,3.601995979100515832e+00,3.601995496553600962e+00,3.601995029325621100e+00,3.601994576696657901e+00,3.601994137995984779e+00,3.601993712589316221e+00,3.601993299882117583e+00,3.601992899316409424e+00,3.601992510358052790e+00,3.601992132512981559e+00,3.601991765308973470e+00,3.601991408306965514e+00,3.601991061088707813e+00,3.601990723250009463e+00,3.601990394422156516e+00,3.601990074250741802e+00,3.601989762390194638e+00,3.601989458528631616e+00,3.601989162362412955e+00,3.601988873597685714e+00,3.601988591963135811e+00,3.601988317194260159e+00,3.601988049050247831e+00,3.601987787292708632e+00,3.601987531689239574e+00,3.601987282034530669e+00,3.601987038116603035e+00,3.601986799742469270e+00,3.601986566722556571e+00,3.601986338885386107e+00,3.601986116051925091e+00,3.601985898064268721e+00,3.601985684764521967e+00,3.601985476002708797e+00,3.601985271640961717e+00,3.601985071532106009e+00,3.601984875547036058e+00,3.601984683563808076e+00,3.601984495459015445e+00,3.601984311116421367e+00
1.048631184682778041e+02,5.264128435778822279e+01,3.523564697855259453e+01,2.653408925933536011e+01,2.131418890337974403e+01,1.783514056330702502e+01,1.535088454764439980e+01,1.348839270386659628e+01,1.204042789042021333e+01,1.088264797028859121e+01,9.935928115443953601e+00,9.147517777535005834e+00,8.480899413569185086e+00,7.909989441317721415e+00,7.415659765563727746e+00,6.983566845056441430e+00,6.602742365697150007e+00,6.264655829129821107e+00,5.962574792431167836e+00,5.691112819038212756e+00,5.445912653108470280e+00,5.223409788980939439e+00,5.020660160542275818e+00,4.835214320225539097e+00,4.665015495840629356e+00,4.508326462998019757e+00,4.363670502900635739e+00,4.229785807885594551e+00,4.105590535522610551e+00,3.990154844818570190e+00,3.882681434960525202e+00,3.782492292958480107e+00,3.689039365216587818e+00,3.602021363971496193e+00,3.602019783915410667e+00,3.602018291616433388e+00,3.602016879983841235e+00,3.602015542644534829e+00,3.602014273889460938e+00,3.602013068573251875e+00,3.602011922050426751e+00,3.602010830124687146e+00,3.602009788986604732e+00,3.602008795172973787e+00,3.602007845528828245e+00,3.602006937173563461e+00,3.602006067471756001e+00,3.602005234007493062e+00,3.602004434562174673e+00,3.602003667094904493e+00,3.602002929726997316e+00,3.602002220714338510e+00,3.602001538457463958e+00,3.602000881475027505e+00,3.602000248378956382e+00,3.601999637890477501e+00,3.601999048825535787e+00,3.601998480073210995e+00,3.601997930600592035e+00,3.601997399443734871e+00,3.601996885701828077e+00,3.601996388534264515e+00,3.601995907147876874e+00,3.601995440802409743e+00,3.601994988809590570e+00,3.601994550511682380e+00,3.601994125297823590e+00,3.601993712592909791e+00,3.601993311848123991e+00,3.601992922553012288e+00,3.601992544221691350e+00,3.601992176404011925e+00,3.601991818659111111e+00,3.601991470587025290e+00,3.601991131795587719e+00,3.601990801916593821e+00,3.601990480608432410e+00,3.601990167541568866e+00,3.601989862397783071e+00,3.601989564882827288e+00,3.601989274710421185e+00,3.601988991619319069e+00,3.601988715349536463e+00,3.601988445657170246e+00,3.601988182310507991e+00,3.601987925090377463e+00,3.601987673781190225e+00,3.601987428180942974e+00,3.601987188104639692e+00,3.601986953359279209e+00,3.601986723774992960e+00,3.601986499181313750e+00,3.601986279417941361e+00,3.601986064329745219e+00,3.601985853775745205e+00,3.601985647600739693e+00,3.601985445678993703e+00,3.601985247878105589e+00,3.601985054070104830e+00,3.601984864141286824e+00
1.081117579547832577e+02,5.426199137301738062e+01,3.631367376673979663e+01,2.734074839439876570e+01,2.195800527377449995e+01,1.837037437520636374e+01,1.580854283958315243e+01,1.388785342134207568e+01,1.239460848804142934e+01,1.120059049528813588e+01,1.022420786244570223e+01,9.411066262166372098e+00,8.723507650882886821e+00,8.134636988191145335e+00,7.624729433973899795e+00,7.178994286667884417e+00,6.786118950420975793e+00,6.437309062830330220e+00,6.125620193144043490e+00,5.845498800348052804e+00,5.592450278189554425e+00,5.362798454198183684e+00,5.153506949696997630e+00,4.962047730222492348e+00,4.786299762581643691e+00,4.624469376136848275e+00,4.475031429538562477e+00,4.336682097384332302e+00,4.208301504066468191e+00,4.088923319335797224e+00,3.977715488308714686e+00,3.873960607827984237e+00,3.777049418263901615e+00,3.686489027066156332e+00,3.602021363968151757e+00,3.602019827805805985e+00,3.602018374653790822e+00,3.602016997981640767e+00,3.602015691909508099e+00,3.602014451141926976e+00,3.602013270898958286e+00,3.602012146858189823e+00,3.602011075098380033e+00,3.602010052054941180e+00,3.602009074480086781e+00,3.602008139408474197e+00,3.602007244127161112e+00,3.602006386149233741e+00,3.602005563190814552e+00,3.602004773150730532e+00,3.602004014095701034e+00,3.602003284229249758e+00,3.602002581910610957e+00,3.602001905598688491e+00,3.602001253884455689e+00,3.602000625443512405e+00,3.602000019053127389e+00,3.601999433569778475e+00,3.601998867936196280e+00,3.601998321157115157e+00,3.601997792305173807e+00,3.601997280512949207e+00,3.601996784970131316e+00,3.601996304909349522e+00,3.601995839624001938e+00,3.601995388433083090e+00,3.601994950713102828e+00,3.601994525869434582e+00,3.601994113338051751e+00,3.601993712590801255e+00,3.601993323135675773e+00,3.601992944496234639e+00,3.601992576234093413e+00,3.601992217919465666e+00,3.601991869163682303e+00,3.601991529585036655e+00,3.601991198829272545e+00,3.601990876551892207e+00,3.601990562433373899e+00,3.601990256167869831e+00,3.601989957461711800e+00,3.601989666046475858e+00,3.601989381648406763e+00,3.601989104022599975e+00,3.601988832933949780e+00,3.601988568143947855e+00,3.601988309442960556e+00,3.601988056624194634e+00,3.601987809482514624e+00,3.601987567834791903e+00,3.601987331497753964e+00,3.601987100298737143e+00,3.601986874071114730e+00,3.601986652657544141e+00,3.601986435908412165e+00,3.601986223671789222e+00,3.601986015807948416e+00,3.601985812189332226e+00,3.601985612684247329e+00,3.601985417169227599e+00
1.113712972968089900e+02,5.588816832437433391e+01,3.739536210340530431e+01,2.815016592820049368e+01,2.260403833417295516e+01,1.890746623302183238e+01,1.626780190522127612e+01,1.428872216310195498e+01,1.275004806960138204e+01,1.151967324805939086e+01,1.051353112133758927e+01,9.675577658907512202e+00,8.967012152448230466e+00,8.360123687644870571e+00,7.834589465085601390e+00,7.375168743259157722e+00,6.970206986396719095e+00,6.610641278096052176e+00,6.289317431367592803e+00,6.000512219533938207e+00,5.739594251069384256e+00,5.502775235034406798e+00,5.286926420652378944e+00,5.089442250062740314e+00,4.908135517237729673e+00,4.741157210826386859e+00,4.586934303537061552e+00,4.444121327551659562e+00,4.311559915496854245e+00,4.188252573910300924e+00,4.073333999359352475e+00,3.966055323722202264e+00,3.865769912029108468e+00,3.771927664068542185e+00,3.684083921249481808e+00,3.602021363973424872e+00,3.602019869323717760e+00,3.602018453319195679e+00,3.602017109932500905e+00,3.602015833711960546e+00,3.602014619747873958e+00,3.602013463591642317e+00,3.602012361210116698e+00,3.602011308936843736e+00,3.602010303431288918e+00,3.602009341643341855e+00,3.602008420782572884e+00,3.602007538290994404e+00,3.602006691819466866e+00,3.602005879206815919e+00,3.602005098461336541e+00,3.602004347744527379e+00,3.602003625359737171e+00,3.602002929726998648e+00,3.602002259387688365e+00,3.602001612989471191e+00,3.602000989277752918e+00,3.602000387069359544e+00,3.601999805271827615e+00,3.601999242870442597e+00,3.601998698908491559e+00,3.601998172493629635e+00,3.601997662793324118e+00,3.601997169015059175e+00,3.601996690433507453e+00,3.601996226356765529e+00,3.601995776127234983e+00,3.601995339146121911e+00,3.601994914827938210e+00,3.601994502630475825e+00,3.601994102047076929e+00,3.601993712593066110e+00,3.601993333803796826e+00,3.601992965255277124e+00,3.601992606534374364e+00,3.601992257256140029e+00,3.601991917044847558e+00,3.601991585562184017e+00,3.601991262468861699e+00,3.601990947450165237e+00,3.601990640215107842e+00,3.601990340468704144e+00,3.601990047946027396e+00,3.601989762392610039e+00,3.601989483555230187e+00,3.601989211199539742e+00,3.601988945109686480e+00,3.601988685062815332e+00,3.601988430862104185e+00,3.601988182310103426e+00,3.601987939220870683e+00,3.601987701416166754e+00,3.601987468725012853e+00,3.601987240988399286e+00,3.601987018043179223e+00,3.601986799739420597e+00,3.601986585939878083e+00,3.601986376503607090e+00,3.601986171298446227e+00,3.601985970197300713e+00
1.146418339471198351e+02,5.751986582177420360e+01,3.848074710343747284e+01,2.896236809367724874e+01,2.325230934914268488e+01,1.944643144176885841e+01,1.672867407384833172e+01,1.469100968223359516e+01,1.310675619034044104e+01,1.183990400651129526e+01,1.080390452017925718e+01,9.941057577802189016e+00,9.211417701521348533e+00,8.586453261785157665e+00,8.045242353012760361e+00,7.572093623246663796e+00,7.155007360381422821e+00,6.784653875690413116e+00,6.453665945211630728e+00,6.156152214329066119e+00,5.887343110017176251e+00,5.643338228919854593e+00,5.420916410880539438e+00,5.217392911244421505e+00,5.030516357133975269e+00,4.858381675772500685e+00,4.699368001161412067e+00,4.552088046498516505e+00,4.415348357054451611e+00,4.288117603352543661e+00,4.169501168563012783e+00,4.058722314317660285e+00,3.955103893799364556e+00,3.858062198657242092e+00,3.767098597657634773e+00,3.681813342460019900e+00,3.602021363967604195e+00,3.602019908657815961e+00,3.602018527950933358e+00,3.602017216282207723e+00,3.602015968596844697e+00,3.602014780325124121e+00,3.602013647321879564e+00,3.602012565820550183e+00,3.602011532384590264e+00,3.602010543880625359e+00,3.602009597437548116e+00,3.602008690432723093e+00,3.602007820448361208e+00,3.602006985263179306e+00,3.602006182830352454e+00,3.602005411259966650e+00,3.602004668805776966e+00,3.602003953849878037e+00,3.602003264892599699e+00,3.602002600539887744e+00,3.602001959502366901e+00,3.602001340565980314e+00,3.602000742610468986e+00,3.602000164583794906e+00,3.601999605511781777e+00,3.601999064474320278e+00,3.601998540612572075e+00,3.601998033126614374e+00,3.601997541245562928e+00,3.601997064278130267e+00,3.601996601545329302e+00,3.601996152422648034e+00,3.601995716315554930e+00,3.601995292673162208e+00,3.601994880962157808e+00,3.601994480684297617e+00,3.601994091376791829e+00,3.601993712590441099e+00,3.601993343907714973e+00,3.601992984920892926e+00,3.601992635265757858e+00,3.601992294572486486e+00,3.601991962504356604e+00,3.601991638737941148e+00,3.601991322963837838e+00,3.601991014893013876e+00,3.601990714248321623e+00,3.601990420756891798e+00,3.601990134173848279e+00,3.601989854257626966e+00,3.601989580772003485e+00,3.601989313503803469e+00,3.601989052241864719e+00,3.601988796785698721e+00,3.601988546943993619e+00,3.601988302533595476e+00,3.601988063379373273e+00,3.601987829312906619e+00,3.601987600174721305e+00,3.601987375810238312e+00,3.601987156071796647e+00,3.601986940817961891e+00,3.601986729912502128e+00,3.601986523225365389e+00
1.179234929743222580e+02,5.915714393071322519e+01,3.956986503048127446e+01,2.977738112123030945e+01,2.390283806887545381e+01,1.998728527875665861e+01,1.719117320970446983e+01,1.509472774606375367e+01,1.346474207069950069e+01,1.216129142737873003e+01,1.109533553210926904e+01,1.020751331810728324e+01,9.456729461121989644e+00,8.813631058530029705e+00,8.256692138368428857e+00,7.769771176376884192e+00,7.340523193525568146e+00,6.959347882991598233e+00,6.618667718788154630e+00,6.312418733999977327e+00,6.035696706048490512e+00,5.784485733333302626e+00,5.555472989586076160e+00,5.345896293006823008e+00,5.153437587772121020e+00,4.976136634705337514e+00,4.812324723628075063e+00,4.660573694918845433e+00,4.519652953897109526e+00,4.388500393273478295e+00,4.266192533385764207e+00,4.151925677362733325e+00,4.044998110588437612e+00,3.944798469736233049e+00,3.850796009706931589e+00,3.762539051725590777e+00,3.679665074990723816e+00,3.602021363997859993e+00,3.602019945974186843e+00,3.602018598852518405e+00,3.602017317448384048e+00,3.602016097059797417e+00,3.602014933434948052e+00,3.602013822702292423e+00,3.602012761335537938e+00,3.602011746115210133e+00,3.602010774093095780e+00,3.602009842574198650e+00,3.602008949076764832e+00,3.602008091319127914e+00,3.602007267199017537e+00,3.602006474775766520e+00,3.602005712254872982e+00,3.602004977975851396e+00,3.602004270397930252e+00,3.602003588090854524e+00,3.602002929726894287e+00,3.602002294062585541e+00,3.602001679946115420e+00,3.602001086300218535e+00,3.602000512115055564e+00,3.601999956457981877e+00,3.601999418435125833e+00,3.601998897228485319e+00,3.601998392061065868e+00,3.601997902199238322e+00,3.601997426957037618e+00,3.601996965696857789e+00,3.601996517807763087e+00,3.601996082713230241e+00,3.601995659872146760e+00,3.601995248779441550e+00,3.601994848949405803e+00,3.601994459928265169e+00,3.601994081280559090e+00,3.601993712589722563e+00,3.601993353481224958e+00,3.601993003582782737e+00,3.601992662539744927e+00,3.601992330020823641e+00,3.601992005716439849e+00,3.601991689316383471e+00,3.601991380544511845e+00,3.601991079125605566e+00,3.601990784795158440e+00,3.601990497311333694e+00,3.601990216436217196e+00,3.601989941944761409e+00,3.601989673621664334e+00,3.601989411261290908e+00,3.601989154667090354e+00,3.601988903653551954e+00,3.601988658035657931e+00,3.601988417643841256e+00,3.601988182309383557e+00,3.601987951881103545e+00,3.601987726203916829e+00,3.601987505132279388e+00,3.601987288530053899e+00,3.601987076256664366e+00
1.212163823763626453e+02,6.080005687334858067e+01,4.066275345389755103e+01,3.059523269154128755e+01,2.455564615822170182e+01,2.053004684041624017e+01,1.765531428896028743e+01,1.549988911487505128e+01,1.382401712931000759e+01,1.248384503382423638e+01,1.138783287223223795e+01,1.047495172261199059e+01,9.702953717489233298e+00,9.041661406415737900e+00,8.468944308069884741e+00,7.968206145564189491e+00,7.526757192679495390e+00,7.134726613140017548e+00,6.784322676599646940e+00,6.469313559735617503e+00,6.184654358224183746e+00,5.926217588661565117e+00,5.690596451007179368e+00,5.474950309761470457e+00,5.276896044727887869e+00,5.094417581397156169e+00,4.925798323746809260e+00,4.769568676498696647e+00,4.624463412708899490e+00,4.489387839865082164e+00,4.363390827649677561e+00,4.245643377666333151e+00,4.135419102980364414e+00,4.032084558065183622e+00,3.935083922118130406e+00,3.843934840004249676e+00,3.758225841954236035e+00,3.677630389249653575e+00,3.602021363998246795e+00,3.602019981425669481e+00,3.602018666297552851e+00,3.602017413793231260e+00,3.602016219546456455e+00,3.602015079584021784e+00,3.602013990286543788e+00,3.602012948350224342e+00,3.602011950753456038e+00,3.602010994716223991e+00,3.602010077705522395e+00,3.602009197375562799e+00,3.602008351568000144e+00,3.602007538291468691e+00,3.602006755704635133e+00,3.602006002101846072e+00,3.602005275903447323e+00,3.602004575640843420e+00,3.602003899949428600e+00,3.602003247559220522e+00,3.602002617281783170e+00,3.602002008013621026e+00,3.602001418721427761e+00,3.602000848438707159e+00,3.602000296257774181e+00,3.601999761334047534e+00,3.601999242873267448e+00,3.601998740120668785e+00,3.601998252372835108e+00,3.601997778975684739e+00,3.601997319294276689e+00,3.601996872753269852e+00,3.601996438784969445e+00,3.601996016873240780e+00,3.601995606524705629e+00,3.601995207263451348e+00,3.601994818646706786e+00,3.601994440261548025e+00,3.601994071702204980e+00,3.601993712593085206e+00,3.601993362575338864e+00,3.601993021304745746e+00,3.601992688464452641e+00,3.601992363741578274e+00,3.601992046845461815e+00,3.601991737490522372e+00,3.601991435416203480e+00,3.601991140367033939e+00,3.601990852100613871e+00,3.601990570385722013e+00,3.601990295001477271e+00,3.601990025739407297e+00,3.601989762392863170e+00,3.601989504771127670e+00,3.601989252686315091e+00,3.601989005968214475e+00,3.601988764447952462e+00,3.601988527955263031e+00,3.601988296339142082e+00,3.601988069449876484e+00,3.601987847144238142e+00,3.601987629284682413e+00
1.245206288816340248e+02,6.244866578887992858e+01,4.175945146658358453e+01,3.141595077558410409e+01,2.521075723481787279e+01,2.107473522660578524e+01,1.812111382202743215e+01,1.590650798055132320e+01,1.418459285105755541e+01,1.280757562286265561e+01,1.168140440121569590e+01,1.074338124722948606e+01,9.950097592914262989e+00,9.270550252430245664e+00,8.682002710111369481e+00,8.167403359989334533e+00,7.713713417600184918e+00,7.310792623581165550e+00,6.950635907783353495e+00,6.626838092129547775e+00,6.334217733528225480e+00,6.068534650228620819e+00,5.826285275250978835e+00,5.604553998613361898e+00,5.400890286086414527e+00,5.213221626826442190e+00,5.039784826639197135e+00,4.879069167185303257e+00,4.729772692807970635e+00,4.590770529311746451e+00,4.461083380944240062e+00,4.339857439321890276e+00,4.226343795029934292e+00,4.119887504711760684e+00,4.019912025446919834e+00,3.925911470096902889e+00,3.837446102864281894e+00,3.754141033563968666e+00,3.675700553920941971e+00,3.602021363998159753e+00,3.602020015144240084e+00,3.602018730528354418e+00,3.602017505657940877e+00,3.602016336465718283e+00,3.602015219237546528e+00,3.602014150584985863e+00,3.602013127408808746e+00,3.602012146859481678e+00,3.602011206334786220e+00,3.602010303431657956e+00,3.602009435936669668e+00,3.602008601806936383e+00,3.602007799153785772e+00,3.602007026228491338e+00,3.602006281409262378e+00,3.602005563191349236e+00,3.602004870176177764e+00,3.602004201053215393e+00,3.602003554614920944e+00,3.602002929726996872e+00,3.602002325321975729e+00,3.602001740418646403e+00,3.602001174082370749e+00,3.602000625443511517e+00,3.602000093683430659e+00,3.601999578041939376e+00,3.601999077787011672e+00,3.601998592251195674e+00,3.601998120784926538e+00,3.601997662793214428e+00,3.601997217700339871e+00,3.601996784971043919e+00,3.601996364094918412e+00,3.601995954598624206e+00,3.601995556016726052e+00,3.601995167930014397e+00,3.601994789920421880e+00,3.601994421600415830e+00,3.601994062608183000e+00,3.601993712590441099e+00,3.601993371215109541e+00,3.601993038166019012e+00,3.601992713142187608e+00,3.601992395857034790e+00,3.601992086037423935e+00,3.601991783422906046e+00,3.601991487767543187e+00,3.601991198829328056e+00,3.601990916383965402e+00,3.601990640211865102e+00,3.601990370112667872e+00,3.601990105887197480e+00,3.601989847342605966e+00,3.601989594295937014e+00,3.601989346578179152e+00,3.601989104026175337e+00,3.601988866468758932e+00,3.601988633764209080e+00,3.601988405758400180e+00,3.601988182312755082e+00
1.278363744983643784e+02,6.410304041674882569e+01,4.286000529843337858e+01,3.223957054402674061e+01,2.586819620833870204e+01,2.162136993198079082e+01,1.858858830975996668e+01,1.631459831752077250e+01,1.454648288818703250e+01,1.313249316937908340e+01,1.197606170326883479e+01,1.101280945879428863e+01,1.019816937646145227e+01,9.500305493970333970e+00,8.895874791771213097e+00,8.367367596159908771e+00,7.901397513778579906e+00,7.487550455672697503e+00,7.117608290743131505e+00,6.784995568146369394e+00,6.484390198439884401e+00,6.211436912813657507e+00,5.962541587819324640e+00,5.734707668249047430e+00,5.525418464353323955e+00,5.332547152904231424e+00,5.154281656332430295e+00,4.989069895137268063e+00,4.835575631619181358e+00,4.692641362881873057e+00,4.559260933890453948e+00,4.434555799877507809e+00,4.317756066191980935e+00,4.208185176615961254e+00,4.105247382719300120e+00,4.008417981011191067e+00,3.917235982212255330e+00,3.831299319689973615e+00,3.750265714999871491e+00,3.673867052404461653e+00,3.602021363998332948e+00,3.602020047262254554e+00,3.602018791771708806e+00,3.602017593347518698e+00,3.602016448188982700e+00,3.602015352819461391e+00,3.602014304061779360e+00,3.602013299002618130e+00,3.602012334963290208e+00,3.602011409492167804e+00,3.602010520304596675e+00,3.602009665322709608e+00,3.602008842604077277e+00,3.602008050355848034e+00,3.602007286917568774e+00,3.602006550743793500e+00,3.602005840398532666e+00,3.602005154549944521e+00,3.602004491951926290e+00,3.602003851437526993e+00,3.602003231928042837e+00,3.602002632399947668e+00,3.602002051901961543e+00,3.602001489549829572e+00,3.602000944494681889e+00,3.602000415960703972e+00,3.601999903202771414e+00,3.601999405526051135e+00,3.601998922274720183e+00,3.601998452833297559e+00,3.601997996612972930e+00,3.601997553065536817e+00,3.601997121669902047e+00,3.601996701931715616e+00,3.601996293389741588e+00,3.601995895595770047e+00,3.601995508136005775e+00,3.601995130611049589e+00,3.601994762643668579e+00,3.601994403875486750e+00,3.601994053965780651e+00,3.601993712590452201e+00,3.601993379441033927e+00,3.601993054223743496e+00,3.601992736661309369e+00,3.601992426481275267e+00,3.601992123429119452e+00,3.601991827267297719e+00,3.601991537760802053e+00,3.601991254688296173e+00,3.601990977836567076e+00,3.601990707003903225e+00,3.601990441999401771e+00,3.601990182625260051e+00,3.601989928717094003e+00,3.601989680097027247e+00,3.601989436599745353e+00,3.601989198074896148e+00,3.601988964368785684e+00,3.601988735337571246e+00
1.311637498847528036e+02,6.576324896446992341e+01,4.396445989655498465e+01,3.306612461933526959e+01,2.652799051557328625e+01,2.216997439730937103e+01,1.905775630330760251e+01,1.672417593374215272e+01,1.490970054764935249e+01,1.345861101108779678e+01,1.227181425051810493e+01,1.128324718547838934e+01,1.044717685959119358e+01,9.730934515932011308e+00,9.110566004251776207e+00,8.568104840093225150e+00,8.089812739570788835e+00,7.665004817384623692e+00,7.285246499923431429e+00,6.943789061072810576e+00,6.635172929469041136e+00,6.354928520223767308e+00,6.099366313606442880e+00,5.865411296223683735e+00,5.650482380781051361e+00,5.452394061117252555e+00,5.269287442119919618e+00,5.099569602969324933e+00,4.941868497398679061e+00,4.794995343794563603e+00,4.657916896672120721e+00,4.529730414545682038e+00,4.409644145313140307e+00,4.296961759045512252e+00,4.191069262541272877e+00,4.091424488218143196e+00,3.997548988820568194e+00,3.909019570171975655e+00,3.825469451953540378e+00,3.746585448999750323e+00,3.672122898102577970e+00,3.602021363998246350e+00,3.602020077883984150e+00,3.602018850231336167e+00,3.602017677139887741e+00,3.602016555054221580e+00,3.602015480716903806e+00,3.602014451143672247e+00,3.602013463593856990e+00,3.602012515547992511e+00,3.602011604673519329e+00,3.602010728837552023e+00,3.602009886051821486e+00,3.602009074481550499e+00,3.602008292420511015e+00,3.602007538291483790e+00,3.602006810622741639e+00,3.602006108046967192e+00,3.602005429286203597e+00,3.602004773153614003e+00,3.602004138528611676e+00,3.602003524380814614e+00,3.602002929723440161e+00,3.602002353653399602e+00,3.602001795307844478e+00,3.602001253881669030e+00,3.602000728618132808e+00,3.602000218802787757e+00,3.601999723764760741e+00,3.601999242875301821e+00,3.601998775523989060e+00,3.601998321157631189e+00,3.601997879239819955e+00,3.601997449268978801e+00,3.601997030758656404e+00,3.601996623264311026e+00,3.601996226354222674e+00,3.601995839621348505e+00,3.601995462679170590e+00,3.601995095163053495e+00,3.601994736718955092e+00,3.601994387014267662e+00,3.601994045740640971e+00,3.601993712590117358e+00,3.601993387279521119e+00,3.601993069534833669e+00,3.601992759093957108e+00,3.601992455708197927e+00,3.601992159140158467e+00,3.601991869166292659e+00,3.601991585564425780e+00,3.601991308123375202e+00,3.601991036650974198e+00,3.601990770953066079e+00,3.601990510851853067e+00,3.601990256167861393e+00,3.601990006731698557e+00,3.601989762389139482e+00,3.601989522986776660e+00,3.601989288365350816e+00
1.345028965329587436e+02,6.742936005929290388e+01,4.507286239519090287e+01,3.389564796459509211e+01,2.719016796891195398e+01,2.272057117054593078e+01,1.952863810346864071e+01,1.713525844074771243e+01,1.527426048213188459e+01,1.378594208808667965e+01,1.256867353647207430e+01,1.155470430074383437e+01,1.069712934929265735e+01,9.962446238330429082e+00,9.326085807294731467e+00,8.769622310595631021e+00,8.278966777259501697e+00,7.843160925658939853e+00,7.453552726300895159e+00,7.103223198476866784e+00,6.786570716551809213e+00,6.499011381981691038e+00,6.236761790000580064e+00,5.996668068513359984e+00,5.776081831218204954e+00,5.572761764611674273e+00,5.384801855901997669e+00,5.210566744397482353e+00,5.048649233341524933e+00,4.897829727885726570e+00,4.757046870024751684e+00,4.625374635437466964e+00,4.501999464931558670e+00,4.386205885583075670e+00,4.277362204456947481e+00,4.174909579012298089e+00,4.078353046880590860e+00,3.987254183373550198e+00,3.901226649517577361e+00,3.819932426161896544e+00,3.743084964218843957e+00,3.670462708761634829e+00,3.602021363998382242e+00,3.602020107113833802e+00,3.602018906092747219e+00,3.602017757288794808e+00,3.602016657371991393e+00,3.602015603285040335e+00,3.602014592222090084e+00,3.602013621601718008e+00,3.602012689044844063e+00,3.602011792352418862e+00,3.602010929500532033e+00,3.602010098605934019e+00,3.602009297925770959e+00,3.602008525842077535e+00,3.602007780851480323e+00,3.602007061542918276e+00,3.602006366622000577e+00,3.602005694863653407e+00,3.602005045136064787e+00,3.602004416358811856e+00,3.602003807548052716e+00,3.602003217759698117e+00,3.602002646122101304e+00,3.602002091803016448e+00,3.602001554035282105e+00,3.602001032079976905e+00,3.602000525257295749e+00,3.602000032910628313e+00,3.601999554438318540e+00,3.601999089251904707e+00,3.601998636812687060e+00,3.601998196604054403e+00,3.601997768131876665e+00,3.601997350935291831e+00,3.601996944571830284e+00,3.601996548630941319e+00,3.601996162717167049e+00,3.601995786446535952e+00,3.601995419466760495e+00,3.601995061439525525e+00,3.601994712038830482e+00,3.601994370957501523e+00,3.601994037903715196e+00,3.601993712589681707e+00,3.601993394763213896e+00,3.601993084154574198e+00,3.601992780520077542e+00,3.601992483638686071e+00,3.601992193281930987e+00,3.601991909237697076e+00,3.601991631304783059e+00,3.601991359282286975e+00,3.601991092986590814e+00,3.601990832238730622e+00,3.601990576863764559e+00,3.601990326703648826e+00,3.601990081600874305e+00,3.601989841396757708e+00
1.378539798053556353e+02,6.910144955444609138e+01,4.618526098365576615e+01,3.472817886601521309e+01,2.785475757035244371e+01,2.327318498894410581e+01,2.000125432206398557e+01,1.754786321798569659e+01,1.564017828405224897e+01,1.411449891221539410e+01,1.286665257704134824e+01,1.182719159949513710e+01,1.094803725135576933e+01,1.019484799165307010e+01,9.542440437441147338e+00,8.971927467994193606e+00,8.468866823654554565e+00,8.022024506143226930e+00,7.622534213389334568e+00,7.263302136643581264e+00,6.938586433676317000e+00,6.643690046292992868e+00,6.374731711711830506e+00,6.128479680090782367e+00,5.902219168182334386e+00,5.693652757953090671e+00,5.500825442094022577e+00,5.322061625755886816e+00,5.155916922670764180e+00,5.001141494753309935e+00,4.856648044936922481e+00,4.721483908475976321e+00,4.594816128646671771e+00,4.475909759267096888e+00,4.364115831783023758e+00,4.258858494392111282e+00,4.159629239704775827e+00,4.065973943494879173e+00,3.977490788261528909e+00,3.893825737705206791e+00,3.814667115800348896e+00,3.739751878803105001e+00,3.668879662931976871e+00,3.602021363998357817e+00,3.602020135043575877e+00,3.602018959526817277e+00,3.602017834029844767e+00,3.602016755426567407e+00,3.602015720850875624e+00,3.602014727660212579e+00,3.602013773412051645e+00,3.602012855868669039e+00,3.602011972949772378e+00,3.602011122733938642e+00,3.602010303434024951e+00,3.602009513391130735e+00,3.602008751071860360e+00,3.602008015039852573e+00,3.602007303957345474e+00,3.602006616577732245e+00,3.602005951735383960e+00,3.602005308339544687e+00,3.602004685368789705e+00,3.602004081866003737e+00,3.602003496932382198e+00,3.602002929723585822e+00,3.602002379447659663e+00,3.602001845355975895e+00,3.602001326746983256e+00,3.602000822953328019e+00,3.602000333348917671e+00,3.601999857345709710e+00,3.601999394385079878e+00,3.601998943936008057e+00,3.601998505500270564e+00,3.601998078603747544e+00,3.601997662790954013e+00,3.601997257642164385e+00,3.601996862751913664e+00,3.601996477733272251e+00,3.601996102220399010e+00,3.601995735863902759e+00,3.601995378337650155e+00,3.601995029323371789e+00,3.601994688524913002e+00,3.601994355646562784e+00,3.601994030422511095e+00,3.601993712590298546e+00,3.601993401900412284e+00,3.601993098114794734e+00,3.601992801005720946e+00,3.601992510358158484e+00,3.601992225958505767e+00,3.601991947609941569e+00,3.601991675121304137e+00,3.601991408309550113e+00,3.601991146999038662e+00,3.601990891021415120e+00,3.601990640215040340e+00,3.601990394424810393e+00
1.412171614081323128e+02,7.077960353474003341e+01,4.730171028186915549e+01,3.556375514384384928e+01,2.852179126385545516e+01,2.382784027425881845e+01,2.047562591539772470e+01,1.796200912260622218e+01,1.600747050505243507e+01,1.444429780193720703e+01,1.316576404410145074e+01,1.210072085803478004e+01,1.119991076424906851e+01,1.042815052656504449e+01,9.759639490818099006e+00,9.175027562024657968e+00,8.659518013050861995e+00,8.201603097557059741e+00,7.792196627616967852e+00,7.424032273790275305e+00,7.091227202985506572e+00,6.788967807371030005e+00,6.513278959895199449e+00,6.260849469228516817e+00,6.028897136085099362e+00,5.815068960460139991e+00,5.617359628890503664e+00,5.434053935472777042e+00,5.263671629108923611e+00,5.104931431023096877e+00,4.956717967052006735e+00,4.818056036186466606e+00,4.688090304642355655e+00,4.566067401325873298e+00,4.451321209430220804e+00,4.343260423128998404e+00,4.241361619259515159e+00,4.145158033130462272e+00,4.054233164854711191e+00,3.968218781837018483e+00,3.886787253047014445e+00,3.809653438263193248e+00,3.736574239939280950e+00,3.667368806712986817e+00,3.602021363998378689e+00,3.602020161761648076e+00,3.602019010684539779e+00,3.602017907571357647e+00,3.602016849477545968e+00,3.602015833713481108e+00,3.602014857782198209e+00,3.602013919383587393e+00,3.602013016401464540e+00,3.602012146862712871e+00,3.602011308936554190e+00,3.602010500941188909e+00,3.602009721296417943e+00,3.602008968535914235e+00,3.602008241292863566e+00,3.602007538293899636e+00,3.602006858338471673e+00,3.602006200320135409e+00,3.602005563190898929e+00,3.602004945972201444e+00,3.602004347745199286e+00,3.602003767645447052e+00,3.602003204862443742e+00,3.602002658634734455e+00,3.602002128233740663e+00,3.602001612991035273e+00,3.602001112263758742e+00,3.602000625443374737e+00,3.602000151958062002e+00,3.601999691274542670e+00,3.601999242872579554e+00,3.601998806269856690e+00,3.601998381009078543e+00,3.601997966654830297e+00,3.601997562784934992e+00,3.601997169015066280e+00,3.601996784967717691e+00,3.601996410290808637e+00,3.601996044636735839e+00,3.601995687690182635e+00,3.601995339146141895e+00,3.601994998704796558e+00,3.601994666086966390e+00,3.601994341034039593e+00,3.601994023282977686e+00,3.601993712593079433e+00,3.601993408731517743e+00,3.601993111475661369e+00,3.601992820612379465e+00,3.601992535937700524e+00,3.601992257256158236e+00,3.601991984380470857e+00,3.601991717131114434e+00,3.601991455335794345e+00,3.601991198829268104e+00,3.601990947452925695e+00
1.445926057327208127e+02,7.246390481902668057e+01,4.842226672401175591e+01,3.640241807008113994e+01,2.919130185827333079e+01,2.438456541747917683e+01,2.095177633289486963e+01,1.837771609610495460e+01,1.637615510115564632e+01,1.477535262262957261e+01,1.346602187158132935e+01,1.237530508841263099e+01,1.145276136218540763e+01,1.066236437984393604e+01,9.977692708310369696e+00,9.378932002869547091e+00,8.850929764369318775e+00,8.381902260933328463e+00,7.962546282145030574e+00,7.585418875344284828e+00,7.244495880250985564e+00,6.934849670661483501e+00,6.652408962776037882e+00,6.393781792618088211e+00,6.156119342348599588e+00,5.937011746340695950e+00,5.734407418547968760e+00,5.546546445193833108e+00,5.371914261911764576e+00,5.209198684608740137e+00,5.057256161668743033e+00,4.915088471436035000e+00,4.781819200839426465e+00,4.656675011300002609e+00,4.538973781671884922e+00,4.428108490082105497e+00,4.323541491010161941e+00,4.224792780508572321e+00,4.131434342000484428e+00,4.043084243388123333e+00,3.959402164461356843e+00,3.880086606831247398e+00,3.804874398899419585e+00,3.733542447084935656e+00,3.665924989463999584e+00,3.602021363998505699e+00,3.602020187339377344e+00,3.602019059709174353e+00,3.602017978110553020e+00,3.602016939769407955e+00,3.602015942148359962e+00,3.602014982899417461e+00,3.602014059852720163e+00,3.602013170984249779e+00,3.602012314442362140e+00,3.602011488494123448e+00,3.602010691523391372e+00,3.602009922032627820e+00,3.602009178628923003e+00,3.602008460004473722e+00,3.602007764941886681e+00,3.602007092300723023e+00,3.602006441012710170e+00,3.602005810078607428e+00,3.602005198557247212e+00,3.602004605569546936e+00,3.602004030280336444e+00,3.602003471911214394e+00,3.602002929724372304e+00,3.602002403032618094e+00,3.602001891175693249e+00,3.602001393534709273e+00,3.602000909530008066e+00,3.602000438607208199e+00,3.601999980240457866e+00,3.601999533937322973e+00,3.601999099226434353e+00,3.601998675663865779e+00,3.601998262820753194e+00,3.601997860300280241e+00,3.601997467719397328e+00,3.601997084712498243e+00,3.601996710935142954e+00,3.601996346057518839e+00,3.601995989764956274e+00,3.601995641760660671e+00,3.601995301754123080e+00,3.601994969474995756e+00,3.601994644662809719e+00,3.601994327068671176e+00,3.601994016454630465e+00,3.601993712593087871e+00,3.601993415266189213e+00,3.601993124265383983e+00,3.601992839390920409e+00,3.601992560451352521e+00,3.601992287263098724e+00,3.601992019650109622e+00,3.601991757443463893e+00,3.601991500480937525e+00
1.479804870121273837e+02,7.415444045072425183e+01,4.954698994512644106e+01,3.724421307586629837e+01,2.986332264280025584e+01,2.494338857747215599e+01,2.142972986206381592e+01,1.879500561922147739e+01,1.674624976758008899e+01,1.510768110507451212e+01,1.376744126858149109e+01,1.265095644845897027e+01,1.170660131691134787e+01,1.089749960709875332e+01,1.019660934967696875e+01,9.583649385546783250e+00,9.043111357383400772e+00,8.562932007213932550e+00,8.133590337384479341e+00,7.747468559493097651e+00,7.398401017685386272e+00,7.081342338536601666e+00,6.792126164254811194e+00,6.527280237768018800e+00,6.283889436180547960e+00,6.059486896597248595e+00,5.851970475554272078e+00,5.659540981331043774e+00,5.480646763802726973e+00,5.313944444939722622e+00,5.158264253894773610e+00,5.012582019741509853e+00,4.876001640085823041e+00,4.747730494441048776e+00,4.627069504193318750e+00,4.513396986243368048e+00,4.406161397954956094e+00,4.304869088849534009e+00,4.209080848089041815e+00,4.118402934646884894e+00,4.032483513840624312e+00,3.951008523811950113e+00,3.873699900822143327e+00,3.800314070663077803e+00,3.730645452031800424e+00,3.664544493361431954e+00,3.602021363998607839e+00,3.602020211853053766e+00,3.602019106735265819e+00,3.602018045824010972e+00,3.602017026519298337e+00,3.602016046414893591e+00,3.602015103299730292e+00,3.602014195110106343e+00,3.602013319947592773e+00,3.602012476046015710e+00,3.602011661750335492e+00,3.602010875529213507e+00,3.602010115964128456e+00,3.602009381717896641e+00,3.602008671545466001e+00,3.602007984281613062e+00,3.602007318835555250e+00,3.602006674187476776e+00,3.602006049369629537e+00,3.602005443487917624e+00,3.602004855692503948e+00,3.602004285185107957e+00,3.602003731214295179e+00,3.602003193073606280e+00,3.602002670089236247e+00,3.602002161629977106e+00,3.602001667103109650e+00,3.602001185941994255e+00,3.602000717611850700e+00,3.602000261606215670e+00,3.601999817445622920e+00,3.601999384672752935e+00,3.601998962858195874e+00,3.601998551585906316e+00,3.601998150469908122e+00,3.601997759137234745e+00,3.601997377234246844e+00,3.601997004424196902e+00,3.601996640386134541e+00,3.601996284814116045e+00,3.601995937416117233e+00,3.601995597913556946e+00,3.601995266040242338e+00,3.601994941544259810e+00,3.601994624177767168e+00,3.601994313710526807e+00,3.601994009919990525e+00,3.601993712593082542e+00,3.601993421525696792e+00,3.601993136522222194e+00,3.601992857395102110e+00,3.601992583964432448e+00,3.601992316057643695e+00,3.601992053508974223e+00
1.513809915267926272e+02,7.585130262420393876e+01,5.067594091502104447e+01,3.808918498489106952e+01,3.053789130059554680e+01,2.550433985536156101e+01,2.190951209457178095e+01,1.921389864121531943e+01,1.711777403811524323e+01,1.544130023499148585e+01,1.407003665235337664e+01,1.292769044165190806e+01,1.196144410374264844e+01,1.113356954930427811e+01,1.041640183276946807e+01,9.789190957999585052e+00,9.236070356889724664e+00,8.744699725147210501e+00,8.305337047652734839e+00,7.910189055818272585e+00,7.552947283651371357e+00,7.228451035068951924e+00,6.932436378860773019e+00,6.661351126075039097e+00,6.412212647249980080e+00,6.182496920116812511e+00,5.970053108278874809e+00,5.773040648626429849e+00,5.589872249941235438e+00,5.419171443596678905e+00,5.259742387722387669e+00,5.110537365380865893e+00,4.970637574196610231e+00,4.839233233033011672e+00,4.715606895029746504e+00,4.599123015019932481e+00,4.489215813108033970e+00,4.385379530979450990e+00,4.287162926579055622e+00,4.194161580988369664e+00,4.106012847683254030e+00,4.022392280081656502e+00,3.943008766465364801e+00,3.867605746120358123e+00,3.795957536124603848e+00,3.727875450337996277e+00,3.663223295513611255e+00,3.602021363998524350e+00,3.602020235366244272e+00,3.602019151881828307e+00,3.602018110887624136e+00,3.602017109932146521e+00,3.602016146748602488e+00,3.602015219238508426e+00,3.602014325455436428e+00,3.602013463591595244e+00,3.602012631970429979e+00,3.602011829028740841e+00,3.602011053302496713e+00,3.602010303431423921e+00,3.602009578148462232e+00,3.602008876262596804e+00,3.602008196658291972e+00,3.602007538291090771e+00,3.602006900184598681e+00,3.602006281409422250e+00,3.602005681106938528e+00,3.602005098461704691e+00,3.602004532703810380e+00,3.602003983109960839e+00,3.602003448999135049e+00,3.602002929724513525e+00,3.602002424675771142e+00,3.602001933277355850e+00,3.602001454984474549e+00,3.602000989275204734e+00,3.602000535663707481e+00,3.602000093683267679e+00,3.601999662892206189e+00,3.601999242870937312e+00,3.601998833220550367e+00,3.601998433561643953e+00,3.601998043533055416e+00,3.601997662790870525e+00,3.601997291007325241e+00,3.601996927869933529e+00,3.601996573080501474e+00,3.601996226354463371e+00,3.601995887420029963e+00,3.601995556017453914e+00,3.601995231898502237e+00,3.601994914825575655e+00,3.601994604571422176e+00,3.601994300920785097e+00,3.601994003660479837e+00,3.601993712593087427e+00,3.601993427527079739e+00,3.601993148278777479e+00,3.601992874671837708e+00,3.601992606537024688e+00
1.547943226812610362e+02,7.755458672371575801e+01,5.180918251342401959e+01,3.893738298145074594e+01,3.121504612791124345e+01,2.606745092055922797e+01,2.239114997497086534e+01,1.963441984313784161e+01,1.749074979107750138e+01,1.577622839970259605e+01,1.437382587086022667e+01,1.320552176838129199e+01,1.221730239429008691e+01,1.137058637141572248e+01,1.063708051502429797e+01,9.995566073147044150e+00,9.429817251042091897e+00,8.927214243925144288e+00,8.477794353096665958e+00,8.073587736958332428e+00,7.708142946183508037e+00,7.376181893908627885e+00,7.073344799698920049e+00,6.795998913014971166e+00,6.541093140010678653e+00,6.306046611408698155e+00,6.088659721603869812e+00,5.887050150292436612e+00,5.699592705355498445e+00,5.524882276557582017e+00,5.361692729859955264e+00,5.208955299181967646e+00,5.065727882330385512e+00,4.931182524845376669e+00,4.804584951812564064e+00,4.685285252918524712e+00,4.572702315695491571e+00,4.466319835028119023e+00,4.365674724475314683e+00,4.270351419590855180e+00,4.179977992931872777e+00,4.094218759794369333e+00,4.012774833113479822e+00,3.935376110092418056e+00,3.861785054286517749e+00,3.791792195493272288e+00,3.725224039804414300e+00,3.661957051053835954e+00,3.602021363958963107e+00,3.602020257937770698e+00,3.602019195256707995e+00,3.602018173447561367e+00,3.602017190196492358e+00,3.602016243364515979e+00,3.602015330958865391e+00,3.602014451141495766e+00,3.602013602194904962e+00,3.602012782522781453e+00,3.602011990635931582e+00,3.602011225144631457e+00,3.602010484752618868e+00,3.602009768242960597e+00,3.602009074482888096e+00,3.602008402402038012e+00,3.602007750994089541e+00,3.602007119332666818e+00,3.602006506522237750e+00,3.602005911738372923e+00,3.602005334193928210e+00,3.602004773151032069e+00,3.602004227914938017e+00,3.602003697818111583e+00,3.602003182248632918e+00,3.602002680612693464e+00,3.602002192353731758e+00,3.602001716943644460e+00,3.602001253881911502e+00,3.602000802693544390e+00,3.602000362927685106e+00,3.601999934155958538e+00,3.601999515971194388e+00,3.601999107986057158e+00,3.601998709831891965e+00,3.601998321157579674e+00,3.601997941628546140e+00,3.601997570925747461e+00,3.601997208744895040e+00,3.601996854795395997e+00,3.601996508799810037e+00,3.601996170493043881e+00,3.601995839621578543e+00,3.601995515942971071e+00,3.601995199225185296e+00,3.601994889246103781e+00,3.601994585792854586e+00,3.601994288661581667e+00,3.601993997656723678e+00,3.601993712593089647e+00,3.601993433286005963e+00,3.601993159565069380e+00
1.582206861441205206e+02,7.926439579552935299e+01,5.294678351053597964e+01,3.978885699847886315e+01,3.189482611197794171e+01,2.663275507610072879e+01,2.287467143275135939e+01,2.005659389306002183e+01,1.786519706203942448e+01,1.611248501069158223e+01,1.467882605159746845e+01,1.348446647028382195e+01,1.247419238892690885e+01,1.160856266234558731e+01,1.085865757914041119e+01,1.020278645204142975e+01,9.624363212401878087e+00,9.110486259943256115e+00,8.650972507082970608e+00,8.237674210622387250e+00,7.863996560072651576e+00,7.524544151891532806e+00,7.214860244083158847e+00,6.931231234129311858e+00,6.670538064554470736e+00,6.430141918958570457e+00,6.207795317371024524e+00,6.001572658697894802e+00,5.809813229449225958e+00,5.631079059336615344e+00,5.464119160360637828e+00,5.307838167199722790e+00,5.161274273205150642e+00,5.023579783668457921e+00,4.894004028862688038e+00,4.771882186655380664e+00,4.656619619180769831e+00,4.547687760078864549e+00,4.444611267796295451e+00,4.346966025614427132e+00,4.254369310574195318e+00,4.166476894384954832e+00,4.082979508213313125e+00,4.003599008745426957e+00,3.928086506466390126e+00,3.856219252672996589e+00,3.787805909058413967e+00,3.722683883156181039e+00,3.660742752047757342e+00,3.602021363998039405e+00,3.602020279628032728e+00,3.602019236961538695e+00,3.602018233645046585e+00,3.602017267488292873e+00,3.602016336464709312e+00,3.602015438694112337e+00,3.602014572419361293e+00,3.602013736019527457e+00,3.602012927973911705e+00,3.602012146858128094e+00,3.602011391358034054e+00,3.602010660223458505e+00,3.602009952302267060e+00,3.602009266503670037e+00,3.602008601806568233e+00,3.602007957251817327e+00,3.602007331937480572e+00,3.602006725013990440e+00,3.602006135683965660e+00,3.602005563191185811e+00,3.602005006824963385e+00,3.602004465913389630e+00,3.602003939821275313e+00,3.602003427947866765e+00,3.602002929724415825e+00,3.602002444612127707e+00,3.602001972100139504e+00,3.602001511703832648e+00,3.602001062963154698e+00,3.602000625440985093e+00,3.602000198721846402e+00,3.601999782410463702e+00,3.601999376130689434e+00,3.601998979524263511e+00,3.601998592249714637e+00,3.601998213981592922e+00,3.601997844409256189e+00,3.601997483236316189e+00,3.601997130179617645e+00,3.601996784968605869e+00,3.601996447344665064e+00,3.601996117060376257e+00,3.601995793878970176e+00,3.601995477573765037e+00,3.601995167927604324e+00,3.601994864732422030e+00,3.601994567788683099e+00,3.601994276905019721e+00,3.601993991897796565e+00,3.601993712590722652e+00
1.616602944715850185e+02,8.098083787520474175e+01,5.408881441996627615e+01,4.064366038342713949e+01,3.257727491834680222e+01,2.720028732997450760e+01,2.336010713771399239e+01,2.048044550780091200e+01,1.824113999536458053e+01,1.645009054160445672e+01,1.498505575013168922e+01,1.376454196408479369e+01,1.273212710503829292e+01,1.184751263247823694e+01,1.108114640111434213e+01,1.041086472900605209e+01,9.819718943347423235e+00,9.294526238712730759e+00,8.824880594150428692e+00,8.402456058217001811e+00,8.020515454180173975e+00,7.673543851327916165e+00,7.356988303836540233e+00,7.067053598808588966e+00,6.800552445801735679e+00,6.554788287308697114e+00,6.327464454240239178e+00,6.116613186303607286e+00,5.920537048263248003e+00,5.737767593673375188e+00,5.567024880664652287e+00,5.407189757159143184e+00,5.257279194616020668e+00,5.116426566147615596e+00,4.983865396915239110e+00,4.858914325369588560e+00,4.740966343855063769e+00,4.629480439552433602e+00,4.523970857547083391e+00,4.424001643637359926e+00,4.329181780814844949e+00,4.239157582236583011e+00,4.153612243899797996e+00,4.072257406203587671e+00,3.994836531755673548e+00,3.921116650769298051e+00,3.850893214940420695e+00,3.783986913133897900e+00,3.720248611790866633e+00,3.659576987128003722e+00,3.602021363986553926e+00,3.602020300477372761e+00,3.602019277096719652e+00,3.602018291614153433e+00,3.602017341970479958e+00,3.602016426241745783e+00,3.602015542644003254e+00,3.602014689515376844e+00,3.602013865306799900e+00,3.602013068571353394e+00,3.602012297958566922e+00,3.602011552204290368e+00,3.602010830124720453e+00,3.602010130610134642e+00,3.602009452618345264e+00,3.602008795173162081e+00,3.602008157352513784e+00,3.602007538291289723e+00,3.602006937173864998e+00,3.602006353231229419e+00,3.602005785737678600e+00,3.602005234007843448e+00,3.602004697393925703e+00,3.602004175283033849e+00,3.602003667095124317e+00,3.602003172280567433e+00,3.602002690318346190e+00,3.602002220714133340e+00,3.602001762998632284e+00,3.602001316726014757e+00,3.602000881472493976e+00,3.602000456834872910e+00,3.602000042429524207e+00,3.601999637890955341e+00,3.601999242870930651e+00,3.601998857037431279e+00,3.601998480073663078e+00,3.601998111677235048e+00,3.601997751561822447e+00,3.601997399446576598e+00,3.601997055070159881e+00,3.601996718180155543e+00,3.601996388535114502e+00,3.601996065903817712e+00,3.601995750064731272e+00,3.601995440805629389e+00,3.601995137923005963e+00,3.601994841221659804e+00,3.601994550514292293e+00,3.601994265621033087e+00
1.651133717125534304e+02,8.270402660569303066e+01,5.523535021283191071e+01,4.150184745987823476e+01,3.326243651152837089e+01,2.777008446022133725e+01,2.384748803217847524e+01,2.090600373776292997e+01,1.861860267831638893e+01,1.678906701021296044e+01,1.529253500988513359e+01,1.404576428440486957e+01,1.299112404520818309e+01,1.208745148278514492e+01,1.130456168721086385e+01,1.061981405994252370e+01,1.001589643746274660e+01,9.479344100045704380e+00,8.999527648553113934e+00,8.567943736858079973e+00,8.177709311758546207e+00,7.823191225059816567e+00,7.499738648916217443e+00,7.203475027445922940e+00,6.931144700812411408e+00,6.679993602326932844e+00,6.447674883883197872e+00,6.232178419461604335e+00,6.031770994112700457e+00,5.844952030438352431e+00,5.670413913193719679e+00,5.507013262962039413e+00,5.353746217091893911e+00,5.209726387228331923e+00,5.074171175566459802e+00,4.946383942988671123e+00,4.825744324539630981e+00,4.711699064225276068e+00,4.603751415720130247e+00,4.501455935139867748e+00,4.404410896401132369e+00,4.312255546037561338e+00,4.224663206450317787e+00,4.141339508054741714e+00,4.062018180960714098e+00,3.986459230077998406e+00,3.914447420126997201e+00,3.845792060834856585e+00,3.780325137865679253e+00,3.717910962704970235e+00,3.658457887173491851e+00,3.602021363998787695e+00,3.602020320547238530e+00,3.602019315740094818e+00,3.602018347475880233e+00,3.602017413791614775e+00,3.602016512868703835e+00,3.602015643012192569e+00,3.602014802642320657e+00,3.602013990284826939e+00,3.602013204562015236e+00,3.602012444186960760e+00,3.602011707946352281e+00,3.602010994716438486e+00,3.602010303431426141e+00,3.602009633094418017e+00,3.602008982767479939e+00,3.602008351567797195e+00,3.602007738663739023e+00,3.602007143271274803e+00,3.602006564650387599e+00,3.602006002102335902e+00,3.602005454966537901e+00,3.602004922618199600e+00,3.602004404468355681e+00,3.602003899951566002e+00,3.602003408539077967e+00,3.602002929726930702e+00,3.602002463036604318e+00,3.602002008013556189e+00,3.602001564225600028e+00,3.602001131261782785e+00,3.602000708730804579e+00,3.602000296260110535e+00,3.601999893494577165e+00,3.601999500095693474e+00,3.601999115740488921e+00,3.601998740120613718e+00,3.601998372941626503e+00,3.601998013922190989e+00,3.601997662793261501e+00,3.601997319297598921e+00,3.601996983188942902e+00,3.601996654231506056e+00,3.601996332199504547e+00,3.601996016876516826e+00,3.601995708054988476e+00,3.601995405535973305e+00,3.601995109128460992e+00,3.601994818649067565e+00
1.685801534515031506e+02,8.443407926669794961e+01,5.638646790891859695e+01,4.236347834510492305e+01,3.395035745848169739e+01,2.834218511671388185e+01,2.433684710386235750e+01,2.133329569669758996e+01,1.899760921035345262e+01,1.712943594775857648e+01,1.560128375845527771e+01,1.432815345160469711e+01,1.325120010420513950e+01,1.232839539291920161e+01,1.152891706743726807e+01,1.082964713912634025e+01,1.021290784152491149e+01,9.664952931613353115e+00,9.174927652855885185e+00,8.734148497751533569e+00,8.335587424285735736e+00,7.973493913776166231e+00,7.643118075819866242e+00,7.340501909655038126e+00,7.062320964622432307e+00,6.805762934248285490e+00,6.568430944635363922e+00,6.348273510315720181e+00,6.143519929487996301e+00,5.952637045677941607e+00,5.774291140396003996e+00,5.607313066557749082e+00,5.450678412159895458e+00,5.303482731196775823e+00,5.164924256182205298e+00,5.034293362838852204e+00,4.910955201321343111e+00,4.794344662783259992e+00,4.683953853273192358e+00,4.579327298702549953e+00,4.480055326595787868e+00,4.385766978962640117e+00,4.296128878397415640e+00,4.210837906158205968e+00,4.129620936133354903e+00,4.052231058189578405e+00,3.978444225042892413e+00,3.908060014597851239e+00,3.840901092897635483e+00,3.776811883642916534e+00,3.715666204493239810e+00,3.657381475789256875e+00,3.602021363998928472e+00,3.602020339866195187e+00,3.602019352981331135e+00,3.602018401344092791e+00,3.602017483093512329e+00,3.602016596509498125e+00,3.602015739977947995e+00,3.602014911998732138e+00,3.602014111165382726e+00,3.602013336165786672e+00,3.602012585769297282e+00,3.602011858822540269e+00,3.602011154243554447e+00,3.602010471015452353e+00,3.602009808182224049e+00,3.602009164844121702e+00,3.602008540153473160e+00,3.602007933311170085e+00,3.602007343563000230e+00,3.602006770198324936e+00,3.602006212541543739e+00,3.602005669952617950e+00,3.602005141836526647e+00,3.602004627617484189e+00,3.602004126754776880e+00,3.602003638734719182e+00,3.602003163069594116e+00,3.602002699296086519e+00,3.602002246973789568e+00,3.602001805686215086e+00,3.602001375029639352e+00,3.602000954626817908e+00,3.602000544115810943e+00,3.602000143151560696e+00,3.601999751404899364e+00,3.601999368561568104e+00,3.601998994321456760e+00,3.601998628397774738e+00,3.601998270516379108e+00,3.601997920415016985e+00,3.601997577842729559e+00,3.601997242559198842e+00,3.601996914334280042e+00,3.601996592947358078e+00,3.601996278186993194e+00,3.601995969850332546e+00,3.601995667742645679e+00,3.601995371677125135e+00
1.720608873200097264e+02,8.617111909851752216e+01,5.754225103108667128e+01,4.322861312135397327e+01,3.464108671484533630e+01,2.891662990598481997e+01,2.482821948630256870e+01,2.176235267327197676e+01,1.937818757550003212e+01,1.747122267710989973e+01,1.591132334628808742e+01,1.461172758728626420e+01,1.351237365435420834e+01,1.257036152319652444e+01,1.175422797490849014e+01,1.104037733942107558e+01,1.041076738656552614e+01,9.851364989094617997e+00,9.351089873503424243e+00,8.901079593347496655e+00,8.494160253400778515e+00,8.124462842608339841e+00,7.787137943915066529e+00,7.478144834490948689e+00,7.194090992128223228e+00,6.932105080403612618e+00,6.689741768158007140e+00,6.464905356897093114e+00,6.255789543528282870e+00,6.060829226329319752e+00,5.878661641235182422e+00,5.708094780779483735e+00,5.548081951096265563e+00,5.397698913831982637e+00,5.256128221662272892e+00,5.122644487528749124e+00,4.996600345421712497e+00,4.877418382398820640e+00,4.764579031302860201e+00,4.657617288254932930e+00,4.556114027641880782e+00,4.459691099519910829e+00,4.368005282272730661e+00,4.280747756652077740e+00,4.197637448455330045e+00,4.118420899200744500e+00,4.042867061497395831e+00,3.970767932590867577e+00,3.901937337088467572e+00,3.836208821877618469e+00,3.773438162777603910e+00,3.713508691507691584e+00,3.656346315185724727e+00,3.602021363998439085e+00,3.602020358490041207e+00,3.602019388893713980e+00,3.602018453322625824e+00,3.602017550005986113e+00,3.602016677318265359e+00,3.602015833714023341e+00,3.602015017770599847e+00,3.602014228151058095e+00,3.602013463594311737e+00,3.602012722929050614e+00,3.602012005058813582e+00,3.602011308939597978e+00,3.602010633600068790e+00,3.602009978123472678e+00,3.602009341646192908e+00,3.602008723352890573e+00,3.602008122478452812e+00,3.602007538293902744e+00,3.602006970111582884e+00,3.602006417288285967e+00,3.602005879206978012e+00,3.602005355285653465e+00,3.602004844972713560e+00,3.602004347744196089e+00,3.602003863104259906e+00,3.602003390580281739e+00,3.602002929723590707e+00,3.602002480107899807e+00,3.602002041326902049e+00,3.602001612992094870e+00,3.602001194733716272e+00,3.602000786204145655e+00,3.602000387066013776e+00,3.601999997000069786e+00,3.601999615701253710e+00,3.601999242873378027e+00,3.601998878239488722e+00,3.601998521532448816e+00,3.601998172496529982e+00,3.601997830886886298e+00,3.601997496469047988e+00,3.601997169018246403e+00,3.601996848319002353e+00,3.601996534164622510e+00,3.601996226356807274e+00,3.601995924705175156e+00
1.755558335678669835e+02,8.791527561167572458e+01,5.870278551890519481e+01,4.409731625689445167e+01,3.533467619405330140e+01,2.949346150759778595e+01,2.532164086129317582e+01,2.219320589608243210e+01,1.976036550759248200e+01,1.781445262835518761e+01,1.622267727571210472e+01,1.489650933053120063e+01,1.377466465385474770e+01,1.281336640512574299e+01,1.198051049862661621e+01,1.125202225351227803e+01,1.060948995535171768e+01,1.003859315499055072e+01,9.528027377970632372e+00,9.068749905362201602e+00,8.653440239673431122e+00,8.276108287149584797e+00,7.931805601921427140e+00,7.616411116480158228e+00,7.326462269557379337e+00,7.059028199388427183e+00,6.811614659340325062e+00,6.582082433594582227e+00,6.368588334381809268e+00,6.169535274084533505e+00,5.983532586015069654e+00,5.809363801685572426e+00,5.645960292831979643e+00,5.492379564651451496e+00,5.347787269350847694e+00,5.211442234733631551e+00,5.082684226604784250e+00,4.960922955127600176e+00,4.845629126699868117e+00,4.736326847576578736e+00,4.632588190754930224e+00,4.534025864498955727e+00,4.440290678304978478e+00,4.351065157721557775e+00,4.266062231308590746e+00,4.185021893840026763e+00,4.107705597401080766e+00,4.033900392092151677e+00,3.963411230025103649e+00,3.896063676873776416e+00,3.831703717950830423e+00,3.770196001332786651e+00,3.711433868421530224e+00,3.655349804216919463e+00,3.602021363999167836e+00,3.602020376445484118e+00,3.602019423546780175e+00,3.602018503504929914e+00,3.602017614652153199e+00,3.602016755427150052e+00,3.602015924371776645e+00,3.602015120127067149e+00,3.602014341413548149e+00,3.602013587035602704e+00,3.602012855868288010e+00,3.602012146860960051e+00,3.602011459012183003e+00,3.602010791396823119e+00,3.602010143137952980e+00,3.602009513392330220e+00,3.602008901388665585e+00,3.602008306385828362e+00,3.602007727687079441e+00,3.602007164626307656e+00,3.602006616577858811e+00,3.602006082956959787e+00,3.602005563193752646e+00,3.602005056757839885e+00,3.602004563140541737e+00,3.602004081868673158e+00,3.602003612477592487e+00,3.602003154532569695e+00,3.602002707627327549e+00,3.602002271357406027e+00,3.602001845355427889e+00,3.602001429259952481e+00,3.602001022730408675e+00,3.602000625440132886e+00,3.602000237077760403e+00,3.601999857345641765e+00,3.601999485959273883e+00,3.601999122646540652e+00,3.601998767146981972e+00,3.601998419211240865e+00,3.601998078600457731e+00,3.601997745087651470e+00,3.601997418449517596e+00,3.601997098477363490e+00,3.601996784967717691e+00,3.601996477729941581e+00
1.790652656644958824e+02,8.966668493166234555e+01,5.986816208353107527e+01,4.496965636948021228e+01,3.603117880169402554e+01,3.007272479989165959e+01,2.581714971508798584e+01,2.262588873272513723e+01,2.014417271153959632e+01,1.815915141257087484e+01,1.653536793467633004e+01,1.518251924317240764e+01,1.403809214590487109e+01,1.305742832663277930e+01,1.220778250600732484e+01,1.146459706109555121e+01,1.080908880632360791e+01,1.022665132934361054e+01,9.705754441883303940e+00,9.237172717124579435e+00,8.813437376631465980e+00,8.428439638964023928e+00,8.077133206948570177e+00,7.755312687060682997e+00,7.459445382104279432e+00,7.186541728209972391e+00,6.934057641684297835e+00,6.699811244125044141e+00,6.481922601290292185e+00,6.278761179515504054e+00,6.088909784486110865e+00,5.911125754772618812e+00,5.744320017013547108e+00,5.587530607300630336e+00,5.439906299654222011e+00,5.300690923628346596e+00,5.169210545166979642e+00,5.044863062098912998e+00,4.927107123941880218e+00,4.815458581347221489e+00,4.709478375397393890e+00,4.608773318239311578e+00,4.512985526965442418e+00,4.421789994421723158e+00,4.334893550496678571e+00,4.252028832021661486e+00,4.172953719638900161e+00,4.097446186754229558e+00,4.025306697089532371e+00,3.956353821649011060e+00,3.890424947216736928e+00,3.827374118341575482e+00,3.767078047486142722e+00,3.709436529613033606e+00,3.654389854004467697e+00,3.602021363999301062e+00,3.602020393769922002e+00,3.602019457001218949e+00,3.602018551986885253e+00,3.602017677141316820e+00,3.602016830978186590e+00,3.602016012110902832e+00,3.602015219238908106e+00,3.602014451144416540e+00,3.602013706683564020e+00,3.602012984782174687e+00,3.602012284430104128e+00,3.602011604673793776e+00,3.602010944626086175e+00,3.602010303433968996e+00,3.602009680301004657e+00,3.602009074479753714e+00,3.602008485257581327e+00,3.602007911958452269e+00,3.602007353948074808e+00,3.602006810621722899e+00,3.602006281411992639e+00,3.602005765768228951e+00,3.602005263176144556e+00,3.602004773151277206e+00,3.602004295228264041e+00,3.602003828959506659e+00,3.602003373923732710e+00,3.602002929726935587e+00,3.602002495979440333e+00,3.602002072319133941e+00,3.602001658398122252e+00,3.602001253884418830e+00,3.602000858460881805e+00,3.602000471822132344e+00,3.602000093685731485e+00,3.601999723764197636e+00,3.601999361804135713e+00,3.601999007542290077e+00,3.601998660736456248e+00,3.601998321156692384e+00,3.601997988579672683e+00,3.601997662789966359e+00,3.601997343581878397e+00,3.601997030757935203e+00
1.825894710006831190e+02,9.142549018306543473e+01,6.103847602194406363e+01,4.584570428412487075e+01,3.673065261100500578e+01,3.065446700728674401e+01,2.631478790479910046e+01,2.306043634769029893e+01,2.052964098712638119e+01,1.850534752180466924e+01,1.684942206380132035e+01,1.546978221769689732e+01,1.430267766379070160e+01,1.330256738127912008e+01,1.243606356552058401e+01,1.167811826995394320e+01,1.100958022192426355e+01,1.041555580680576654e+01,9.884284949542657017e+00,9.406359162978874977e+00,8.974165049532164318e+00,8.581472144733092833e+00,8.223132480880332551e+00,7.894858506818760446e+00,7.593048240153503770e+00,7.314654704244354377e+00,7.057081106625992639e+00,6.818102097215185786e+00,6.595801047417586105e+00,6.388516088848275487e+00,6.194800391297713205e+00,6.013388280998071878e+00,5.843167830971596644e+00,5.683158297475773502e+00,5.532491422219742994e+00,5.390396241631096430e+00,5.256184075505806241e+00,5.129241815138539273e+00,5.009016774093626445e+00,4.895014957399804523e+00,4.786788633437875973e+00,4.683935491459053857e+00,4.586090040614482888e+00,4.492921472607861233e+00,4.404129945832925941e+00,4.319440751850168070e+00,4.238606219924566432e+00,4.161399462650818393e+00,4.087615249222023905e+00,4.017064666545448581e+00,3.949579781240927012e+00,3.885006780710353880e+00,3.823211339079940707e+00,3.764077841216364906e+00,3.707512484637139227e+00,3.653464523751358772e+00,3.602021363999430736e+00,3.602020410498063985e+00,3.602019489323680101e+00,3.602018598852742670e+00,3.602017737579279011e+00,3.602016904092581129e+00,3.602016097059523858e+00,3.602015315250824745e+00,3.602014557495961444e+00,3.602013822703436841e+00,3.602013109845056071e+00,3.602012417953092349e+00,3.602011746115934443e+00,3.602011093474170256e+00,3.602010459216654858e+00,3.602009842574217746e+00,3.602009242829721458e+00,3.602008659296774606e+00,3.602008091322024264e+00,3.602007538293795275e+00,3.602006999627735517e+00,3.602006474775187428e+00,3.602005963214032214e+00,3.602005464437108895e+00,3.602004977976345668e+00,3.602004503381526224e+00,3.602004040225072146e+00,3.602003588091238662e+00,3.602003146600802452e+00,3.602002715375118402e+00,3.602002294060192344e+00,3.602001882323000448e+00,3.602001479840701403e+00,3.602001086300169685e+00,3.602000701408850425e+00,3.602000324883649629e+00,3.601999956457930807e+00,3.601999595869982862e+00,3.601999242873382023e+00,3.601998897230850538e+00,3.601998558714984977e+00,3.601998227106205430e+00,3.601997902199357338e+00,3.601997583789277702e+00
1.861287516631472556e+02,9.319184192922332954e+01,6.221382749136235901e+01,4.672553499064565585e+01,3.743315682361517105e+01,3.123873787107501698e+01,2.681459659129335549e+01,2.349688581463459158e+01,2.091680227476702569e+01,1.885306953335145508e+01,1.716486626096909163e+01,1.575832243405239730e+01,1.456844207120271939e+01,1.354880506845287158e+01,1.266537071997580810e+01,1.189260349128924865e+01,1.121098228646279082e+01,1.060532191011900238e+01,1.006363214456421673e+01,9.576324759772681716e+00,9.135636881477887883e+00,8.735214991423505992e+00,8.369813394603031753e+00,8.035060903000941224e+00,7.727284807409006362e+00,7.443377270237524712e+00,7.180692354981433212e+00,6.936962641419694542e+00,6.710232055097085535e+00,6.498808026382535630e+00,6.301213420169649915e+00,6.116159107910251080e+00,5.942511484028543123e+00,5.779269441704858679e+00,5.625548870689460301e+00,5.480563223011806429e+00,5.343610217175163157e+00,5.214064161326206204e+00,5.091362553840891536e+00,4.974999968410999784e+00,4.864521228520449547e+00,4.759514111097783662e+00,4.659607243632136075e+00,4.564462378647407448e+00,4.473771135849891500e+00,4.387256234683436062e+00,4.304661828079203723e+00,4.225756899804366640e+00,4.150329093577386885e+00,4.078186896085773228e+00,4.009154053727160161e+00,3.943071704719686821e+00,3.879797960086373010e+00,3.819205980794752264e+00,3.761188061372723102e+00,3.705658864222184157e+00,3.652572005515722253e+00,3.602021363999352577e+00,3.602020426659562791e+00,3.602019520568145339e+00,3.602018644183043516e+00,3.602017796069744371e+00,3.602016974885240863e+00,3.602016179359025294e+00,3.602015408310192957e+00,3.602014660626530418e+00,3.602013935257763588e+00,3.602013231229753032e+00,3.602012547606000314e+00,3.602011883514340873e+00,3.602011238129492199e+00,3.602010610672022217e+00,3.602010000405166945e+00,3.602009406631998534e+00,3.602008828692810916e+00,3.602008265962381994e+00,3.602007717845279178e+00,3.602007183785557842e+00,3.602006663246972717e+00,3.602006155723891379e+00,3.602005660727061631e+00,3.602005177808291325e+00,3.602004706520847144e+00,3.602004246457185754e+00,3.602003797221798642e+00,3.602003358428205182e+00,3.602002929724352320e+00,3.602002510766291632e+00,3.602002101220590724e+00,3.602001700773338921e+00,3.602001309128880280e+00,3.602000926002162373e+00,3.602000551111701476e+00,3.602000184197761357e+00,3.601999825005837153e+00,3.601999473299416721e+00,3.601999128846978149e+00,3.601998791421918256e+00,3.601998460813524261e+00,3.601998136814730689e+00
1.896834252983203442e+02,9.496589867922321559e+01,6.339432225262422804e+01,4.760922748839423235e+01,3.813875426908948896e+01,3.182558985741274782e+01,2.731662125270580077e+01,2.393527630411356455e+01,2.130569304326012414e+01,1.920234862520921126e+01,1.748172926945378336e+01,1.604816397626197855e+01,1.483541083970541585e+01,1.379616400915944041e+01,1.289572451686364474e+01,1.210807324318262701e+01,1.141331284916248556e+01,1.079596482639882460e+01,1.024381345694858148e+01,9.747085626894836707e+00,9.297865633918910078e+00,8.889683517030436022e+00,8.517191170475486572e+00,8.175932050434571607e+00,7.862163685194767382e+00,7.572720211568897852e+00,7.304904507068744834e+00,7.056404217066120310e+00,6.825225859786243632e+00,6.609644346088302314e+00,6.408155882826809702e+00,6.219445207362794825e+00,6.042356687042786056e+00,5.875870824405144965e+00,5.719085234992721034e+00,5.571198173094026096e+00,5.431494938004997053e+00,5.299336455823088876e+00,5.174150012902911655e+00,5.055419096188065176e+00,4.942680756533324171e+00,4.835514378412966607e+00,4.733540323924249726e+00,4.636413256372901692e+00,4.543820139954283022e+00,4.455475791521182671e+00,4.371120384250493984e+00,4.290515781711967236e+00,4.213446542835598052e+00,4.139714230436980280e+00,4.069138088324298685e+00,4.001555500333511262e+00,3.936815922815305679e+00,3.874786804220070824e+00,3.815349980747804182e+00,3.758403908586359865e+00,3.703870707356300862e+00,3.651710627142225718e+00,3.602021363999659886e+00,3.602020442280667201e+00,3.602019550786623725e+00,3.602018688050530493e+00,3.602017852703384371e+00,3.602017043465067125e+00,3.602016259122377662e+00,3.602015498542975536e+00,3.602014760675190885e+00,3.602014044502830803e+00,3.602013349092547667e+00,3.602012673551944211e+00,3.602012017039751157e+00,3.602011378766480032e+00,3.602010757977768041e+00,3.602010153967146522e+00,3.602009566063462565e+00,3.602008993630923861e+00,3.602008436066749919e+00,3.602007892799136357e+00,3.602007363285131269e+00,3.602006847008980106e+00,3.602006343480268491e+00,3.602005852232905703e+00,3.602005372820161089e+00,3.602004904827148302e+00,3.602004447843198509e+00,3.602004001486608598e+00,3.602003565388899098e+00,3.602003139204104087e+00,3.602002722597441586e+00,3.602002315251248366e+00,3.602001916855233521e+00,3.602001527116480695e+00,3.602001145762988354e+00,3.602000772522876204e+00,3.602000407142989413e+00,3.602000049370216228e+00,3.601999698979036157e+00,3.601999355736213104e+00,3.601999019427681858e+00,3.601998689845300916e+00
1.932538261282994938e+02,9.674782747992698262e+01,6.458006989489828698e+01,4.849686511831578173e+01,3.884751156062075950e+01,3.241507840157059661e+01,2.782090800834032152e+01,2.437564971723075757e+01,2.169634846395138084e+01,1.955321787232331232e+01,1.780004156496205781e+01,1.633933410615056303e+01,1.510360948971688089e+01,1.404466520864807855e+01,1.312714696316106888e+01,1.232454743723945256e+01,1.161658860839412810e+01,1.098750385043570965e+01,1.042484661971821502e+01,9.918653798054611670e+00,9.460867449787530248e+00,9.044892391291572409e+00,8.665276850833389943e+00,8.317483954733793539e+00,7.997699517383309420e+00,7.702696497919947483e+00,7.429726612157457666e+00,7.176435148986908708e+00,6.940792150935373606e+00,6.721037394350424243e+00,6.515638843110139966e+00,6.323256547454319865e+00,6.142713155988273499e+00,5.972970062207851427e+00,5.813108007552281187e+00,5.662308662834657724e+00,5.519845139809707923e+00,5.385064890553049821e+00,5.257384191197054690e+00,5.136277412938414777e+00,5.021271850946108728e+00,4.911939645594946668e+00,4.807892135778553566e+00,4.708779101630983455e+00,4.614279063643087042e+00,4.524101746232661370e+00,4.437982425075318815e+00,4.355677398785188892e+00,4.276964791957342804e+00,4.201644016549870742e+00,4.129528063596963783e+00,4.060448292232905487e+00,3.994251822521680317e+00,3.930798832830654899e+00,3.869962836611998469e+00,3.811634511087783839e+00,3.755719631381041257e+00,3.702145681313060877e+00,3.650878826817988809e+00,3.602021363999605708e+00,3.602020457391719166e+00,3.602019580032696400e+00,3.602018730527019930e+00,3.602017907571423372e+00,3.602017109934771089e+00,3.602016336468955249e+00,3.602015586086979582e+00,3.602014857782829260e+00,3.602014150585842067e+00,3.602013463591211995e+00,3.602012795951776702e+00,3.602012146858539765e+00,3.602011515547963949e+00,3.602010901302311385e+00,3.602010303434173277e+00,3.602009721299369804e+00,3.602009154284961934e+00,3.602008601809378430e+00,3.602008063320541797e+00,3.602007538293926281e+00,3.602007026230952924e+00,3.602006526657330010e+00,3.602006039121617320e+00,3.602005563190607162e+00,3.602005098464417188e+00,3.602004644540051981e+00,3.602004201055832411e+00,3.602003767648287891e+00,3.602003343982252748e+00,3.602002929729058334e+00,3.602002524575822484e+00,3.602002128234183864e+00,3.602001740419221054e+00,3.602001360851027290e+00,3.602000989275544018e+00,3.602000625440332282e+00,3.602000269108397656e+00,3.601999920050559911e+00,3.601999578039368988e+00,3.601999242871409379e+00
1.968403060991948337e+02,9.853780461691324888e+01,6.577118854692585614e+01,4.938853596024571857e+01,3.955949726046588211e+01,3.300726219975495468e+01,2.832750698454133342e+01,2.481804879808910513e+01,2.208880611003528927e+01,1.990571291302487822e+01,1.811983269619756243e+01,1.663186215334189910e+01,1.537306495597676204e+01,1.429433316479613225e+01,1.335966229129845750e+01,1.254204596396015603e+01,1.182083083220457098e+01,1.117995926610277024e+01,1.060674547420876834e+01,1.009104924284438276e+01,9.624658997716220910e+00,9.200853774091495296e+00,8.814086567522799953e+00,8.459731789666463442e+00,8.133903206838706268e+00,7.833316472540107434e+00,7.555172373705998368e+00,7.297069912995580943e+00,7.056941323127773558e+00,6.832995064487223935e+00,6.623671206748137585e+00,6.427602564348118719e+00,6.243590609481717735e+00,6.070577096057732547e+00,5.907625275577906621e+00,5.753902737361140218e+00,5.608667357005973741e+00,5.471255465228083814e+00,5.341071848176282444e+00,5.217581240381875318e+00,5.100301063510725541e+00,4.988795195031613616e+00,4.882668609867983456e+00,4.781563099420476526e+00,4.685151344921052008e+00,4.593137192762749343e+00,4.505249835330205954e+00,4.421241106091426509e+00,4.340885327878479139e+00,4.263974162065901297e+00,4.190319280745592678e+00,4.119746955296445634e+00,4.052097462464430144e+00,3.987228265899796842e+00,3.925006793661067306e+00,3.865316732813484091e+00,3.808053393530331121e+00,3.753130555020372405e+00,3.700480328030965715e+00,3.650075150228762944e+00,3.602021364002333303e+00,3.602020472015834862e+00,3.602019608347452273e+00,3.602018771675018716e+00,3.602017960745771408e+00,3.602017174388688847e+00,3.602016411505119198e+00,3.602015671059321189e+00,3.602014952075753840e+00,3.602014253634559626e+00,3.602013574867722223e+00,3.602012914952406497e+00,3.602012273120722696e+00,3.602011648635021768e+00,3.602011040802371777e+00,3.602010448967855272e+00,3.602009872503196153e+00,3.602009310819686227e+00,3.602008763356015386e+00,3.602008229578946619e+00,3.602007708981578737e+00,3.602007201081702359e+00,3.602006705420401467e+00,3.602006221557516596e+00,3.602005749082450414e+00,3.602005287595239746e+00,3.602004836716977465e+00,3.602004396086851745e+00,3.602003965360036197e+00,3.602003544202609042e+00,3.602003132303408961e+00,3.602002729356590383e+00,3.602002335075226380e+00,3.602001949177915829e+00,3.602001571410684555e+00,3.602001201511823680e+00,3.602000839240490748e+00,3.602000484361761234e+00,3.602000136652923068e+00,3.601999795898815915e+00
2.004432362639369956e+02,1.003360164578697038e+02,6.696780111106470201e+01,5.028433331102872472e+01,4.027478648519082327e+01,3.360220401422868264e+01,2.883646999807953293e+01,2.526252171370328625e+01,2.248310732677746060e+01,2.025987012959313560e+01,1.844113526862387786e+01,1.692577960166766360e+01,1.564380254059951270e+01,1.454519493691219090e+01,1.359329380562505030e+01,1.276059179107602404e+01,1.202606254223819349e+01,1.137334666714522058e+01,1.078953197089511207e+01,1.026428986672978461e+01,9.789254415768656514e+00,9.357587090723729517e+00,8.963634804182778026e+00,8.602687023511885300e+00,8.270790142718480453e+00,7.964596294061720094e+00,7.681252524662154357e+00,7.418317934965282134e+00,7.173686257341404193e+00,6.945530808399240641e+00,6.732262727000840385e+00,6.532492060713727788e+00,6.344997806623823067e+00,6.168700551623408579e+00,6.002647445406185334e+00,5.845989250505079227e+00,5.697971383142776958e+00,5.557917505682051562e+00,5.425221329665001591e+00,5.299337566674912736e+00,5.179774541288360901e+00,5.066087858341501438e+00,4.957874950270511505e+00,4.854770356232997131e+00,4.756442016059534872e+00,4.662585774397948413e+00,4.572926130573988779e+00,4.487210676151104138e+00,4.405208264878191393e+00,4.326706414105521148e+00,4.251512382802554946e+00,4.179447182112642878e+00,4.110348428313644220e+00,4.044067438665910785e+00,3.980468750268853384e+00,3.919429600707885264e+00,3.860838433756899057e+00,3.804599581027553246e+00,3.750631320624878029e+00,3.698871749988650315e+00,3.649298576979044029e+00,3.602021364004095005e+00,3.602020486169925206e+00,3.602019635779424078e+00,3.602018811554989597e+00,3.602018012307053318e+00,3.602017236917232079e+00,3.602016484333004254e+00,3.602015753562839429e+00,3.602015043671800587e+00,3.602014353782042821e+00,3.602013683050030224e+00,3.602013030692746476e+00,3.602012395969722558e+00,3.602011778173036305e+00,3.602011176633757472e+00,3.602010590721454353e+00,3.602010019830025556e+00,3.602009463391552035e+00,3.602008920864026464e+00,3.602008391732268500e+00,3.602007875506163082e+00,3.602007371716279494e+00,3.602006879924211535e+00,3.602006399703697070e+00,3.602005930651914323e+00,3.602005472384659512e+00,3.602005024527660026e+00,3.602004586739849135e+00,3.602004158678199897e+00,3.602003740021399558e+00,3.602003330473985798e+00,3.602002929729038794e+00,3.602002537506638902e+00,3.602002153543856000e+00,3.602001777582175546e+00,3.602001409372356022e+00,3.602001048676531703e+00,3.602000695270300756e+00,3.602000348926309048e+00
2.040630083997748727e+02,1.021426604821216415e+02,6.817003801112394967e+01,5.118435569669081531e+01,4.099345707232322411e+01,3.419996708257731655e+01,2.934785302186749334e+01,2.570911622587661682e+01,2.287929447976117814e+01,2.061572924335819579e+01,1.876398508817332456e+01,1.722111936875221261e+01,1.591585225062219067e+01,1.479728010172122410e+01,1.382806487186270417e+01,1.298020954043303377e+01,1.223230321895749029e+01,1.156768985759892843e+01,1.097322675388144120e+01,1.043839168539518703e+01,9.954674573211192978e+00,9.515107889479251568e+00,9.113936810857774518e+00,8.746369157991727761e+00,8.408374450532701161e+00,8.096545943841043425e+00,7.807982586442571815e+00,7.540194393436999931e+00,7.291037393048702242e+00,7.058654436173350533e+00,6.841426963751084500e+00,6.637938098255258268e+00,6.446944599709387269e+00,6.267349594408223368e+00,6.098181648047894754e+00,5.938576850562395926e+00,5.787765729298095962e+00,5.645058911884293096e+00,5.509840638547443881e+00,5.381554042736559573e+00,5.259699540273413021e+00,5.143824072288198934e+00,5.033517525778687052e+00,4.928407548130182114e+00,4.828155393643369209e+00,4.732452300644158782e+00,4.641016677312831185e+00,4.553589684303212870e+00,4.469937234704380202e+00,4.389842553520593604e+00,4.313107093138949466e+00,4.239549399276206110e+00,4.169002126877575876e+00,4.101312815531220402e+00,4.036341446554569501e+00,3.973960750662634656e+00,3.914055412734821715e+00,3.856520624518117391e+00,3.801266850138270037e+00,3.748217589831714935e+00,3.697317581472284065e+00,3.648546831624692288e+00,3.602021363999817094e+00,3.602020499885937976e+00,3.602019662367348385e+00,3.602018850228273283e+00,3.602018062332203119e+00,3.602017297609539703e+00,3.602016555052727664e+00,3.602015833711844195e+00,3.602015132690416621e+00,3.602014451141785756e+00,3.602013788265741479e+00,3.602013143304648946e+00,3.602012515543097759e+00,3.602011904301590572e+00,3.602011308936498235e+00,3.602010728837182540e+00,3.602010163423893463e+00,3.602009612148636020e+00,3.602009074482833473e+00,3.602008549930519887e+00,3.602008038017109115e+00,3.602007538292981259e+00,3.602007050324675053e+00,3.602006573707892123e+00,3.602006108046429844e+00,3.602005652971126182e+00,3.602005208119661628e+00,3.602004773150677241e+00,3.602004347749612201e+00,3.602003931591429620e+00,3.602003524382820121e+00,3.602003125832347941e+00,3.602002735678954348e+00,3.602002353653094957e+00,3.602001979504713347e+00,3.602001612990934909e+00,3.602001253884478338e+00,3.602000901954340861e+00
2.077000369865873211e+02,1.039579449298978773e+02,6.937803754192620431e+01,5.208870345292017134e+01,4.171559224174381342e+01,3.480061878055635560e+01,2.986171664323550701e+01,2.615788003856568267e+01,2.327741560631221773e+01,2.097332793058285105e+01,1.908842071134130691e+01,1.751791209959225526e+01,1.618924697983154459e+01,1.505061360124408232e+01,1.406400420224846393e+01,1.320092550244386764e+01,1.243957712719321940e+01,1.176301305557711530e+01,1.115784746535781302e+01,1.061337814356286025e+01,1.012093690363559872e+01,9.673433137952137884e+00,9.265012772155468923e+00,8.890791287163041900e+00,8.546671388193050944e+00,8.229184944546837244e+00,7.935374878034130219e+00,7.662710936581524024e+00,7.409010920475688877e+00,7.172380111239965217e+00,6.951173658438458247e+00,6.743950881931548125e+00,6.549444742128567754e+00,6.366536860746801807e+00,6.194239912265380177e+00,6.031674885951415988e+00,5.878058223114528857e+00,5.732688531613275629e+00,5.594937209257177635e+00,5.464239372877041312e+00,5.340084022064338853e+00,5.222011408307966285e+00,5.109603483497018317e+00,5.002480997954257269e+00,4.900299273935852185e+00,4.802742978982711186e+00,4.709524854608834410e+00,4.620382861860019119e+00,4.535076256356616931e+00,4.453384990685066214e+00,4.375106722476709287e+00,4.300053907880479365e+00,4.228058589251004307e+00,4.158961470238557112e+00,4.092620922641648562e+00,4.028903982300576558e+00,3.967691329631545916e+00,3.908874217444862076e+00,3.852355194454186282e+00,3.798049424241688676e+00,3.745886006338424945e+00,3.695814622258639215e+00,3.647819745259139879e+00,3.602021364000278503e+00,3.602020513179913674e+00,3.602019688149569632e+00,3.602018887747151510e+00,3.602018110886032520e+00,3.602017356542607018e+00,3.602016623751874480e+00,3.602015911603143827e+00,3.602015219236296417e+00,3.602014545838406967e+00,3.602013890640451077e+00,3.602013252913839114e+00,3.602012631972567824e+00,3.602012027157779350e+00,3.602011437850522135e+00,3.602010863462420165e+00,3.602010303433182514e+00,3.602009757232644382e+00,3.602009224354127959e+00,3.602008704313803378e+00,3.602008196658141870e+00,3.602007700946717517e+00,3.602007216762599384e+00,3.602006743711543724e+00,3.602006281409604327e+00,3.602005829497001876e+00,3.602005387626879607e+00,3.602004955468229852e+00,3.602004532708834361e+00,3.602004119036565033e+00,3.602003714165875614e+00,3.602003317818787131e+00,3.602002929728912228e+00,3.602002549640938689e+00,3.602002177309824305e+00,3.602001812500567279e+00,3.602001454987511675e+00
2.113547616393457531e+02,1.057820836739102504e+02,7.059194682173082924e+01,5.299748535019853790e+01,4.244128086215135198e+01,3.540423146053274195e+01,3.037812493276468473e+01,2.660886927623616671e+01,2.367752086764974351e+01,2.133271067912599861e+01,1.941448322367872947e+01,1.781619430078017174e+01,1.646402185320278022e+01,1.530522680923789025e+01,1.430114295749062947e+01,1.342276343267463901e+01,1.264791120579943140e+01,1.195933608127549874e+01,1.134341919276129040e+01,1.078926831132224429e+01,1.028806064812791732e+01,9.832585283803778609e+00,9.416877194823724651e+00,9.035973291854892508e+00,8.685699344970155167e+00,8.362525322993089816e+00,8.063446893595415332e+00,7.785884320366021072e+00,7.527616777311045837e+00,7.286721399013194933e+00,7.061518580190691452e+00,6.850543014413099208e+00,6.652506759270845116e+00,6.466273085908379237e+00,6.290834018273985251e+00,6.125295548836601434e+00,5.968860927521325799e+00,5.820815839570716577e+00,5.680521847246153833e+00,5.547401365444152077e+00,5.420937055645810076e+00,5.300658186387022575e+00,5.186140753279593341e+00,5.076998218439008781e+00,4.972879190705659092e+00,4.873463693968785648e+00,4.778457970529200516e+00,4.687595475900956821e+00,4.600630895798077269e+00,4.517338552154432918e+00,4.437513430003787285e+00,4.360965073123144187e+00,4.287518531277892286e+00,4.217015077281674351e+00,4.149305032609209576e+00,4.084255351201928619e+00,4.021740706883858429e+00,3.961648839133804945e+00,3.903877439491789225e+00,3.848334940246556535e+00,3.794941922549925906e+00,3.743632461309809756e+00,3.694360860791917389e+00,3.647115862066678815e+00,3.602021364002796489e+00,3.602020526071047613e+00,3.602019713162108783e+00,3.602018924162518232e+00,3.602018158032505024e+00,3.602017413791910538e+00,3.602016690515835506e+00,3.602015987330781766e+00,3.602015303412597902e+00,3.602014637978122380e+00,3.602013990287636247e+00,3.602013359641627499e+00,3.602012745375159142e+00,3.602012146860024355e+00,3.602011563494737612e+00,3.602010994715885595e+00,3.602010439981700785e+00,3.602009898776293184e+00,3.602009370612071493e+00,3.602008855024889655e+00,3.602008351567979716e+00,3.602007859819388091e+00,3.602007379375333773e+00,3.602006909855058669e+00,3.602006450881298338e+00,3.602006002106916682e+00,3.602005563195763926e+00,3.602005133826167160e+00,3.602004713690333482e+00,3.602004302493534649e+00,3.602003899953555077e+00,3.602003505799819205e+00,3.602003119772946960e+00,3.602002741624177773e+00,3.602002371114792822e+00,3.602002008015598999e+00
2.150276501746180884e+02,1.076153074027910179e+02,7.181192302772925018e+01,5.391081618693378630e+01,4.317061800950625639e+01,3.601088302200317770e+01,3.089714176859755668e+01,2.706214249812375527e+01,2.407965659654808377e+01,2.169392396770211562e+01,1.974221021873244553e+01,1.811600631810496154e+01,1.674020792428295579e+01,1.556115482965301489e+01,1.453950783984140926e+01,1.364575358909717906e+01,1.285733129859246660e+01,1.215668562285605425e+01,1.152996664343262978e+01,1.096608405902470018e+01,1.045607124405633037e+01,9.992580536067244168e+00,9.569552754840946918e+00,9.181932070894683662e+00,8.825473845290396468e+00,8.496588409399659980e+00,8.192212789997656230e+00,7.909728459598984074e+00,7.646874615170176526e+00,7.401690714981484120e+00,7.172473184318933548e+00,6.957729867307937077e+00,6.756146782126945638e+00,6.566570086960648922e+00,6.387975052560910250e+00,6.219450522268167525e+00,6.060184522122230355e+00,5.909452491853443235e+00,5.766603163495043205e+00,5.631050868252320818e+00,5.502266865313447219e+00,5.379773488303315254e+00,5.263138439702003346e+00,5.151967525261722969e+00,5.045904209388943684e+00,4.944621916568499920e+00,4.847823086124143366e+00,4.755233936712087051e+00,4.666606156202404598e+00,4.581708905231785423e+00,4.500333562104452234e+00,4.422285328510544566e+00,4.347386904168492272e+00,4.275473489806455696e+00,4.206395554181864505e+00,4.140013153500722964e+00,4.076200018139729764e+00,4.014838352729611870e+00,3.955822492493441978e+00,3.899056474146055606e+00,3.844453175138194734e+00,3.791939347961665430e+00,3.741453446794619886e+00,3.692954101036203696e+00,3.646434158566184358e+00,3.602021363993688663e+00,3.602020538577266784e+00,3.602019737442365699e+00,3.602018959525559616e+00,3.602018203834749244e+00,3.602017469431294305e+00,3.602016755427894346e+00,3.602016060985445911e+00,3.602015385312547835e+00,3.602014727660102889e+00,3.602014087307876977e+00,3.602013463591722697e+00,3.602012855867950503e+00,3.602012263535400383e+00,3.602011686001695523e+00,3.602011122732388326e+00,3.602010573201376076e+00,3.602010036912039137e+00,3.602009513396141394e+00,3.602009002193673926e+00,3.602008502879682883e+00,3.602008015044192657e+00,3.602007538295874500e+00,3.602007072261002918e+00,3.602006616582456910e+00,3.602006170918849115e+00,3.602005734943607429e+00,3.602005308344133461e+00,3.602004890821284722e+00,3.602004482088358550e+00,3.602004081870725738e+00,3.602003689905016515e+00,3.602003305933989097e+00,3.602002929724474001e+00,3.602002561043838647e+00
2.187192025642874853e+02,1.094578626450662568e+02,7.303813425371865264e+01,5.482882149191964771e+01,4.390369704876878387e+01,3.662065728634139106e+01,3.141883445608603509e+01,2.751776399348750246e+01,2.448387705344013199e+01,2.205702093670861075e+01,2.007164599181707487e+01,1.841739155192595589e+01,1.701784335848198282e+01,1.581843301561340098e+01,1.477913108686920118e+01,1.386992842277247462e+01,1.306786383471359514e+01,1.235509161664447042e+01,1.171751125389243420e+01,1.114385331248606192e+01,1.062498572953903242e+01,1.015344429396736636e+01,9.723058492822934440e+00,9.328687618027636574e+00,8.966016224554783420e+00,8.631387125854876885e+00,8.321692406929184216e+00,8.034261638086492852e+00,7.766796695108900472e+00,7.517306920406356952e+00,7.284054146203535751e+00,7.065522063654182006e+00,6.860377796061547961e+00,6.667442359630395110e+00,6.485674723373589856e+00,6.314150304382435408e+00,6.152041501634844423e+00,5.998610329147392228e+00,5.853194516695459981e+00,5.715198461409929820e+00,5.584085182137460635e+00,5.459367169900210648e+00,5.340604895786036366e+00,5.227398463643486259e+00,5.119382689925213725e+00,5.016227146611435650e+00,4.917626964354322006e+00,4.823306129569999712e+00,4.733008688471723069e+00,4.646502265240755492e+00,4.563572188745519398e+00,4.484020328600943905e+00,4.407666465062217931e+00,4.334342919672648620e+00,4.263893814988652942e+00,4.196179588582595876e+00,4.131068022485529845e+00,4.068440050628317373e+00,4.008184644025682530e+00,3.950202302464097759e+00,3.894402640931760029e+00,3.840703693849183864e+00,3.789037052134682781e+00,3.739346037539609924e+00,3.691592292530310182e+00,3.645773668159941749e+00,3.602021364006331439e+00,3.602020550719260417e+00,3.602019761015406107e+00,3.602018993873981501e+00,3.602018248345625562e+00,3.602017523519639219e+00,3.602016818556422084e+00,3.602016132650396329e+00,3.602015465031050301e+00,3.602014814976026269e+00,3.602014181809967130e+00,3.602013564878914220e+00,3.602012963566362469e+00,3.602012377288798639e+00,3.602011805487546958e+00,3.602011247630256374e+00,3.602010703215349885e+00,3.602010171762701329e+00,3.602009652814831320e+00,3.602009145935486156e+00,3.602008650708587556e+00,3.602008166736828443e+00,3.602007693640851826e+00,3.602007231058127257e+00,3.602006778642044882e+00,3.602006336061109426e+00,3.602005902993400177e+00,3.602005479148915335e+00,3.602005064223321895e+00,3.602004657936868082e+00,3.602004260032594996e+00,3.602003870248222217e+00,3.602003488339985626e+00,3.602003114068159206e+00
2.224299566088338338e+02,1.113100133905790443e+02,7.427074686665444858e+01,5.575163465340495605e+01,4.464061993922508975e+01,3.723364516771420796e+01,3.194327709389805392e+01,2.797579834165436097e+01,2.489024183376130850e+01,2.242204883320838249e+01,2.040284066063733803e+01,1.872038634697015524e+01,1.729697029591489255e+01,1.607709408533070672e+01,1.502005126553926573e+01,1.409531608407312042e+01,1.327954405126094528e+01,1.255457781336545331e+01,1.190608471013073633e+01,1.132259723743166013e+01,1.079483352322997192e+01,1.031519791150618026e+01,9.877416377715350748e+00,9.476263846104576061e+00,9.107343776952646408e+00,8.766946842387225658e+00,8.451901856775375421e+00,8.159500851652868647e+00,7.887403738632320582e+00,7.633583177999509140e+00,7.396277271001645559e+00,7.173939106616035843e+00,6.965213084038012425e+00,6.768904027280657765e+00,6.583949835413617002e+00,6.409409202772701875e+00,6.244443483516394444e+00,6.088301222455839046e+00,5.940307419910956455e+00,5.799856504675750202e+00,5.666402485150211277e+00,5.539449936924913942e+00,5.418551655331753203e+00,5.303299869996288329e+00,5.193324652302617750e+00,5.088287050045599003e+00,4.987879568739937319e+00,4.891819293685279568e+00,4.799847621418702914e+00,4.711726017477793071e+00,4.627235907517717628e+00,4.546176831755563086e+00,4.468363389546378350e+00,4.393625354424516516e+00,4.321805012308031380e+00,4.252756506520284141e+00,4.186347280987075870e+00,4.122453208122787593e+00,4.060961697063191878e+00,4.001768226864664157e+00,3.944779028852372971e+00,3.889908909592328712e+00,3.837080742688411039e+00,3.786230714997683044e+00,3.737306500058129366e+00,3.690273520228481541e+00,3.645133473435786975e+00,3.602021364000832726e+00,3.602020562506111911e+00,3.602019783915355156e+00,3.602019027253933192e+00,3.602018291614144996e+00,3.602017576128878407e+00,3.602016879981020825e+00,3.602016202398793165e+00,3.602015542646203716e+00,3.602014900030078515e+00,3.602014273891266605e+00,3.602013663604152871e+00,3.602013068576193078e+00,3.602012488238122145e+00,3.602011922054675797e+00,3.602011369514192207e+00,3.602010830129436236e+00,3.602010303436098848e+00,3.602009788991442196e+00,3.602009286373099251e+00,3.602008795173229583e+00,3.602008315015448936e+00,3.602007845533844232e+00,3.602007386360800645e+00,3.602006937174393020e+00,3.602006497647191718e+00,3.602006067471821282e+00,3.602005646353034773e+00,3.602005234007541912e+00,3.602004830164052152e+00,3.602004434562219970e+00,3.602004046952366867e+00,3.602003667094711759e+00
2.261604568117105885e+02,1.131720441550542660e+02,7.550994149443820902e+01,5.667940086224747631e+01,4.538150001296733649e+01,3.784993539171083654e+01,3.247055358137130554e+01,2.843630962642481919e+01,2.529881730887790781e+01,2.278906117280360277e+01,2.073584815981153895e+01,1.902503912675604525e+01,1.757763263110422258e+01,1.633717952660592232e+01,1.526230270690100710e+01,1.432195285527166817e+01,1.349239979411015256e+01,1.275517656425884816e+01,1.209571319954106094e+01,1.150234527721207556e+01,1.096563832803144223e+01,1.047786568734951018e+01,1.003265253224019382e+01,9.624678175709613370e+00,9.249482525494396867e+00,8.903282241326110125e+00,8.582864020300762675e+00,8.285465496631456261e+00,8.008711599260735170e+00,7.750541002205279639e+00,7.509158005985785422e+00,7.282995536268101588e+00,7.070671532598451492e+00,6.870969354755262160e+00,6.682813259455153698e+00,6.505243313233714630e+00,6.337405745910326793e+00,6.178537936419761678e+00,6.027954412312285015e+00,5.885037363364141072e+00,5.749231352949194296e+00,5.620033960684389207e+00,5.496989987812971101e+00,5.379683827473753510e+00,5.267739854028662627e+00,5.160812934637745819e+00,5.058590239205661199e+00,4.960783897850907564e+00,4.867130330721144205e+00,4.777387512398178160e+00,4.691332922875911748e+00,4.608761705443285450e+00,4.529485389354596769e+00,4.453328761228208421e+00,4.380133041781629544e+00,4.309749448700296526e+00,4.242040759765159486e+00,4.176880616741005525e+00,4.114153911651084350e+00,4.053752251195849254e+00,3.995578972270925622e+00,3.939544493656177870e+00,3.885568425901231304e+00,3.833578996862570420e+00,3.783516326118554929e+00,3.735331990925658374e+00,3.688995655010467445e+00,3.644512729764909587e+00,3.602021364000936643e+00,3.602020573956508542e+00,3.602019806170023486e+00,3.602019059711633275e+00,3.602018333703028485e+00,3.602017627317950499e+00,3.602016939769870252e+00,3.602016270315138158e+00,3.602015618248997519e+00,3.602014982904048868e+00,3.602014363641872219e+00,3.602013759861321329e+00,3.602013170988890067e+00,3.602012596478674666e+00,3.602012035807895085e+00,3.602011488491665858e+00,3.602010954052926817e+00,3.602010432042737964e+00,3.602009922032824552e+00,3.602009423613856232e+00,3.602008936395577177e+00,3.602008460004396007e+00,3.602007994083316067e+00,3.602007538290956212e+00,3.602007092300583579e+00,3.602006655799377288e+00,3.602006228489036399e+00,3.602005810079576875e+00,3.602005400297104920e+00,3.602004998877578412e+00,3.602004605567526774e+00,3.602004220124426670e+00
2.299112733077592736e+02,1.150442642385424818e+02,7.675592069498436842e+01,5.761226116877263337e+01,4.612646088483837303e+01,3.846962110225098286e+01,3.300075350279678332e+01,2.889937246293690976e+01,2.570966519775474879e+01,2.315812121915979205e+01,2.107071379611778994e+01,1.933140397718247527e+01,1.785986952658806715e+01,1.659873654969646850e+01,1.550592183578898897e+01,1.454987852383612612e+01,1.370646569252342495e+01,1.295692360535683463e+01,1.228642656775553021e+01,1.168312861684886172e+01,1.113742698575771328e+01,1.064147734357542063e+01,1.018878810582229377e+01,9.773960964060556478e+00,9.392450528043507774e+00,9.040421565480482258e+00,8.714596920916999778e+00,8.412176964260865475e+00,8.130741091148353306e+00,7.868196195448639685e+00,7.622717990912255992e+00,7.392708467261311256e+00,7.176768619984716935e+00,6.973657498291238710e+00,6.782280745133063782e+00,6.601666316016014946e+00,6.430943658397991314e+00,6.269336359915794077e+00,6.116148990380852801e+00,5.970754692664819174e+00,5.832585587894863366e+00,5.701132274168492664e+00,5.575931318101163825e+00,5.456561820328006185e+00,5.342639796432844257e+00,5.233815524553993015e+00,5.129769681087505084e+00,5.030209843745563347e+00,4.934867838577329024e+00,4.843497370761473242e+00,4.755871947873353989e+00,4.671783024624980740e+00,4.591038744982165909e+00,4.513460532896036881e+00,4.438885594308931815e+00,4.367162905958455354e+00,4.298152963958024486e+00,4.231726333397670459e+00,4.167763000353263969e+00,4.106154961806377734e+00,4.046799989675643694e+00,3.989606133132059806e+00,3.934490078376600586e+00,3.881374447634137859e+00,3.830193872180675640e+00,3.780890170143160312e+00,3.733420907691021640e+00,3.687757712377169650e+00,3.643910641558110175e+00,3.602021363988010982e+00,3.602020585083249848e+00,3.602019827806220320e+00,3.602019091276523532e+00,3.602018374653923605e+00,3.602017677140813223e+00,3.602016997981142499e+00,3.602016336468916169e+00,3.602015691909802975e+00,3.602015063673135842e+00,3.602014451143355167e+00,3.602013853734585158e+00,3.602013270898640762e+00,3.602012702106943465e+00,3.602012146857902497e+00,3.602011604673545087e+00,3.602011075098118908e+00,3.602010557696825099e+00,3.602010052056294764e+00,3.602009557776771231e+00,3.602009074481287598e+00,3.602008601808328603e+00,3.602008139410294074e+00,3.602007686953976773e+00,3.602007244127539032e+00,3.602006810624118316e+00,3.602006386150933714e+00,3.602005970429837500e+00,3.602005563192708149e+00,3.602005164181230956e+00,3.602004773151332273e+00
2.336830485947530178e+02,1.169269834778751402e+02,7.800890431176770790e+01,5.855036584469949901e+01,4.687563653822447662e+01,3.909281219264251916e+01,3.353395835786113821e+01,2.936507340941236421e+01,2.612285137610610519e+01,2.352929669362796616e+01,2.140749711729734273e+01,1.963953049390570982e+01,1.814373481879282224e+01,1.686180141616805628e+01,1.575095723324388075e+01,1.477912614282166004e+01,1.392178431649515069e+01,1.315984804140619246e+01,1.247826296087201747e+01,1.186497354779829827e+01,1.131023381111396375e+01,1.080605655036749368e+01,1.034585560476043753e+01,9.924132200099572643e+00,9.536278183658584595e+00,9.178383216797334043e+00,8.847127899622909908e+00,8.539655696126638773e+00,8.253513946796307010e+00,7.986571068207267032e+00,7.736973326528008954e+00,7.503099692470816429e+00,7.283521359495425784e+00,7.076984246577212367e+00,6.882371830863651674e+00,6.698694691592694817e+00,6.525072265139014505e+00,6.360712410494008928e+00,6.204907463194292205e+00,6.057021575434167637e+00,5.916478815197992347e+00,5.782758609650594295e+00,5.655390509768318807e+00,5.533946862255210597e+00,5.418037798307045350e+00,5.307307361627795927e+00,5.201429629970094837e+00,5.100108448232715475e+00,5.003070660725611241e+00,4.910065696385049527e+00,4.820863071765146834e+00,4.735250529331612057e+00,4.653032378277272230e+00,4.574028002368772938e+00,4.498070514468908598e+00,4.425005535594313422e+00,4.354690892112774492e+00,4.286994520593463420e+00,4.221795110559128261e+00,4.158979180125090380e+00,4.098444864140927457e+00,4.040094125158821825e+00,3.983842270006884956e+00,3.929608383006803152e+00,3.877322155223015709e+00,3.826919669179424055e+00,3.778349165669100174e+00,3.731569757205861038e+00,3.686557793416596063e+00,3.643326467367289823e+00,3.602021364001212422e+00,3.602020595900158551e+00,3.602019848848619699e+00,3.602019121986676620e+00,3.602018414513666666e+00,3.602017725654170555e+00,3.602017054682399522e+00,3.602016400919649808e+00,3.602015763707849150e+00,3.602015142426354011e+00,3.602014536485144802e+00,3.602013945324804123e+00,3.602013368407918303e+00,3.602012805226149528e+00,3.602012255296579646e+00,3.602011718154472408e+00,3.602011193363030550e+00,3.602010680497612860e+00,3.602010179157215664e+00,3.602009688955988054e+00,3.602009209529981160e+00,3.602008740526311481e+00,3.602008281610093565e+00,3.602007832456731951e+00,3.602007392759158932e+00,3.602006962220588360e+00,3.602006540560334535e+00,3.602006127505517519e+00,3.602005722795422304e+00,3.602005326179344991e+00
2.374764856479090440e+02,1.188205188652204498e+02,7.926913058594028882e+01,5.949389264110940445e+01,4.762914620895389106e+01,3.971963144382119282e+01,3.407026257070251063e+01,2.983349672074025349e+01,2.653845695563309448e+01,2.390264496422168250e+01,2.174626804262842938e+01,1.994946979611824744e+01,1.842928285458952331e+01,1.712642656637556016e+01,1.599744882004360136e+01,1.500974434751520192e+01,1.413838775189562647e+01,1.336399346043624803e+01,1.267125043601709855e+01,1.204792059163228224e+01,1.148408414186113191e+01,1.097163890805207487e+01,1.050387794455197366e+01,1.007522582640452491e+01,9.680986340769544896e+00,9.317198307460285989e+00,8.980475667429660191e+00,8.667927526365765800e+00,8.377051700209520391e+00,8.105687655741766307e+00,7.851948393355361766e+00,7.614186361808742198e+00,7.390953348387165889e+00,7.180968458360386109e+00,6.983103366937603695e+00,6.796348653129427042e+00,6.619808528941497627e+00,6.452682143957319205e+00,6.294246659830771584e+00,6.143856093813735875e+00,6.000926194444996753e+00,5.864927807182070296e+00,5.735381675084931352e+00,5.611853388529190134e+00,5.493947122638592973e+00,5.381300511816472287e+00,5.273582922925624139e+00,5.170492124701664416e+00,5.071750785023344754e+00,4.977104061947063229e+00,4.886317472376747517e+00,4.799175017936015308e+00,4.715477514184238217e+00,4.635041103260364004e+00,4.557696286133860575e+00,4.483284800378646295e+00,4.411662674762681036e+00,4.342693535804669658e+00,4.276254833292862045e+00,4.212231245443092575e+00,4.150515202620365329e+00,4.091010261528724712e+00,4.033625141680780679e+00,3.978277744874247901e+00,3.924893360646926510e+00,3.873404712461017585e+00,3.823753187712804369e+00,3.775889125128307544e+00,3.729776267586953242e+00,3.685394790978204327e+00,3.642759511829569696e+00,3.602021364001350534e+00,3.602020606423991467e+00,3.602019869326166468e+00,3.602019151884391590e+00,3.602018453319533631e+00,3.602017772902946557e+00,3.602017109930254257e+00,3.602016463748275665e+00,3.602015833713478443e+00,3.602015219237971966e+00,3.602014619747895274e+00,3.602014034705007806e+00,3.602013463593328080e+00,3.602012905917890251e+00,3.602012361210231273e+00,3.602011829026074530e+00,3.602011308937001388e+00,3.602010800535355717e+00,3.602010303431502969e+00,3.602009817253009949e+00,3.602009341643745532e+00,3.602008876263774528e+00,3.602008420784438059e+00,3.602007974893649322e+00,3.602007538291417621e+00,3.602007110693252301e+00,3.602006691819893192e+00,3.602006281412073907e+00,3.602005879207060168e+00
2.412923624323550484e+02,1.207252476858658525e+02,8.053681812815239027e+01,6.044303863517156827e+01,4.838713787210497230e+01,4.035019329844778468e+01,3.460978081745956558e+01,3.030472247723200141e+01,2.695656876471860741e+01,2.427824292928706740e+01,2.208708389953615736e+01,2.026129321204722444e+01,1.871656056109689104e+01,1.739266909271143291e+01,1.624544433088264128e+01,1.524177561086524690e+01,1.435632374341289541e+01,1.356939448669934833e+01,1.286543459244849075e+01,1.223199822375977774e+01,1.165901980658900428e+01,1.113825131613630681e+01,1.066289324553106788e+01,1.022726532477915207e+01,9.826609952665565473e+00,9.456888554503615651e+00,9.114673384246627208e+00,8.797014656982467429e+00,8.501381021616349898e+00,8.225567771165032127e+00,7.967665205822567209e+00,7.725993590994234772e+00,7.499082700231213927e+00,7.285633548250590508e+00,7.084494936434350798e+00,6.894646735349462041e+00,6.715173501067351225e+00,6.545263488607820257e+00,6.384183697661067747e+00,6.231274734921321112e+00,6.085944776642394416e+00,5.947655948201300724e+00,5.815920530448685177e+00,5.690296769150893219e+00,5.570382697401352168e+00,5.455810608456892474e+00,5.346243586942075687e+00,5.241374468031494871e+00,5.140921374756593387e+00,5.044625598383248644e+00,4.952247488897891792e+00,4.863568456379625538e+00,4.778385398313925947e+00,4.696511157059847896e+00,4.617772790831022434e+00,4.542010358932976999e+00,4.469075800832051470e+00,4.398831907831095123e+00,4.331151366144267101e+00,4.265916690834220759e+00,4.203019214781927637e+00,4.142358747662121310e+00,4.083841384656794915e+00,4.027383344756214179e+00,3.972905863357287348e+00,3.920338474190150357e+00,3.869618225313550042e+00,3.820690172912789784e+00,3.773508572609956868e+00,3.728039027274562489e+00,3.684266686881723096e+00,3.642209124632213690e+00,3.602021363998218373e+00,3.602020616657382490e+00,3.602019889252854767e+00,3.602019180988467184e+00,3.602018491120794419e+00,3.602017818940663751e+00,3.602017163779236864e+00,3.602016524996857427e+00,3.602015901986896473e+00,3.602015294172287607e+00,3.602014701003808828e+00,3.602014121960141591e+00,3.602013556537650540e+00,3.602013004268085350e+00,3.602012464691572546e+00,3.602011937378991391e+00,3.602011421915298772e+00,3.602010917907053855e+00,3.602010424977225789e+00,3.602009942761007277e+00,3.602009470916126777e+00,3.602009009110541005e+00,3.602008557027143176e+00,3.602008114362166058e+00,3.602007680824273361e+00,3.602007256134109880e+00,3.602006840023564749e+00,3.602006432235190569e+00
2.451314064297134792e+02,1.226415925288376059e+02,8.181222702956759463e+01,6.139798796862129393e+01,4.914978246432290376e+01,4.098461829352250163e+01,3.515262695732029385e+01,3.077885883919851295e+01,2.737725940439326777e+01,2.465617806348808116e+01,2.243001496310410658e+01,2.057505811029628973e+01,1.900563839841814229e+01,1.766057413204924131e+01,1.649500350478432509e+01,1.547526528625196462e+01,1.457563827287753888e+01,1.377609882537102592e+01,1.306084990176904448e+01,1.241725338932086053e+01,1.183507044399768127e+01,1.130593633894869399e+01,1.082292798253044452e+01,1.038028986618709482e+01,9.973173540492524580e+00,9.597489852152264689e+00,9.249743471392106287e+00,8.926949640186107260e+00,8.626525397715795407e+00,8.346240857777756261e+00,8.084146191018122707e+00,7.838544164238947509e+00,7.607933618029670164e+00,7.390999694463755709e+00,7.186569918516942934e+00,6.993607817904313073e+00,6.811186839455502628e+00,6.638476747877985140e+00,6.474737598005273931e+00,6.319296954449485249e+00,6.171552583092617006e+00,6.030960904746472728e+00,5.897024142521678058e+00,5.769293662415170942e+00,5.647360960343751124e+00,5.530853022298112265e+00,5.419426941414180909e+00,5.312770352157983211e+00,5.210596862184372569e+00,5.112643140504530948e+00,5.018667108327886872e+00,4.928444458681853213e+00,4.841769250762150811e+00,4.758450669245787523e+00,4.678313873784262888e+00,4.601194375799552816e+00,4.526942542320608887e+00,4.455418427142552318e+00,4.386492560717622169e+00,4.320044719000654787e+00,4.255963096211641705e+00,4.194145256551342626e+00,4.134496996881857456e+00,4.076928030636816302e+00,4.021360531314370768e+00,3.967719340287128915e+00,3.915938117902825866e+00,3.865957846177151325e+00,3.817727074845750579e+00,3.771203657579799362e+00,3.726355768696311799e+00,3.683172243136570767e+00,3.641674704441475452e+00,3.602021364001654735e+00,3.602020626621889932e+00,3.602019908657277725e+00,3.602019209339267114e+00,3.602018527952297156e+00,3.602017863814984011e+00,3.602017216282015877e+00,3.602016584737375737e+00,3.602015968597870099e+00,3.602015367302608073e+00,3.602014780325068166e+00,3.602014207158745318e+00,3.602013647321877787e+00,3.602013100354825692e+00,3.602012565818829337e+00,3.602012043294891885e+00,3.602011532382713543e+00,3.602011032699563131e+00,3.602010543878848114e+00,3.602010065569912101e+00,3.602009597438263544e+00,3.602009139161916007e+00,3.602008690432992655e+00,3.602008250956158175e+00,3.602007820448257736e+00,3.602007398637488311e+00,3.602006985262945715e+00
2.489944263583966801e+02,1.245699693943272734e+02,8.309566509054063488e+01,6.235893805678843194e+01,4.991724859484810395e+01,4.162306388394027579e+01,3.569890489788483734e+01,3.125601623550154429e+01,2.780063179593882339e+01,2.503651972382454360e+01,2.277515038852223839e+01,2.089083385367793255e+01,1.929657482879187569e+01,1.793021243609049264e+01,1.674617115902196929e+01,1.571027550069155865e+01,1.479637548127541891e+01,1.398415111430988667e+01,1.325754576405564578e+01,1.260371963334280032e+01,1.201228290809265253e+01,1.147472400049377406e+01,1.098402630934755386e+01,1.053432774018080487e+01,1.012071701325821138e+01,9.739028548327089752e+00,9.385722386347840285e+00,9.057757181828595350e+00,8.752516994962441288e+00,8.467730529902190995e+00,8.201422498444586040e+00,7.951862146768400308e+00,7.717533008325555777e+00,7.497090356244096476e+00,7.289351702099878594e+00,7.093256956567428162e+00,6.907869964191497125e+00,6.732344811516389527e+00,6.565928140355295817e+00,6.407942211622051687e+00,6.257770898580142571e+00,6.114860773866440447e+00,5.978711494877797072e+00,5.848862194825386496e+00,5.724900016728556196e+00,5.606445365759250343e+00,5.493149724083091101e+00,5.384696050013462632e+00,5.280793067166315247e+00,5.181173243439619824e+00,5.085590132801423913e+00,4.993816057123004803e+00,4.905641288950127965e+00,4.820872326791824314e+00,4.739330134448040965e+00,4.660848940662357442e+00,4.585275130290075829e+00,4.512466256396193920e+00,4.442290104796515315e+00,4.374624964184072873e+00,4.309356467886479969e+00,4.246380063610390110e+00,4.185597068255781927e+00,4.126919039332543448e+00,4.070261461876389930e+00,4.015549401199848489e+00,3.962711986785985907e+00,3.911687308931564022e+00,3.862419940162935994e+00,3.814860719036236691e+00,3.768971823389135611e+00,3.724724765707986940e+00,3.682111006158327093e+00,3.641155694396568610e+00,3.602021364001280368e+00,3.602020636324066771e+00,3.602019927555680123e+00,3.602019236961193638e+00,3.602018563850129862e+00,3.602017907567236055e+00,3.602017267488478502e+00,3.602016643021287656e+00,3.602016033601449507e+00,3.602015438691639204e+00,3.602014857779707757e+00,3.602014290377393735e+00,3.602013736018824908e+00,3.602013194259317430e+00,3.602012664674205222e+00,3.602012146857897168e+00,3.602011640421918681e+00,3.602011144995429515e+00,3.602010660223282201e+00,3.602010185765392336e+00,3.602009721296124400e+00,3.602009266503298779e+00,3.602008821087641532e+00,3.602008384762111159e+00,3.602007957251219583e+00,3.602007538290580513e+00
2.528824164789697591e+02,1.265107880490092498e+02,8.438744024885542672e+01,6.332614333390910843e+01,5.068969711907247699e+01,4.226568401511355688e+01,3.624876262140593042e+01,3.173629145730780010e+01,2.822679415273266912e+01,2.541936875244830674e+01,2.312255700605989972e+01,2.120870796539694325e+01,1.958943922732580489e+01,1.820164235533191643e+01,1.699902031688569082e+01,1.594685164671152044e+01,1.501859859485928617e+01,1.419360122749103681e+01,1.345556640168936013e+01,1.279145132363666981e+01,1.219069365237553093e+01,1.164466425065832844e+01,1.114622024754898000e+01,1.068942273451576064e+01,1.026927119917317732e+01,9.881544429523374973e+00,9.522640095769421720e+00,9.189472787225732020e+00,8.879385171135233179e+00,8.590068785391819617e+00,8.319520059295063774e+00,8.065978905381955499e+00,7.827905306508067262e+00,7.603935526647425114e+00,7.392863738528464346e+00,7.193619864796487740e+00,7.005246063006874024e+00,6.826889804562218167e+00,6.657780767865969729e+00,6.497232639718257374e+00,6.344619304908141189e+00,6.199378434840819629e+00,6.061001657246070096e+00,5.929022136498860895e+00,5.803017948170638540e+00,5.682605246789121267e+00,5.567430238737076209e+00,5.457169374242144322e+00,5.351527334312054407e+00,5.250232426804343433e+00,5.153033927880898091e+00,5.059700074205784048e+00,4.970018014475281021e+00,4.883791393048955598e+00,4.800837339985887020e+00,4.720987589910936144e+00,4.644085826260755390e+00,4.569987083111879400e+00,4.498556455261330633e+00,4.429669780347672337e+00,4.363210937314507376e+00,4.299071776895060815e+00,4.237153505580692148e+00,4.177363676806902681e+00,4.119616157338294116e+00,4.063834113686183969e+00,4.009942812769363485e+00,3.957878786225192513e+00,3.907582139979676850e+00,3.859000391403277774e+00,3.812088351585841473e+00,3.766811564142949376e+00,3.723144819242719450e+00,3.681081617525995497e+00,3.640651923680380264e+00,3.602021364001790626e+00,3.602020645774777652e+00,3.602019945971646209e+00,3.602019263885562594e+00,3.602018598856358444e+00,3.602017950243272093e+00,3.602017317449967670e+00,3.602016699904700747e+00,3.602016097062934019e+00,3.602015508405645772e+00,3.602014933438085542e+00,3.602014371688147865e+00,3.602013822705248725e+00,3.602013286054205565e+00,3.602012761333480917e+00,3.602012248145124218e+00,3.602011746113487067e+00,3.602011254877077739e+00,3.602010774093155732e+00,3.602010303431004257e+00,3.602009842574306564e+00,3.602009391219421985e+00,3.602008949077137423e+00,3.602008515867331617e+00,3.602008091318956939e+00
2.567964175352042844e+02,1.284646003361955877e+02,8.568784060079040898e+01,6.429985221397735984e+01,5.146735570058810083e+01,4.291262219925654620e+01,3.680234029172871857e+01,3.221982851401470072e+01,2.865583838715651410e+01,2.580482773779993266e+01,2.347233829180476761e+01,2.152874646274333870e+01,1.988431758889903378e+01,1.847493652726804214e+01,1.725360524480297286e+01,1.618506769948085022e+01,1.524235384619082723e+01,1.440450779526293346e+01,1.365496721990412610e+01,1.298048853117291124e+01,1.237035728420535108e+01,1.181579297883343393e+01,1.130955899708949453e+01,1.084561070619733059e+01,1.041887862188197111e+01,1.002507303205929645e+01,9.660533109709376731e+00,9.322131825757956847e+00,9.007162046145746004e+00,8.713289836373553143e+00,8.438469515295828671e+00,8.180924286052938754e+00,7.939080261827317742e+00,7.711560971508801821e+00,7.497135712817524222e+00,7.294722216646442270e+00,7.103343451600633074e+00,6.922136936110121930e+00,6.750319362295735814e+00,6.587191314925746610e+00,6.432122213685914858e+00,6.284536196442294553e+00,6.143918035186463733e+00,6.009795103570570340e+00,5.881737024795992141e+00,5.759354870802045667e+00,5.642288527577212776e+00,5.530209847132566914e+00,5.422819100961717709e+00,5.319839287877013767e+00,5.221016016789785219e+00,5.126113732299231174e+00,5.034916638180995108e+00,4.947223569145274169e+00,4.862850524783423722e+00,4.781625515934107007e+00,4.703389831379519492e+00,4.627995120822425257e+00,4.555304455326056434e+00,4.485191485832615399e+00,4.417537742707537518e+00,4.352233428400760218e+00,4.289176318757330186e+00,4.228271874994802282e+00,4.169433919526342791e+00,4.112580343080694867e+00,4.057636794572760053e+00,4.004535431992210626e+00,3.953214147358806496e+00,3.903617284630742645e+00,3.855695677024226775e+00,3.809407692297707371e+00,3.764720633855096921e+00,3.721613963201678033e+00,3.680083527286782896e+00,3.640161932253472621e+00,3.602021364001970039e+00,3.602020654986438419e+00,3.602019963925564117e+00,3.602019290141383667e+00,3.602018632989503644e+00,3.602017991870041236e+00,3.602017366199195880e+00,3.602016755425277772e+00,3.602016159026758757e+00,3.602015576493816873e+00,3.602015007347580955e+00,3.602014451141207552e+00,3.602013907437137785e+00,3.602013375808996276e+00,3.602012855868731656e+00,3.602012347230928224e+00,3.602011849531556731e+00,3.602011362421519092e+00,3.602010885566443221e+00,3.602010418645847256e+00,3.602009961352498291e+00,3.602009513395972640e+00,3.602009074482205975e+00,3.602008644350151556e+00
2.607373447031912974e+02,1.304319586754340037e+02,8.699728053241432235e+01,6.528030227903066418e+01,5.225042797758393931e+01,4.356409075309066736e+01,3.735977639647971671e+01,3.270675055855036106e+01,2.908790777641581826e+01,2.619299081361042525e+01,2.382458519418177900e+01,2.185105661836093915e+01,2.018127776633402348e+01,1.875017558240342908e+01,1.751000890127963672e+01,1.642497781693284153e+01,1.546771747177750456e+01,1.461692628056426457e+01,1.385580065451307696e+01,1.317089520611522424e+01,1.255131629483816624e+01,1.198816780948064675e+01,1.147408510990615049e+01,1.100293909566262585e+01,1.056958288769690846e+01,1.016965239520257569e+01,9.799444021992947285e+00,9.455768538837508785e+00,9.135889678105902689e+00,8.837425510619688396e+00,8.558309874474158363e+00,8.296729347289645062e+00,8.051093555974189186e+00,7.819997521867467327e+00,7.602199320829321927e+00,7.396591332995520851e+00,7.202190811596501874e+00,7.018112972438205865e+00,6.843570494593071096e+00,6.677846875810169003e+00,6.520304706648684778e+00,6.370359264862967663e+00,6.227484778444803304e+00,6.091204791852304012e+00,5.961079935582609401e+00,5.836715235886012820e+00,5.717746581444414389e+00,5.603839302894985330e+00,5.494688514584702865e+00,5.390014083697350245e+00,5.289556279568564889e+00,5.193076857237434396e+00,5.100355042610676293e+00,5.011189187613616092e+00,4.925389427166549261e+00,4.842782179704358647e+00,4.763205464059629080e+00,4.686508506692850240e+00,4.612552348773227173e+00,4.541207068839699268e+00,4.472352963384420121e+00,4.405877898072997567e+00,4.341678330845246236e+00,4.279657991626472757e+00,4.219725558550632805e+00,4.161799013246154644e+00,4.105802869364884700e+00,4.051664569571434171e+00,3.999321589796027254e+00,3.948714005105604663e+00,3.899789737407702184e+00,3.852503261670435108e+00,3.806816371491012152e+00,3.762697526515124569e+00,3.720131012316032049e+00,3.679115328146953523e+00,3.639686324739013656e+00,3.602021364015746130e+00,3.602020663957112845e+00,3.602019981422076356e+00,3.602019315740197847e+00,3.602018666294460658e+00,3.602018032498045308e+00,3.602017413791993583e+00,3.602016809648194595e+00,3.602016219545798759e+00,3.602015643016973190e+00,3.602015079582658874e+00,3.602014528818740402e+00,3.602013990289560930e+00,3.602013463594418763e+00,3.602012948352654842e+00,3.602012444189703899e+00,3.602011950751749403e+00,3.602011467701226266e+00,3.602010994716497549e+00,3.602010531484501232e+00,3.602010077706112590e+00,3.602009633094885199e+00,3.602009197375716454e+00
2.647065476523109737e+02,1.324133740074146885e+02,8.831612757837888239e+01,6.626784215146285817e+01,5.303913756193774987e+01,4.422025762774093494e+01,3.792126956816854744e+01,3.319720524435641096e+01,2.952311074634743093e+01,2.658399710450320441e+01,2.417940622956012220e+01,2.217572027286018610e+01,2.048042825087707186e+01,1.902743779519903455e+01,1.776829922359247504e+01,1.666667019559853458e+01,1.569474665851831219e+01,1.483092487775481416e+01,1.405813514988881430e+01,1.336271927211146959e+01,1.273363640192799728e+01,1.216183644408078912e+01,1.163985029145753103e+01,1.116145902386229594e+01,1.072142557475101476e+01,1.031533504507893539e+01,9.939412247526169253e+00,9.590429270822751207e+00,9.265603260714019740e+00,8.962517496116213067e+00,8.679074897861235982e+00,8.413431196174123272e+00,8.163977289126528092e+00,7.929280504345488367e+00,7.708085194707989807e+00,7.499262573149328759e+00,7.301818354780941434e+00,7.114851179660491631e+00,6.937563932919610821e+00,6.769227497453630171e+00,6.609194859420020940e+00,6.456873694655138607e+00,6.311728876125300758e+00,6.173277249757822993e+00,6.041072049550065159e+00,5.914712347965991768e+00,5.793828570638367204e+00,5.678080127603699623e+00,5.567158669617424671e+00,5.460779166780154625e+00,5.358676635839106694e+00,5.260609773200797257e+00,5.166355611269566772e+00,5.075707563331257610e+00,4.988473154393685327e+00,4.904475137090319237e+00,4.823549671965365881e+00,4.745543404807242460e+00,4.670314926454868676e+00,4.597732404115607352e+00,4.527673242566960354e+00,4.460023399063651972e+00,4.394676345983973498e+00,4.331534354137521525e+00,4.270504505027294506e+00,4.211504302377874431e+00,4.154452446246182262e+00,4.099277280723544692e+00,4.045912733240258241e+00,3.994296763066490286e+00,3.944374285591180751e+00,3.896096966592104138e+00,3.849420740453491252e+00,3.804311258102355264e+00,3.760741482752422371e+00,3.718695137806293349e+00,3.678176395483401251e+00,3.639224467898695359e+00,3.602021364002294668e+00,3.602020672708280191e+00,3.602019998495185948e+00,3.602019340719009755e+00,3.602018698796718876e+00,3.602018072158898132e+00,3.602017460265269033e+00,3.602016862601154390e+00,3.602016278681464900e+00,3.602015708028039942e+00,3.602015150194076920e+00,3.602014604760717553e+00,3.602014071314898480e+00,3.602013549465812314e+00,3.602013038843506099e+00,3.602012539076334452e+00,3.602012049835484397e+00,3.602011570787186923e+00,3.602011101616159117e+00,3.602010642020019748e+00,3.602010191707953446e+00,3.602009750403144306e+00
2.687052614493005649e+02,1.344096131957610964e+02,8.964479782106052141e+01,6.726274120359173025e+01,5.383378147861948548e+01,4.488135700205921097e+01,3.848696830422569803e+01,3.369136700220840197e+01,2.996161193780067222e+01,2.697795141544705544e+01,2.453692285868870826e+01,2.250286189677367688e+01,2.078184944911823351e+01,1.930682076063186159e+01,1.802857420556717472e+01,1.691020978369008532e+01,1.592352780710960047e+01,1.504657657991394792e+01,1.426202886907933198e+01,1.355603670097305269e+01,1.291737185069800731e+01,1.233685733638533932e+01,1.180691473488249166e+01,1.132121733394289897e+01,1.087446586158834450e+01,1.046216491116084235e+01,1.008048732235548073e+01,9.726159259378373889e+00,9.396347141621848920e+00,9.088609208682946417e+00,8.800805632598178718e+00,8.531072940434331286e+00,8.277770531862342906e+00,8.039449104046187955e+00,7.814830267356660976e+00,7.602771470530664821e+00,7.402260158395880474e+00,7.212384635765618945e+00,7.032331380278753485e+00,6.861364670603603777e+00,6.698824186274667802e+00,6.544110802060627563e+00,6.396679635613693904e+00,6.256041192748577728e+00,6.121741327858108761e+00,5.993373153328425573e+00,5.870561143528212789e+00,5.752959566846051587e+00,5.640255951417107561e+00,5.532159324368462805e+00,5.428401802999021086e+00,5.328738007969951340e+00,5.232941521803581963e+00,5.140801343210913643e+00,5.052122637056340793e+00,4.966725678796834131e+00,4.884443451012711712e+00,4.805120724533086474e+00,4.728613125436059050e+00,4.654786763721184606e+00,4.583515982709535308e+00,4.514684674856679791e+00,4.448185643414586110e+00,4.383918058883491398e+00,4.321788752430658853e+00,4.261709320435485893e+00,4.203599600840442818e+00,4.147386305354880953e+00,4.092999629632664949e+00,4.040375587099421573e+00,3.989457560819333892e+00,3.940193179300375270e+00,3.892536382665074068e+00,3.846447043179387126e+00,3.801892358957634777e+00,3.758849556392830138e+00,3.717305139498695343e+00,3.677266422750031793e+00,3.638775941319910778e+00,3.602021363995328684e+00,3.602020681242226630e+00,3.602020015147726628e+00,3.602019365100040282e+00,3.602018730525004209e+00,3.602018110885871760e+00,3.602017505661402552e+00,3.602016914340991693e+00,3.602016336468953472e+00,3.602015771574293979e+00,3.602015219236108123e+00,3.602014679040660194e+00,3.602014150583321417e+00,3.602013633492575195e+00,3.602013127408345561e+00,3.602012631970933132e+00,3.602012146858752040e+00,3.602011671748452049e+00,3.602011206334591265e+00,3.602010750323027199e+00,3.602010303431683713e+00
2.727348481071512083e+02,1.364212660386431537e+02,9.098382589597676429e+01,6.826540268002935363e+01,5.463459282586461541e+01,4.554762056475917120e+01,3.905711555480844765e+01,3.418939440360013293e+01,3.040355006178868535e+01,2.737502263770706179e+01,2.489726076580667069e+01,2.283258187084047464e+01,2.108567038904901381e+01,1.958842546163782572e+01,1.829091452305501875e+01,1.715570193070562510e+01,1.615413984514045609e+01,1.526395298900871467e+01,1.446756895747087235e+01,1.375091028846987840e+01,1.310259128240451787e+01,1.251330086320539081e+01,1.197533305008582261e+01,1.148228068584550243e+01,1.102875663719760801e+01,1.061019556315151746e+01,1.022272384939573975e+01,9.863005506156927282e+00,9.528174618482278646e+00,9.215746163845928152e+00,8.923549166298725410e+00,8.649696505741538033e+00,8.392515140956483322e+00,8.150543603647314228e+00,7.922474420243229787e+00,7.707156817203284049e+00,7.503554291651515662e+00,7.310749128710143374e+00,7.127909067796972309e+00,6.954293334750681232e+00,6.789226091281267195e+00,6.632103489159389298e+00,6.482369474369753526e+00,6.339528360515390482e+00,6.203119107204363658e+00,6.072728349438463624e+00,5.947973768293130625e+00,5.828506096900887279e+00,5.714008018028546410e+00,5.604182021488950838e+00,5.498757604769041407e+00,5.397487218820779198e+00,5.300137343862355799e+00,5.206495358403607554e+00,5.116363041040200343e+00,5.029558991915645372e+00,4.945912753453661992e+00,4.865265555235161798e+00,4.787470914820636025e+00,4.712392945625124341e+00,4.639903937226765862e+00,4.569886051174885999e+00,4.502229149728219859e+00,4.436830232719101375e+00,4.373594807417018338e+00,4.312432237864196161e+00,4.253262144040439452e+00,4.196007825582860562e+00,4.140595874804987808e+00,4.086963815178807025e+00,4.035050006916366172e+00,3.984801437764933674e+00,3.936167552171097928e+00,3.889105901743232785e+00,3.843579668524979009e+00,3.799558881136454680e+00,3.757021946790778166e+00,3.715960624854244720e+00,3.676384532202474631e+00,3.638340294103066697e+00,3.602021364001913195e+00,3.602020689568881551e+00,3.602020031394528754e+00,3.602019388892070406e+00,3.602018761507325806e+00,3.602018148712968770e+00,3.602017550005802704e+00,3.602016964905557117e+00,3.602016392953680146e+00,3.602015833711857518e+00,3.602015286761063084e+00,3.602014751700497452e+00,3.602014228146614538e+00,3.602013715733611843e+00,3.602013214106893901e+00,3.602012722930687527e+00,3.602012241879894550e+00,3.602011770648835931e+00,3.602011308937068446e+00,3.602010856464107569e+00
2.767970667302127481e+02,1.384492401854069783e+02,9.233365592204155803e+01,6.927618268437005611e+01,5.544194613321027987e+01,4.621931495203644147e+01,3.963189547241650956e+01,3.469150484753041752e+01,3.084912323551318991e+01,2.777534167547429433e+01,2.526056209858325019e+01,2.316503319194035626e+01,2.139199698389114701e+01,1.987235695077173858e+01,1.855544225777519074e+01,1.740323416432650916e+01,1.638667013442820064e+01,1.548315402038232591e+01,1.467482908341431802e+01,1.394741943231017345e+01,1.328937480052981890e+01,1.269123107899669556e+01,1.214517858524349059e+01,1.164471317109578230e+01,1.118435726072284098e+01,1.075949327848232961e+01,1.036617734200474317e+01,1.000102653872913550e+01,9.661138227241513832e+00,9.343979093844625439e+00,9.047357843297545443e+00,8.769349906854721155e+00,8.508261946800669051e+00,8.262609354906761183e+00,8.031064105720565394e+00,7.812460363301699573e+00,7.605744031201733257e+00,7.409985505210735290e+00,7.224338826032383309e+00,7.048052343271141496e+00,6.880440058232649037e+00,6.720889157666070979e+00,6.568834416057975467e+00,6.423773968373915011e+00,6.285238517683678694e+00,6.152810233788903460e+00,6.026099205212950949e+00,5.904752341668322302e+00,5.788445823176727956e+00,5.676878328479086022e+00,5.569775654532060472e+00,5.466885929728005244e+00,5.367971873590361653e+00,5.272817046856003387e+00,5.181223569859815470e+00,5.093002325776719630e+00,5.007981315594145499e+00,4.926000338311861348e+00,4.846910500167701308e+00,4.770573077741455670e+00,4.696858765318978612e+00,4.625647054288992699e+00,4.556825707919093915e+00,4.490290239670258643e+00,4.425943403706550150e+00,4.363694657762088980e+00,4.303459970291226178e+00,4.245159355343544938e+00,4.188720991186499987e+00,4.134078070132109595e+00,4.081168242885199859e+00,4.029934714631981940e+00,3.980325715011411525e+00,3.932296081752113981e+00,3.885805428002250483e+00,3.840818109866197538e+00,3.797308851672506425e+00,3.755259014667603257e+00,3.714661751900416142e+00,3.675530837685780483e+00,3.637917287349163864e+00,3.602021364014060811e+00,3.602020697695819340e+00,3.602020047259852475e+00,3.602019412130400777e+00,3.602018791773180961e+00,3.602018185670195383e+00,3.602017593350801405e+00,3.602017014333090295e+00,3.602016448187076669e+00,3.602015894483829417e+00,3.602015352817598881e+00,3.602014822800516214e+00,3.602014304059772520e+00,3.602013796240238097e+00,3.602013299001776137e+00,3.602012812013766663e+00,3.602012334964479479e+00,3.602011867551153657e+00,3.602011409487823723e+00
2.808934469958647355e+02,1.404942954230847647e+02,9.369496184454341403e+01,7.029556395521483125e+01,5.625613312236367847e+01,4.689672121504430180e+01,4.021160296592698558e+01,3.519790784065012446e+01,3.129849757906796270e+01,2.817910764190477835e+01,2.562699729460959475e+01,2.350033984819742017e+01,2.170096968219072053e+01,2.015875613180264381e+01,1.882226042891327111e+01,1.765291592271153576e+01,1.662123492132108282e+01,1.570426740359209106e+01,1.488390107121134953e+01,1.414565801583635718e+01,1.347780005914515122e+01,1.287072941439468998e+01,1.231652856934055862e+01,1.180858258345485368e+01,1.134134334200150107e+01,1.091012232818211025e+01,1.051091071262153598e+01,1.014028700576294817e+01,9.795295424513019711e+00,9.473368968891444197e+00,9.172286614613573974e+00,8.890087981403757666e+00,8.625062383836445079e+00,8.375697923730097472e+00,8.140648744545918802e+00,7.918732062081020651e+00,7.708876336199437240e+00,7.510140312220182857e+00,7.321663376620344721e+00,7.142685068418777483e+00,6.972506621599150023e+00,6.810507785514670509e+00,6.656114703906608199e+00,6.508817645270493557e+00,6.368139167526048361e+00,6.233657341268150631e+00,6.104974433282956525e+00,5.981733763086193534e+00,5.863604195675292452e+00,5.750281492098849867e+00,5.641489516467275145e+00,5.536966905457625820e+00,5.436476549402860847e+00,5.339800490914639042e+00,5.246732871920275265e+00,5.157083325042248312e+00,5.070678704957151339e+00,4.987356217415149118e+00,4.906963282935465465e+00,4.829358750714106918e+00,4.754410762661992251e+00,4.681997422726572822e+00,4.612004620821793743e+00,4.544325909710999589e+00,4.478862019319842958e+00,4.415520381872248379e+00,4.354214265732308853e+00,4.294864211497642081e+00,4.237394611060416594e+00,4.181738755261531715e+00,4.127829964782230299e+00,4.075610551106984225e+00,4.025027015181367851e+00,3.976031554335167417e+00,3.928579455585590630e+00,3.882633833071233553e+00,3.838163366793445164e+00,3.795143600357956615e+00,3.753559146100310606e+00,3.713407370906584681e+00,3.674704595008220664e+00,3.637506751908354374e+00,3.602023840306582070e+00,3.602020705630075703e+00,3.602020062749805351e+00,3.602019434826548405e+00,3.602018821334596943e+00,3.602018221789266672e+00,3.602017635712877475e+00,3.602017062663141811e+00,3.602016502207789017e+00,3.602015953936519299e+00,3.602015417455448620e+00,3.602014892388809120e+00,3.602014378376203751e+00,3.602013875072184845e+00,3.602013382145571985e+00,3.602012899278690838e+00,3.602012426166698145e+00,3.602011962516939558e+00
2.850261621362756728e+02,1.425575531618720220e+02,9.506833000172977677e+01,7.132397665759171446e+01,5.707759904382064775e+01,4.758019503528229421e+01,4.079648070888808320e+01,3.570883875919144401e+01,3.175192412719630042e+01,2.858650854728943003e+01,2.599672368469914829e+01,2.383868135373919017e+01,2.201274722840367559e+01,2.044774798302549357e+01,1.909150230790604041e+01,1.790487941760648383e+01,1.685793973588728889e+01,1.592740049168372174e+01,1.509489692774718606e+01,1.434571896522575152e+01,1.366795930603191422e+01,1.305189084862357696e+01,1.248946523420742594e+01,1.197397298879088368e+01,1.149979298548572615e+01,1.106215632968673113e+01,1.065699989059014641e+01,1.028085486022764883e+01,9.930714640716452379e+00,9.603981329392015098e+00,9.298396736484908942e+00,9.011971928963095735e+00,8.742975075594893397e+00,8.489865717724953242e+00,8.251283602399745121e+00,8.026024499696328363e+00,7.813003554235363524e+00,7.611264398745560378e+00,7.419933734733369590e+00,7.238240115381916695e+00,7.065474465252104430e+00,6.901006781148102398e+00,6.744255624146178185e+00,6.594702048654236037e+00,6.451863882723341881e+00,6.315311045061071660e+00,6.184639461386572279e+00,6.059490030304438335e+00,5.939522845178257349e+00,5.824432179231861184e+00,5.713935012589433704e+00,5.607767064459092232e+00,5.505690357094604082e+00,5.407478550298620235e+00,5.312924424146837410e+00,5.221838430902849382e+00,5.134040665281203175e+00,5.049364928585752921e+00,4.967657703924733603e+00,4.888776072930381744e+00,4.812586984366499898e+00,4.738964366142239371e+00,4.667792728809708080e+00,4.598963445193845700e+00,4.532375451754657725e+00,4.467934371412068728e+00,4.405552478073004430e+00,4.345147061463929816e+00,4.286642491507030250e+00,4.229968431417456820e+00,4.175057778705755673e+00,4.121850411666961200e+00,4.070291479514670741e+00,4.020328832595309265e+00,3.971917684099761203e+00,3.925017421714662724e+00,3.879592711109285386e+00,3.835614344536709908e+00,3.793062522379656798e+00,3.751923220330078745e+00,3.712197823265863672e+00,3.673906648839401878e+00,3.637108696832109800e+00,3.602021364015866922e+00,3.602020713373319083e+00,3.602020077882126525e+00,3.602019457000524838e+00,3.602018850229925739e+00,3.602018257094644405e+00,3.602017677140124441e+00,3.602017109931868966e+00,3.602016555054227798e+00,3.602016012109403142e+00,3.602015480716637796e+00,3.602014960511071617e+00,3.602014451143122464e+00,3.602013952277609121e+00,3.602013463591319908e+00,3.602012984779143778e+00,3.602012515543249194e+00
2.891973474037976075e+02,1.446399615461423309e+02,9.645451509214214525e+01,7.236205138215086663e+01,5.790676610099182398e+01,4.827006108124043493e+01,4.138686113856036286e+01,3.622460273756716731e+01,3.220962902588900789e+01,2.899775086022794568e+01,2.636996378123355100e+01,2.418024213450279092e+01,2.232748654354718099e+01,2.073949313873679756e+01,1.936332408151862339e+01,1.815925583814127364e+01,1.709691156056777217e+01,1.615268576072586981e+01,1.530792738505277129e+01,1.454770997706819280e+01,1.385996386142026360e+01,1.323481158782651868e+01,1.266408313116526152e+01,1.214097899468163000e+01,1.165979245441837442e+01,1.121568010551936290e+01,1.080452686887840663e+01,1.042280812873032581e+01,1.006747212418904347e+01,9.735889034980264256e+00,9.425760617263941654e+00,9.135072491561659902e+00,8.862066529730302733e+00,8.605179147637601389e+00,8.363031262757392170e+00,8.134400562575480720e+00,7.918184927592611722e+00,7.713415539658983633e+00,7.519205850848797112e+00,7.334772205441895565e+00,7.159397011678852785e+00,6.992437731288815961e+00,6.833308639962328179e+00,6.681477951987108810e+00,6.536462432453532756e+00,6.397818565687036774e+00,6.265143173451390268e+00,6.138066293407018037e+00,6.016245551221586219e+00,5.899373254109932851e+00,5.787154703595060568e+00,5.679330077700107005e+00,5.575651396445301167e+00,5.475890769290051807e+00,5.379841662187945239e+00,5.287305007483778851e+00,5.198100912156074394e+00,5.112062409185744727e+00,5.029033189654192881e+00,4.948865464519383472e+00,4.871424414245113077e+00,4.796582583234905606e+00,4.724223130420932115e+00,4.654235672251971323e+00,4.586515879386213079e+00,4.520968663680315025e+00,4.457504273813468920e+00,4.396037934306868955e+00,4.336492895871707276e+00,4.278796030293934294e+00,4.222879661698088150e+00,4.168680064121208062e+00,4.116142650348238341e+00,4.065211560126053669e+00,4.015841568727478439e+00,3.967987313828730933e+00,3.921611792888481496e+00,3.876682942179894287e+00,3.833174692504967673e+00,3.791067985733934442e+00,3.750353394373172389e+00,3.711034858276125004e+00,3.673136486987127913e+00,3.636723855043364484e+00,3.602021364015449034e+00,3.602020720940403375e+00,3.602020092666597506e+00,3.602019478672366493e+00,3.602018878475845565e+00,3.602018291617086643e+00,3.602017717657786111e+00,3.602017156174475598e+00,3.602016606766132778e+00,3.602016069047264235e+00,3.602015542648819846e+00,3.602015027216966647e+00,3.602014522407806840e+00,3.602014027905546367e+00,3.602013543393252970e+00,3.602013068571583876e+00
2.934093601658401553e+02,1.467429108231974624e+02,9.785440234582723917e+01,7.341036271924666323e+01,5.874410565471895751e+01,4.896677637016413343e+01,4.198311666763772365e+01,3.674549038760422803e+01,3.267188173079112090e+01,2.941310845219499726e+01,2.674694138238932339e+01,2.452522120025798813e+01,2.264538174802809678e+01,2.103418097829532840e+01,1.963788666891680279e+01,1.841619754785920193e+01,1.733830723524911477e+01,1.638025824562998167e+01,1.552312243382472445e+01,1.475175974502067966e+01,1.405393068006324420e+01,1.341960435822241138e+01,1.284049251515894952e+01,1.230970432757327337e+01,1.182144144673310393e+01,1.137079106519168370e+01,1.095358311066677537e+01,1.056623665045421312e+01,1.020565532743458803e+01,9.869173721761606899e+00,9.554459186013781746e+00,9.259465617631617462e+00,8.982412378937180364e+00,8.721711976896488139e+00,8.475963378672428661e+00,8.243927841598688744e+00,8.024488026703030741e+00,7.816659172077659257e+00,7.619544667202617028e+00,7.432343461384477656e+00,7.254334916250187781e+00,7.084859851743741999e+00,6.923330798811442754e+00,6.769201526603704444e+00,6.621988227452717979e+00,6.481234013041742514e+00,6.346536842203468254e+00,6.217513873541256508e+00,6.093825888128193036e+00,5.975151223793653266e+00,5.861199639130401984e+00,5.751701382243505911e+00,5.646405689537277617e+00,5.545086181581321050e+00,5.447525278546375915e+00,5.353525473029654869e+00,5.262906365271751596e+00,5.175493107768256884e+00,5.091127661323748832e+00,5.009663276464340953e+00,4.930961804479003341e+00,4.854892763094423636e+00,4.781336859310965082e+00,4.710180972828470480e+00,4.641321547842911954e+00,4.574660200913227115e+00,4.510105372152970915e+00,4.447571598617374278e+00,4.386979159974418785e+00,4.328254059668329212e+00,4.271325635371293394e+00,4.216130210353290053e+00,4.162609926686494433e+00,4.110709261898740863e+00,4.060376489917683962e+00,4.011568642498669846e+00,3.964244129488748936e+00,3.918367517120234567e+00,3.873909279455986621e+00,3.830845738383415799e+00,3.789161189295399801e+00,3.748849421029772255e+00,3.709918129632977291e+00,3.672394590355796851e+00,3.636350856130557752e+00,3.602021364002438997e+00,3.602020728328412247e+00,3.602020107110223357e+00,3.602019499852656903e+00,3.602018906089750505e+00,3.602018325376556973e+00,3.602017757287586441e+00,3.602017201415578018e+00,3.602016657370596953e+00,3.602016124780869522e+00,3.602015603283498013e+00,3.602015092540254315e+00,3.602014592220342148e+00,3.602014102007911056e+00,3.602013621599738702e+00
2.976653535551669734e+02,1.488678114371400341e+02,9.926888897379913601e+01,7.446961343673250155e+01,5.959024014793776303e+01,4.967081611172057620e+01,4.258563755342100876e+01,3.727185538347954008e+01,3.313902252213330257e+01,2.983286255398683906e+01,2.712791008638249934e+01,2.487385721044958586e+01,2.296666433337144042e+01,2.133201000619555288e+01,1.991537908010026925e+01,1.867588817114384625e+01,1.758229248195628358e+01,1.661027530900538807e+01,1.574063426165460378e+01,1.495801380897419541e+01,1.424999555091761572e+01,1.360639987863179279e+01,1.301882012064232441e+01,1.248026692479835198e+01,1.198485484827561542e+01,1.152760055542866979e+01,1.110427459444167653e+01,1.071124159891342131e+01,1.034536295647526316e+01,1.000393186133325507e+01,9.684583535481516847e+00,9.385242523482279609e+00,9.104099124899407869e+00,8.839546831421568385e+00,8.590160467708418679e+00,8.354686603443248316e+00,8.131991487248232175e+00,7.921070187727227818e+00,7.721021442790386935e+00,7.531025409072648280e+00,7.350356410843016164e+00,7.178341863036061810e+00,7.014387131082856719e+00,6.857939513646777563e+00,6.708502901127145535e+00,6.565621829523482056e+00,6.428879184535864155e+00,6.297894839753277907e+00,6.172317573215026165e+00,6.051825077555316845e+00,5.936123340487582389e+00,5.824934246081562961e+00,5.718010964812644481e+00,5.615112955841319753e+00,5.516028104954102673e+00,5.420553911861044405e+00,5.328502396100064153e+00,5.239703380992892789e+00,5.153992485397020928e+00,5.071219044682060861e+00,4.991243869648564591e+00,4.913937053559220836e+00,4.839174871916956278e+00,4.766843109749784979e+00,4.696834692557534829e+00,4.629050061756313283e+00,4.563396797973731545e+00,4.499787320406014146e+00,4.438140185639316115e+00,4.378379365753014341e+00,4.320433873971092353e+00,4.264237347550389856e+00,4.209728640630142849e+00,4.156852940391829065e+00,4.105556340871848064e+00,4.055791892504932328e+00,4.007516829711913253e+00,3.960693497341803759e+00,3.915288868918038734e+00,3.871275267911176154e+00,3.828632257648422854e+00,3.787347057659804506e+00,3.747415832834797289e+00,3.708850194436314585e+00,3.671682872794307606e+00,3.635990542120898450e+00,3.602021364014376115e+00,3.602020735556053843e+00,3.602020121233198147e+00,3.602019520565972854e+00,3.602018933104129239e+00,3.602018358407908405e+00,3.602017796069383770e+00,3.602017245698350134e+00,3.602016706918638622e+00,3.602016179354475156e+00,3.602015662674017626e+00,3.602015156536421792e+00,3.602014660623824582e+00,3.602014174629485588e+00
3.019685256735350549e+02,1.510162721139983830e+02,1.006990748350599745e+02,7.554067884458180515e+01,6.044582129240573209e+01,5.038271895116798760e+01,4.319489630991527918e+01,3.780412571801127086e+01,3.361141496783774585e+01,3.025733897107171089e+01,2.751317222144794883e+01,2.522643392093338122e+01,2.329158426438441509e+01,2.163321507352234008e+01,2.019602372894617304e+01,1.893853796153791791e+01,1.782906109063847921e+01,1.684292099224335360e+01,1.596063769773853203e+01,1.516663587978772121e+01,1.444831526801953991e+01,1.379534932383726087e+01,1.319920980424682355e+01,1.265280472970432868e+01,1.215016515354671434e+01,1.168623621809470592e+01,1.125672238498782640e+01,1.085794219493218371e+01,1.048671013147616726e+01,1.014027323923081525e+01,9.816241093761435721e+00,9.512506113520103668e+00,9.227227240635414773e+00,8.958781256011825178e+00,8.705719582193232498e+00,8.466767629247504701e+00,8.240782518551020175e+00,8.026736012544731125e+00,7.823720392131521706e+00,7.630902819707237050e+00,7.447541697189508092e+00,7.272964514524680624e+00,7.106554467025627098e+00,6.947765101571592439e+00,6.796081589927410960e+00,6.651050392145327450e+00,6.512242054274259395e+00,6.379274924536779245e+00,6.251789250473123616e+00,6.129462419156957331e+00,6.011988706570486229e+00,5.899096297417261603e+00,5.790522001266842800e+00,5.686034775369244620e+00,5.585409607194695703e+00,5.488443984529913777e+00,5.394950629488702631e+00,5.304749049391891624e+00,5.217679167976595700e+00,5.133586698819702754e+00,5.052327084798715617e+00,4.973768576442871847e+00,4.897788901077096746e+00,4.824270083594851322e+00,4.753102899231850031e+00,4.684186685030055308e+00,4.617425455512072396e+00,4.552731595758531036e+00,4.490021584988368453e+00,4.429217746716728854e+00,4.370247559040576490e+00,4.313043300877597908e+00,4.257542035839022354e+00,4.203684257658661494e+00,4.151419204973851862e+00,4.100694952903032764e+00,4.051467347478592274e+00,4.003695311380756294e+00,3.957344692621961979e+00,3.912384173187062775e+00,3.868788812285056444e+00,3.826540275783048450e+00,3.785629275831083440e+00,3.746055350857491639e+00,3.707832752980090962e+00,3.671001264384743390e+00,3.635643864924340107e+00,3.602021364002947035e+00,3.602020742617095816e+00,3.602020135045366889e+00,3.602019540827186894e+00,3.602018959526823938e+00,3.602018390727552255e+00,3.602017834030392329e+00,3.602017289053172533e+00,3.602016755429640948e+00,3.602016232804047480e+00,3.602015720853313674e+00,3.602015219237963972e+00,3.602014727657480542e+00
3.063227014348443049e+02,1.531902386675000685e+02,1.021462861583567161e+02,7.662451509938378535e+01,6.131161195903575134e+01,5.110313042670431116e+01,4.381145330231338875e+01,3.834278737320848052e+01,3.408948372428098139e+01,3.068692450452426712e+01,2.790308208478002427e+01,2.558327423770554887e+01,2.362043683015395246e+01,2.193807254648990579e+01,2.048008076802509692e+01,1.920438791221128128e+01,1.807883936467901620e+01,1.707841022697599698e+01,1.618333889263465863e+01,1.537781929014309590e+01,1.464907361788432638e+01,1.398662815965948170e+01,1.338182977557501019e+01,1.282747799296190649e+01,1.231752626015502905e+01,1.184684660866035166e+01,1.141107171901645145e+01,1.100647519959281873e+01,1.062982715488314156e+01,1.027832855338323448e+01,9.949555146997184352e+00,9.641376361723988708e+00,9.351914160245653918e+00,9.079527217386335280e+00,8.822750824787872759e+00,8.580279327214062945e+00,8.350963757030534396e+00,8.133761632856522539e+00,7.927739964392011451e+00,7.732069699076891567e+00,7.545986293706773651e+00,7.368812608308081380e+00,7.199927105979929465e+00,7.038762738093563343e+00,6.884813389632031821e+00,6.737602068247015019e+00,6.596708937402288697e+00,6.461733526938277627e+00,6.332321285145119383e+00,6.208135343364642011e+00,6.088876270085779474e+00,5.974254986388025657e+00,5.864018595364835384e+00,5.757919050086002244e+00,5.655739831399006157e+00,5.557267853763804055e+00,5.462314221944760462e+00,5.370699168909908394e+00,5.282253471936935618e+00,5.196827179117890161e+00,5.114270836848164414e+00,5.034449914767375134e+00,4.957239612928032280e+00,4.882522377678431447e+00,4.810185382506443119e+00,4.740126169655285437e+00,4.672247225093247636e+00,4.606459342854257066e+00,4.542677316170663282e+00,4.480821757570259578e+00,4.420818511727867772e+00,4.362598408477897927e+00,4.306096908945027835e+00,4.251253671679819490e+00,4.198012216096344673e+00,4.146323506061746045e+00,4.096139709388173955e+00,4.047416703300002361e+00,4.000117755366075833e+00,3.954210363648191784e+00,3.909665037018747125e+00,3.866459671748939009e+00,3.824578750311852460e+00,3.784015289677830296e+00,3.744773473848486134e+00,3.706870859395756668e+00,3.670352582857281831e+00,3.635310882251857834e+00,3.602021364002934600e+00,3.602020749519387000e+00,3.602020148547890877e+00,3.602019560640032037e+00,3.602018985377128502e+00,3.602018422353877813e+00,3.602017871183566200e+00,3.602017331496119024e+00,3.602016802937978213e+00,3.602016285164671761e+00,3.602015777852181078e+00,3.602015280685566090e+00
3.107324706073683274e+02,1.553920258777803554e+02,1.036120555557379816e+02,7.772225620253512091e+01,6.218852546335418907e+01,5.183281624301171320e+01,4.443596847619524226e+01,3.888840942025018421e+01,3.457373587137396242e+01,3.112207665944989188e+01,2.829805676235005762e+01,2.594476136389583942e+01,2.395357436058399614e+01,2.224690850559433031e+01,2.076785309540801450e+01,1.947372632378510815e+01,1.833189707720057271e+01,1.731699605979137502e+01,1.640897491499788430e+01,1.559179683954730145e+01,1.485248928355973419e+01,1.418044246467323255e+01,1.356687795742736213e+01,1.300448109786970363e+01,1.248712030198090694e+01,1.200960307001079030e+01,1.156749584439178768e+01,1.115700458974182219e+01,1.077487016781944362e+01,1.041825141748807404e+01,1.008467562269405349e+01,9.771992535840816174e+00,9.478301726312297504e+00,9.201921760817116436e+00,8.941379364484104642e+00,8.695352532856283290e+00,8.462660269172467054e+00,8.242260055193273871e+00,8.033203505267394462e+00,7.834636885648239790e+00,7.645803229753006747e+00,7.466000885218839755e+00,7.294604284146331885e+00,7.131043749132789600e+00,6.974791489085519380e+00,6.825382197690204045e+00,6.682371833806551642e+00,6.545369005846814581e+00,6.414003187928829064e+00,6.287940327383003236e+00,6.166869480166869977e+00,6.050504136935273891e+00,5.938580740571045347e+00,5.830855313071308110e+00,5.727098820571360882e+00,5.627105380215982500e+00,5.530673236917480473e+00,5.437627951245388225e+00,5.347793817995349031e+00,5.261016588420761586e+00,5.177149952907108776e+00,5.096052670776543891e+00,5.017599473760102846e+00,4.941670297867919004e+00,4.868150844466022420e+00,4.796936270879497144e+00,4.727928800694678912e+00,4.661036438985693309e+00,4.596173025911770793e+00,4.533255932800875243e+00,4.472210395026308127e+00,4.412965564772248328e+00,4.355454173950122687e+00,4.299616310314263501e+00,4.245394354636031764e+00,4.192734524606757773e+00,4.141587162063920857e+00,4.091909622471441743e+00,4.043659562647948569e+00,3.996802705921091992e+00,3.951307083282528776e+00,3.907146726847734897e+00,3.864301715952921157e+00,3.822759058738077531e+00,3.782515446546878213e+00,3.743577658525679475e+00,3.705969096909329963e+00,3.669740191703368737e+00,3.634992215319400088e+00,3.602021363999893477e+00,3.602020756272002355e+00,3.602020161759337036e+00,3.602019580032663093e+00,3.602019010683236822e+00,3.602018453320146918e+00,3.602017907568779265e+00,3.602017373070020234e+00,3.602016849481942451e+00,3.602016336468912616e+00,3.602015833711843307e+00
3.152033242484324660e+02,1.576243819438626872e+02,1.050982302746926536e+02,7.883528268324617727e+01,6.307765966429988680e+01,5.257268831856734437e+01,4.506922217459673163e+01,3.944169043851792367e+01,3.506478579039030308e+01,3.156334282729241991e+01,2.869859166986303833e+01,2.631135277226541547e+01,2.429142664202807822e+01,2.256011545491535131e+01,2.105970396279421308e+01,1.974689107775623853e+01,1.858856654487918902e+01,1.755898498094758153e+01,1.663783215466737886e+01,1.580883764991070350e+01,1.505883118403231435e+01,1.437704285457802733e+01,1.375458738142067006e+01,1.318404262616317624e+01,1.265917461136744748e+01,1.217471750675283459e+01,1.172618891170655608e+01,1.130973414405576349e+01,1.092203162972788277e+01,1.056021617329373186e+01,1.022178261167223923e+01,9.904533365540443057e+00,9.606546590286189513e+00,9.326129430074326265e+00,9.061768716948142455e+00,8.812129484625186748e+00,8.576025120602521312e+00,8.352381395189537372e+00,8.140241964899953331e+00,7.938750481712421703e+00,7.747122132826969931e+00,7.564657351182677125e+00,7.390719530095586798e+00,7.224722278531035435e+00,7.066146690859158142e+00,6.914503579417327295e+00,6.769352944198169908e+00,6.630293725021816797e+00,6.496947982337188954e+00,6.368983942101830387e+00,6.246076341252464914e+00,6.127945615852246064e+00,6.014313213030686889e+00,5.904940825938208349e+00,5.799588702665226414e+00,5.698052539478308809e+00,5.600125799692369455e+00,5.505631165303434216e+00,5.414390876907693162e+00,5.326248182697779221e+00,5.241053891248669494e+00,5.158664183905266931e+00,5.078954021554384468e+00,5.001798491489034326e+00,4.927082303601561186e+00,4.854699818261767774e+00,4.784552075568453411e+00,4.716543508637226267e+00,4.650585383913664828e+00,4.586595609639608107e+00,4.524497030680932674e+00,4.464217255040789922e+00,4.405688494738816630e+00,4.348847371162054998e+00,4.293634641516479888e+00,4.239994848861140753e+00,4.187878512439655587e+00,4.137239519101543195e+00,4.088032900021104865e+00,4.040222929350293590e+00,3.993773662887438292e+00,3.948657032276623458e+00,3.904849627633293352e+00,3.862333830557580061e+00,3.821098517504776471e+00,3.781143318325107749e+00,3.742478912263998758e+00,3.705134703425533971e+00,3.669167521562080037e+00,3.634690833040416624e+00,3.602021364002470083e+00,3.602020762877510496e+00,3.602020174686279219e+00,3.602019599012116213e+00,3.602019035456014873e+00,3.602018483640706314e+00,3.602017943203026373e+00,3.602017413794730949e+00,3.602016895081548764e+00,3.602016386742629805e+00
3.197419569000501269e+02,1.598906218522119786e+02,1.066070103374579219e+02,7.996531815010180821e+01,6.398038684165009471e+01,5.332386457926762802e+01,4.571215844030574971e+01,4.000345096346379137e+01,3.556340256104714825e+01,3.201141113567835816e+01,2.910529416104750666e+01,2.668359225957712511e+01,2.463450893928539642e+01,2.287819234520477352e+01,2.135608680180849817e+01,2.002429434481242154e+01,1.884922934500958291e+01,1.780476448044700177e+01,1.687027490896361215e+01,1.602927135802549685e+01,1.526840657451198702e+01,1.457674702492801444e+01,1.394526142666075152e+01,1.336643160485876258e+01,1.283394927288986409e+01,1.234246031837264290e+01,1.188740574659378169e+01,1.146488807873676130e+01,1.107154705831588082e+01,1.070445974946622236e+01,1.036108247429285356e+01,1.003920272350272924e+01,9.736865097371149247e+00,9.452339560359579451e+00,9.184104656254373111e+00,8.930808563985342730e+00,8.691233216318332566e+00,8.464297298586098250e+00,8.249037123592589893e+00,8.044569928842387085e+00,7.850107969050392320e+00,7.664944464303507843e+00,7.488423166298346700e+00,7.319961089399144250e+00,7.159022783114321165e+00,7.005112556863681839e+00,6.857792834824947725e+00,6.716645196891416703e+00,6.581294712245959744e+00,6.451399466248040504e+00,6.326631914062986972e+00,6.206707901109743020e+00,6.091344220385479957e+00,5.980299905405760619e+00,5.873330804331801325e+00,5.770230099499189080e+00,5.670787607742550307e+00,5.574824253490572978e+00,5.482157624241676075e+00,5.392631994106293014e+00,5.306090420529906204e+00,5.222392582225785063e+00,5.141408913880267662e+00,5.063009914534318590e+00,4.987082578538609035e+00,4.913519594405681978e+00,4.842215041912090179e+00,4.773074382599960863e+00,4.706009254096847449e+00,4.640934676986196550e+00,4.577771898009562968e+00,4.516446002544462601e+00,4.456887838376766275e+00,4.399032517415095711e+00,4.342819633701513915e+00,4.288191203245271588e+00,4.235097247440248402e+00,4.183488543412931193e+00,4.133318553922073590e+00,4.084548769092055664e+00,4.037141672863864272e+00,3.991066339794802520e+00,3.946294577673798543e+00,3.902805116153480025e+00,3.860582094578045353e+00,3.819619576506738223e+00,3.779917129887157667e+00,3.741492515835945110e+00,3.704378418580908328e+00,3.668641824570813892e+00,3.634407477416631504e+00,3.602021364009693638e+00,3.602020769341359507e+00,3.602020187338685897e+00,3.602019617587897127e+00,3.602019059708729376e+00,3.602018513333667737e+00,3.602017978107240115e+00,3.602017453693791449e+00,3.602016939768555748e+00
3.243571298251191592e+02,1.621950315796208315e+02,1.081411577171200520e+02,8.111436551683466689e+01,6.489838798533509134e+01,5.408780844236100904e+01,4.636602210456716477e+01,4.057473326752166543e+01,3.607046957994769798e+01,3.246711700650738663e+01,2.951896521786038008e+01,2.706221006122433437e+01,2.498345015462001939e+01,2.320170674755951978e+01,2.165757300231514293e+01,2.030649099160545390e+01,1.911438909039427969e+01,1.805477282595647281e+01,1.710673783378690516e+01,1.625354094001820116e+01,1.548162914232267973e+01,1.477991541413592458e+01,1.413925576230611370e+01,1.355201908455297755e+01,1.301178886500756882e+01,1.251313800066929360e+01,1.205145549324773668e+01,1.162278408980216327e+01,1.122370265637833775e+01,1.085124902252062107e+01,1.050285713586401215e+01,1.017627094967046197e+01,9.869502534548880490e+00,9.580803458509468129e+00,9.308635909092716432e+00,9.051616312924789298e+00,8.808512397193343446e+00,8.578236573917557450e+00,8.359799614418516711e+00,8.152307837479296992e+00,7.954969687038255799e+00,7.767060181889151593e+00,7.587915234047154733e+00,7.416946125524765954e+00,7.253607604492462890e+00,7.097395996091614201e+00,6.947868925864690404e+00,6.804601500721363827e+00,6.667212224859675018e+00,6.535355747990301722e+00,6.408698754834026623e+00,6.286952769012527753e+00,6.169832192306320628e+00,6.057087319115201929e+00,5.948479075664624638e+00,5.843786763384681393e+00,5.742808100451481934e+00,5.645350378865049201e+00,5.551238466707133057e+00,5.460306398953685303e+00,5.372398428319698382e+00,5.287374959322429291e+00,5.205094727402418187e+00,5.125438009021798358e+00,5.048282386958703682e+00,4.973517002658438990e+00,4.901041751478109276e+00,4.830756214885370881e+00,4.762568136925019679e+00,4.696392888557327616e+00,4.632150591851052823e+00,4.569765546717746041e+00,4.509165574963887479e+00,4.450284218929236424e+00,4.393059269083024354e+00,4.337432374047981654e+00,4.283349170169380216e+00,4.230760573670748315e+00,4.179619503606354591e+00,4.129881217477529454e+00,4.081509965009535001e+00,4.034467623045393303e+00,3.988727943846558155e+00,3.944262728474105195e+00,3.901052777213530387e+00,3.859084332410098739e+00,3.818354648282827668e+00,3.778866464144426285e+00,3.740640008491356472e+00,3.703717266743836056e+00,3.668171712020880548e+00,3.634146009715140568e+00,3.602021364010121296e+00,3.602020775668804298e+00,3.602020199724658145e+00,3.602019635781441131e+00,3.602019083466035276e+00,3.602018542422386282e+00,3.602018012308898509e+00,3.602017492797691567e+00
3.290591208397269725e+02,1.645430207994142506e+02,1.097044585686228260e+02,8.228526754116938946e+01,6.583381781984249415e+01,5.486623434609385441e+01,4.703231258310955809e+01,4.115694045720093897e+01,3.658725677977427182e+01,3.293154914587464077e+01,2.994054775889148345e+01,2.744807823768590893e+01,2.533911458750673162e+01,2.353147046976483026e+01,2.196487624505791558e+01,2.059413171578295731e+01,1.938467530776376080e+01,1.830964188821451799e+01,1.734780225360206529e+01,1.648217214973212918e+01,1.569900438511871954e+01,1.498705778132901045e+01,1.433705415166880393e+01,1.374124403851624798e+01,1.319312021531994716e+01,1.268717936352394560e+01,1.221874602235974017e+01,1.178380000290469987e+01,1.137887170667005243e+01,1.100095701456520914e+01,1.064745378047691382e+01,1.031607052961787829e+01,1.000479236096587776e+01,9.711843836674953323e+00,9.435665686800073004e+00,9.174855482843671695e+00,8.928162650037135606e+00,8.694477916513990934e+00,8.472806875286934769e+00,8.262240201915867388e+00,8.061967171049786884e+00,7.871261680499273439e+00,7.689449281065589226e+00,7.515922823992835511e+00,7.350141013306476623e+00,7.191590607113394817e+00,7.039810836525860260e+00,6.894387916861786536e+00,6.754925000209327735e+00,6.621068294719458791e+00,6.492492795786793280e+00,6.368886950429820892e+00,6.249980932317455107e+00,6.135505739737086017e+00,6.025226966571400666e+00,5.918918858706583741e+00,5.816372948412902311e+00,5.717399373429944198e+00,5.621813923542605451e+00,5.529453369190784784e+00,5.440157045741020880e+00,5.353781074946945218e+00,5.270188317665655653e+00,5.189248093713743515e+00,5.110845067198446223e+00,5.034860845906652393e+00,4.961193555402429567e+00,4.889744266337562983e+00,4.820416527259297368e+00,4.753124350714025503e+00,4.687787399230495922e+00,4.624327100501972154e+00,4.562669632791877206e+00,4.502747378539349477e+00,4.444496658296585245e+00,4.387857646321057459e+00,4.332774273875721782e+00,4.279194477120728202e+00,4.227067883214491673e+00,4.176351976135834754e+00,4.127006286086614573e+00,4.078990021002701916e+00,4.032274544196334354e+00,3.986827346510114722e+00,3.942626469708578441e+00,3.899653345487366973e+00,3.857895854049175899e+00,3.817352417972089462e+00,3.778030958359779312e+00,3.739955574294133722e+00,3.703173464357402356e+00,3.667772343713756378e+00,3.633912809912679176e+00,3.602021364000138615e+00,3.602020781861758447e+00,3.602020211850575748e+00,3.602019653598071969e+00,3.602019106736730425e+00,3.602018570923102292e+00,3.602018045825754911e+00
3.338629805334285265e+02,1.669418793836099155e+02,1.113016238092405956e+02,8.348156737582152687e+01,6.678958545780992040e+01,5.566163695144118861e+01,4.771315542380700236e+01,4.175185701350572032e+01,3.711533480818849284e+01,3.340615003534097838e+01,3.037138908723866138e+01,2.784244430934840153e+01,2.570260495427750413e+01,2.386849512053808198e+01,2.227896082413445100e+01,2.088814038526071570e+01,1.966096437051339763e+01,1.857016433729375393e+01,1.759421915509306089e+01,1.671589302226409757e+01,1.592123640128052386e+01,1.519883754576001245e+01,1.453927708806101649e+01,1.393470960212042442e+01,1.337852886252229290e+01,1.286514828784331854e+01,1.238981059049422129e+01,1.194845241259851676e+01,1.153755571291754478e+01,1.115407038392935490e+01,1.079534073863753996e+01,1.045905347427845378e+01,1.014317257455297039e+01,9.845891004267905089e+00,9.565612072247649422e+00,9.300925989740978395e+00,9.050571993062805021e+00,8.813411932863441933e+00,8.588429346486931237e+00,8.374722707322835191e+00,8.171462218460007421e+00,7.977895880822396535e+00,7.793355706696644347e+00,7.617229248366590433e+00,7.448947328068409313e+00,7.288003530567729982e+00,7.133935448151775383e+00,6.986305434063594610e+00,6.844724029657303532e+00,6.708833191677352481e+00,6.578290062342190048e+00,6.452796123459588529e+00,6.332062862098501554e+00,6.215822893143020167e+00,6.103841410340412388e+00,5.995880989436871644e+00,5.891740745764860065e+00,5.791217637163433629e+00,5.694132072041016457e+00,5.600313359922357570e+00,5.509601162159150967e+00,5.421848446058193716e+00,5.336914848587122506e+00,5.254669546787035017e+00,5.174993561601946013e+00,5.097766985754484281e+00,5.022888398660396270e+00,4.950251396260245684e+00,4.879762665650963172e+00,4.811336725357213240e+00,4.744884540498317094e+00,4.680328194865498226e+00,4.617594857817159060e+00,4.556615659336190838e+00,4.497323269579517557e+00,4.439655911482863537e+00,4.383556090666861138e+00,4.328969776760516197e+00,4.275846273417220900e+00,4.224138909711962597e+00,4.173806567317834393e+00,4.124806262873353724e+00,4.077102416558298970e+00,4.030665458326282646e+00,3.985466384829710940e+00,3.941481640430020139e+00,3.898694887185955249e+00,3.857095819582566865e+00,3.816686255418233920e+00,3.777474436131909918e+00,3.739490411597202524e+00,3.702788491692190487e+00,3.667468274693912456e+00,3.633717424269576668e+00,3.602021364004265980e+00,3.602020787925703793e+00,3.602020223730197035e+00,3.602019671050992855e+00,3.602019129537206599e+00,3.602018598853712117e+00
3.387892056501934235e+02,1.694018311505349459e+02,1.129394425320016779e+02,8.470835549979810253e+01,6.776976816939540527e+01,5.647741989966058895e+01,4.841148885091973142e+01,4.236206562063596692e+01,3.765697949636299313e+01,3.389294933297747292e+01,3.081332794125203023e+01,2.824700313169770283e+01,2.607551784376922299e+01,2.421426133900247635e+01,2.260118641656551475e+01,2.118977486414308942e+01,1.994443951099721346e+01,1.883749396564510903e+01,1.784708421384500099e+01,1.695572815156697288e+01,1.614927898654219263e+01,1.541617093858659970e+01,1.474683014756912769e+01,1.413328204911107022e+01,1.356882960909369018e+01,1.304781056828662145e+01,1.256541066031802778e+01,1.211748504792026004e+01,1.170046392618027120e+01,1.131125504721957853e+01,1.094717477126331850e+01,1.060587122050086784e+01,1.028526719018897495e+01,9.983533697233150761e+00,9.699056230885995333e+00,9.430406653594548771e+00,9.176293072856362087e+00,8.935566560303861650e+00,8.707198899995756136e+00,8.490273366603100058e+00,8.283944021843781869e+00,8.087451405588531372e+00,7.900117649745729054e+00,7.721320100360064664e+00,7.550481687619535087e+00,7.387086672990762715e+00,7.230668515519640849e+00,7.080783107224384310e+00,6.937029975182580799e+00,6.799052111504619411e+00,6.666501603416131516e+00,6.539065496670428246e+00,6.416464086339243700e+00,6.298419811541928759e+00,6.184689396925532101e+00,6.075045084626860437e+00,5.969265170953478972e+00,5.867160687698858013e+00,5.768536911921483323e+00,5.673227157450746461e+00,5.581067102979729633e+00,5.491904252767440653e+00,5.405600985182763552e+00,5.322020304665571189e+00,5.241041749550818807e+00,5.162547228742054628e+00,5.086426123686972112e+00,5.012579654701254661e+00,4.940904863462848517e+00,4.871317225029398124e+00,4.803727625507360877e+00,4.738054539989521530e+00,4.674223880067941650e+00,4.612166072194526123e+00,4.551810264797867767e+00,4.493094071971349912e+00,4.435958946937419434e+00,4.380348385076239914e+00,4.326210105905540004e+00,4.273496424908344693e+00,4.222160315521986007e+00,4.172158844149082668e+00,4.123454926979915669e+00,4.076014958120401488e+00,4.029804128967611199e+00,3.984798218481167442e+00,3.940974505561370744e+00,3.898316371517970946e+00,3.856816531709319040e+00,3.816472463516083824e+00,3.777300148710467376e+00,3.739330065710412931e+00,3.702626282672535130e+00,3.667301957693252401e+00,3.633575503952680030e+00,3.602021364004388548e+00,3.602020793863392800e+00,3.602020235365538614e+00,3.602019688151516519e+00,3.602019151881867831e+00
3.438683367965012394e+02,1.719383301657076970e+02,1.146283635125012808e+02,8.597346492621257141e+01,6.878058693148074099e+01,5.731870300400775875e+01,4.913166748875210743e+01,4.299140949600888462e+01,3.821566819839340923e+01,3.439508759878982147e+01,3.126919387814547235e+01,2.866431029989920987e+01,2.646019568562586599e+01,2.457096805190597522e+01,2.293364840049851239e+01,2.150100297208091860e+01,2.023692157826567239e+01,1.911331921570457126e+01,1.810800554050403122e+01,1.720323430502615381e+01,1.638464080001465817e+01,1.564047259342867768e+01,1.496103343551770060e+01,1.433823271646375552e+01,1.376526818659582929e+01,1.323638692765115721e+01,1.274668964072373178e+01,1.229198245299609660e+01,1.186865493140011729e+01,1.147356110188626133e+01,1.110396607453414397e+01,1.075747805478905583e+01,1.043200245820186467e+01,1.012569105376271494e+01,9.836893859396667494e+00,9.564149146115216382e+00,9.306155197827417069e+00,9.061759860696804836e+00,8.829910335032394642e+00,8.609662179660134029e+00,8.400165308572262290e+00,8.200664050220725088e+00,8.010455341150050756e+00,7.828901551756082711e+00,7.655426269912526394e+00,7.489513784761437698e+00,7.330673321856399305e+00,7.178460293287251659e+00,7.032475992032850343e+00,6.892348297207116836e+00,6.757725771327184994e+00,6.628295513561623942e+00,6.503768951946945265e+00,6.383865849801783732e+00,6.268338348001202043e+00,6.156956189804544621e+00,6.049493697971207062e+00,5.945758086853656366e+00,5.845556020532471919e+00,5.748708490122646175e+00,5.655060442536635534e+00,5.564446659400053008e+00,5.476735449483776996e+00,5.391782225412620200e+00,5.309466605450456456e+00,5.229666067127961782e+00,5.152273509800412654e+00,5.077178728616431158e+00,5.004290773799715986e+00,4.933507992438384449e+00,4.864751956396798249e+00,4.797933721741434177e+00,4.732976722017707694e+00,4.669813080359470625e+00,4.608368624153577287e+00,4.548577790339045634e+00,4.490381813538728117e+00,4.433723938112574814e+00,4.378548402238406467e+00,4.324804306534695719e+00,4.272443614303808701e+00,4.221422817026184049e+00,4.171700633025154481e+00,4.123238835719384987e+00,4.076000186686600024e+00,4.029959352679842510e+00,3.985084094461107007e+00,3.941354676302861293e+00,3.898755133113480653e+00,3.857275021920672398e+00,3.816915069465577126e+00,3.777688541988221793e+00,3.739630955588681971e+00,3.702809782101046832e+00,3.667353857745705437e+00,3.633523569342814508e+00,3.602021364004493353e+00,3.602020799680987651e+00,3.602020246765227363e+00,3.602019704908540731e+00
3.491531522242772212e+02,1.745777013812583505e+02,1.163859067139564587e+02,8.729002488021593820e+01,6.983252724321070559e+01,5.819425225162995474e+01,4.988122079142953424e+01,4.364646064891316968e+01,3.879721382533172402e+01,3.491782487416999459e+01,3.174378638435705824e+01,2.909876024698085573e+01,2.686068814797489424e+01,2.494235931485356517e+01,2.327981736933602619e+01,2.182510096448471515e+01,2.054153273846669947e+01,1.940058866432822171e+01,1.837974846960158715e+01,1.746101568688743200e+01,1.662979222335319918e+01,1.587414157991020502e+01,1.518420520913221061e+01,1.455176814459696821e+01,1.396993002499422509e+01,1.343286518170511279e+01,1.293559514744529082e+01,1.247385087830762629e+01,1.204395606376675154e+01,1.164272510414228634e+01,1.126738591249828936e+01,1.091552304014574659e+01,1.058499283251700973e+01,1.027391094837086882e+01,9.980609514244786595e+00,9.703607295924442155e+00,9.441595450913206733e+00,9.193381473998863740e+00,8.957901729924225620e+00,8.734200248552545176e+00,8.521420000104786396e+00,8.318786763422227892e+00,8.125584766814924365e+00,7.941169493828326154e+00,7.764957163527448358e+00,7.596421797218295247e+00,7.435065775709515989e+00,7.280438503392947069e+00,7.132130221596360009e+00,6.989769565798638951e+00,6.852998991664918549e+00,6.721493876317184757e+00,6.594966792139469902e+00,6.473136006372681273e+00,6.355741855380794725e+00,6.242552492425677002e+00,6.133349044328074484e+00,6.027917920883846925e+00,5.926074028803125948e+00,5.827639464402104785e+00,5.732439151810487132e+00,5.640328343349433560e+00,5.551152985261921913e+00,5.464776035597918913e+00,5.381076011910184143e+00,5.299920670576184989e+00,5.221210599457365653e+00,5.144825647018405057e+00,5.070678401267311841e+00,4.998660815811381219e+00,4.928697522418660881e+00,4.860692295536535035e+00,4.794575820835929036e+00,4.730266395126802692e+00,4.667694411417210532e+00,4.606799012705718788e+00,4.547510185478022215e+00,4.489770047819641619e+00,4.433524162779341360e+00,4.378720928613899943e+00,4.325308221739816439e+00,4.273238715406356469e+00,4.222468590953754486e+00,4.172957414709527413e+00,4.124669170074902524e+00,4.077567738878059345e+00,4.031618535556075855e+00,3.986800007779951027e+00,3.943082795745130209e+00,3.900451049226412170e+00,3.858891363419172382e+00,3.818405819505179100e+00,3.778999013686652475e+00,3.740707433783353242e+00,3.703598113595018670e+00,3.667810103637068053e+00,3.633647439352949426e+00,3.602021364017226723e+00,3.602020805382520230e+00,3.602020257940602654e+00
3.546663300863601194e+02,1.773331651271032285e+02,1.182221106171757725e+02,8.866658264733254668e+01,7.093326615159570281e+01,5.911105515438217850e+01,5.066661872782583487e+01,4.433329140793261303e+01,3.940737015914611874e+01,3.546663316013790279e+01,3.224239379733363364e+01,2.955552766167329182e+01,2.728202554691532811e+01,2.533330944840779608e+01,2.364442216332958679e+01,2.216664578876883951e+01,2.086272545829919167e+01,1.970368516455609509e+01,1.866664911227201173e+01,1.773331666522841488e+01,1.688887302267838919e+01,1.612119698400486101e+01,1.542027538348870408e+01,1.477776391636205844e+01,1.418665336661584675e+01,1.364101285917397988e+01,1.313579016710680492e+01,1.266665481022085338e+01,1.222987361585320976e+01,1.182221116767691882e+01,1.144084952286095813e+01,1.108332298072604871e+01,1.074746471392459135e+01,1.043136281572160051e+01,1.013332388323476252e+01,9.851842669161605670e+00,9.585576655888445430e+00,9.333324643339329540e+00,9.094008631460495096e+00,8.866658420206750435e+00,8.650398463245899450e+00,8.444436599908650365e+00,8.248054357199308129e+00,8.060598580712747818e+00,7.881474172158413616e+00,7.710137782472532564e+00,7.546092300912109252e+00,7.388882051333566459e+00,7.238255938113052679e+00,7.093326772158476956e+00,6.954241937175635435e+00,6.820792065351095168e+00,6.692143312983004577e+00,6.567895172280489469e+00,6.448914124444058871e+00,6.333815916172302884e+00,6.222765147482007819e+00,6.115550672840362800e+00,6.011973561114237086e+00,5.911105673021237017e+00,5.815027840723003827e+00,5.721328332742303679e+00,5.630606156516424932e+00,5.542734614850098218e+00,5.457569843764300543e+00,5.374987394717109623e+00,5.294889509192614696e+00,5.217148077333483513e+00,5.141671237341879142e+00,5.068358958114849599e+00,4.997120844120452432e+00,4.927873245516769529e+00,4.860530191960207524e+00,4.795021864363531172e+00,4.731269975228428848e+00,4.669209833921547315e+00,4.608775496507266922e+00,4.549902458028129537e+00,4.492540544608643494e+00,4.436627580862562148e+00,4.382112642569974348e+00,4.328947636029321977e+00,4.277089509289937475e+00,4.226489698089334723e+00,4.177108458133443669e+00,4.128905686040774903e+00,4.081847257843877586e+00,4.035901158072366712e+00,3.991032938531178687e+00,3.947219779921971483e+00,3.904435852923177741e+00,3.862664465089628241e+00,3.821894409663181502e+00,3.782127106680370776e+00,3.743378814279270994e+00,3.705701253484733115e+00,3.669215781849427316e+00,3.634239742029599096e+00,3.602021364004492909e+00,3.602020810969251308e+00
3.602020713369858527e+02,1.801010357535143385e+02,1.200673572257120298e+02,9.005051796178700840e+01,7.204041440336563085e+01,6.003367869799726719e+01,5.145743890831167278e+01,4.502525906617367468e+01,4.002245252224390271e+01,3.602020728714007447e+01,3.274564300386941795e+01,3.001683943450571590e+01,2.770785179889795913e+01,2.572871953981841031e+01,2.401347158194570852e+01,2.251262961884460267e+01,2.118835729846605886e+01,2.001122634701345149e+01,1.895800391679507868e+01,1.801010372957952299e+01,1.715247975071180520e+01,1.637282158809525257e+01,1.566095978745788564e+01,1.500841980354526406e+01,1.440808301835214777e+01,1.385392598587367630e+01,1.334081762247408598e+01,1.286435985647909241e+01,1.242076124676222193e+01,1.200673587769152384e+01,1.161942182276319002e+01,1.125631489629748039e+01,1.091521445018510938e+01,1.059417873622431827e+01,1.029148792019548431e+01,1.000561326064138257e+01,9.735191285365688785e+00,9.479002045730627657e+00,9.235950715746753303e+00,9.005051952008694016e+00,8.785416543047414706e+00,8.576239962858950960e+00,8.376792526006587636e+00,8.186410881664379247e+00,8.004490643733850774e+00,7.830479981464807615e+00,7.663874031833457501e+00,7.504209989628148669e+00,7.351062850708188101e+00,7.204041597183415746e+00,7.062785883064051973e+00,6.926963082198824395e+00,6.796265667813059963e+00,6.670408898848823043e+00,6.549128740996760456e+00,6.432180016443767023e+00,6.319334756342684933e+00,6.210380711999035519e+00,6.105120024875922091e+00,6.003368027512081539e+00,5.904952161236819208e+00,5.809710999896655181e+00,5.717493368130684317e+00,5.628157536190460775e+00,5.541570500810954591e+00,5.457607314979187052e+00,5.376150490609149735e+00,5.297089457310530491e+00,5.220320047525183860e+00,5.145744049310257751e+00,5.073268783733175802e+00,5.002806720123741613e+00,4.934275123433240040e+00,4.867595732336775782e+00,4.802694457905052339e+00,4.739501111666251987e+00,4.677949152523255272e+00,4.617975447791048182e+00,4.559520064687009544e+00,4.502526065302832059e+00,4.446939326065865394e+00,4.392708361794212202e+00,4.339784166898869699e+00,4.288120071886188711e+00,4.237671602190991038e+00,4.188396353505329017e+00,4.140253867872064397e+00,4.093205531229387795e+00,4.047214459123960495e+00,4.002245411637507466e+00,3.958264696147936856e+00,3.915240081961824270e+00,3.873140728283461343e+00,3.831937103986886139e+00,3.791600927478491645e+00,3.752105085412011487e+00,3.713423592754952374e+00,3.675531516645513808e+00,3.638404935852393329e+00,3.602021364003880066e+00
