9.999872298346685895e+00,9.999900090948559139e+00,9.999900093210611018e+00,9.999900093964710024e+00,9.999900094341775514e+00,9.999900094568019426e+00,9.999900094718851662e+00,9.999900094826589481e+00,9.999900094907394177e+00,9.999900094970241682e+00,9.999900095020519686e+00,9.999900095061656558e+00,9.999900095095938468e+00,9.999900095124944599e+00,9.999900095149808266e+00,9.999900095171355474e+00,9.999900095190211502e+00,9.999900095206847084e+00,9.999900095221635254e+00,9.999900095234867337e+00,9.999900095246776033e+00,9.999900095257549637e+00,9.999900095267344469e+00,9.999900095276286649e+00,9.999900095284484536e+00,9.999900095292026947e+00,9.999900095298988489e+00,9.999900095305434888e+00,9.999900095311419435e+00,9.999900095316993642e+00,9.999900095322194815e+00,9.999900095327060257e+00,9.999900095331621941e+00,9.999900095335906514e+00,9.999900095339940620e+00,9.999900095343742024e+00,9.999900095347333817e+00,9.999900095350731988e+00,9.999900095353950746e+00,9.999900095357004304e+00,9.999900095359905094e+00,9.999900095362663777e+00,9.999900095365291008e+00,9.999900095367797448e+00,9.999900095370188424e+00,9.999900095372474595e+00,9.999900095374659514e+00,9.999900095376753839e+00,9.999900095378759346e+00,9.999900095380683140e+00,9.999900095382530552e+00,9.999900095384305132e+00,9.999900095386010435e+00,9.999900095387653565e+00,9.999900095389234522e+00,9.999900095390758636e+00,9.999900095392227684e+00,9.999900095393645216e+00,9.999900095395013011e+00,9.999900095396336397e+00,9.999900095397613597e+00,9.999900095398849942e+00,9.999900095400047206e+00,9.999900095401205391e+00,9.999900095402328049e+00,9.999900095403415179e+00,9.999900095404470335e+00,9.999900095405493516e+00,9.999900095406486500e+00,9.999900095407451062e+00,9.999900095408388978e+00,9.999900095409298473e+00,9.999900095410184875e+00,9.999900095411044632e+00,9.999900095411883072e+00,9.999900095412698420e+00,9.999900095413492451e+00,9.999900095414265166e+00,9.999900095415018342e+00,9.999900095415753754e+00,9.999900095416469625e+00,9.999900095417167734e+00,9.999900095417848078e+00,9.999900095418514212e+00,9.999900095419162582e+00,9.999900095419796742e+00,9.999900095420414914e+00,9.999900095421020652e+00,9.999900095421612178e+00,9.999900095422189494e+00,9.999900095422754376e+00,9.999900095423306823e+00,9.999900095423846835e+00,9.999900095424376190e+00,9.999900095424893109e+00,9.999900095425401148e+00,9.999900095425896751e+00,9.999900095426383473e+00,9.999900095426859536e+00,9.999900095427324942e+00
4.797280625570427226e+00,9.999872321062287739e+00,9.999900086425572709e+00,9.999900090948559139e+00,9.999900092456551093e+00,9.999900093210611018e+00,9.999900093663065093e+00,9.999900093964710024e+00,9.999900094180175003e+00,9.999900094341775514e+00,9.999900094467466971e+00,9.999900094568019426e+00,9.999900094650291393e+00,9.999900094718851662e+00,9.999900094776863924e+00,9.999900094826589481e+00,9.999900094869685674e+00,9.999900094907394177e+00,9.999900094940665340e+00,9.999900094970241682e+00,9.999900094996704070e+00,9.999900095020519686e+00,9.999900095042066894e+00,9.999900095061656558e+00,9.999900095079542695e+00,9.999900095095938468e+00,9.999900095111021514e+00,9.999900095124944599e+00,9.999900095137837397e+00,9.999900095149808266e+00,9.999900095160953128e+00,9.999900095171355474e+00,9.999900095181088133e+00,9.999900095190211502e+00,9.999900095198780647e+00,9.999900095206847084e+00,9.999900095214453444e+00,9.999900095221635254e+00,9.999900095228429819e+00,9.999900095234867337e+00,9.999900095240974451e+00,9.999900095246776033e+00,9.999900095252293397e+00,9.999900095257549637e+00,9.999900095262560740e+00,9.999900095267344469e+00,9.999900095271915035e+00,9.999900095276286649e+00,9.999900095280473522e+00,9.999900095284484536e+00,9.999900095288332125e+00,9.999900095292026947e+00,9.999900095295576108e+00,9.999900095298988489e+00,9.999900095302272973e+00,9.999900095305434888e+00,9.999900095308481340e+00,9.999900095311419435e+00,9.999900095314256276e+00,9.999900095316993642e+00,9.999900095319638638e+00,9.999900095322194815e+00,9.999900095324667504e+00,9.999900095327060257e+00,9.999900095329376626e+00,9.999900095331621941e+00,9.999900095333797978e+00,9.999900095335906514e+00,9.999900095337954653e+00,9.999900095339940620e+00,9.999900095341869743e+00,9.999900095343743800e+00,9.999900095345564566e+00,9.999900095347333817e+00,9.999900095349056883e+00,9.999900095350731988e+00,9.999900095352362683e+00,9.999900095353950746e+00,9.999900095355496177e+00,9.999900095357004304e+00,9.999900095358471575e+00,9.999900095359905094e+00,9.999900095361301311e+00,9.999900095362663777e+00,9.999900095363992492e+00,9.999900095365291008e+00,9.999900095366559327e+00,9.999900095367797448e+00,9.999900095369007147e+00,9.999900095370188424e+00,9.999900095371344833e+00,9.999900095372474595e+00,9.999900095373579489e+00,9.999900095374659514e+00,9.999900095375718223e+00,9.999900095376753839e+00,9.999900095377766363e+00,9.999900095378759346e+00,9.999900095379731013e+00,9.999900095380683140e+00
4.760056684386096748e+00,4.796833769087524679e+00,9.999872656045594610e+00,9.999900081904074867e+00,9.999900088686880295e+00,9.999900090948559139e+00,9.999900092079538894e+00,9.999900092758171155e+00,9.999900093210611018e+00,9.999900093533790724e+00,9.999900093776181720e+00,9.999900093964710024e+00,9.999900094115535154e+00,9.999900094238938664e+00,9.999900094341775514e+00,9.999900094428792130e+00,9.999900094503377801e+00,9.999900094568019426e+00,9.999900094624582181e+00,9.999900094674488926e+00,9.999900094718851662e+00,9.999900094758544355e+00,9.999900094794268668e+00,9.999900094826589481e+00,9.999900094855972199e+00,9.999900094882800516e+00,9.999900094907394177e+00,9.999900094930017858e+00,9.999900094950904261e+00,9.999900094970241682e+00,9.999900094988197097e+00,9.999900095004916167e+00,9.999900095020519686e+00,9.999900095035116010e+00,9.999900095048801063e+00,9.999900095061656558e+00,9.999900095073755324e+00,9.999900095085163088e+00,9.999900095095938468e+00,9.999900095106129427e+00,9.999900095115783927e+00,9.999900095124944599e+00,9.999900095133646971e+00,9.999900095141924794e+00,9.999900095149808266e+00,9.999900095157325808e+00,9.999900095164500513e+00,9.999900095171355474e+00,9.999900095177913784e+00,9.999900095184193205e+00,9.999900095190211502e+00,9.999900095195982885e+00,9.999900095201523342e+00,9.999900095206847084e+00,9.999900095211966544e+00,9.999900095216892382e+00,9.999900095221635254e+00,9.999900095226205821e+00,9.999900095230614738e+00,9.999900095234867337e+00,9.999900095238972497e+00,9.999900095242940878e+00,9.999900095246776033e+00,9.999900095250485066e+00,9.999900095254073307e+00,9.999900095257549637e+00,9.999900095260915833e+00,9.999900095264179001e+00,9.999900095267344469e+00,9.999900095270414013e+00,9.999900095273392964e+00,9.999900095276286649e+00,9.999900095279098622e+00,9.999900095281828882e+00,9.999900095284484536e+00,9.999900095287067359e+00,9.999900095289580904e+00,9.999900095292026947e+00,9.999900095294409041e+00,9.999900095296728963e+00,9.999900095298988489e+00,9.999900095301191172e+00,9.999900095303338787e+00,9.999900095305434888e+00,9.999900095307477699e+00,9.999900095309472547e+00,9.999900095311419435e+00,9.999900095313321913e+00,9.999900095315178206e+00,9.999900095316993642e+00,9.999900095318766446e+00,9.999900095320500171e+00,9.999900095322194815e+00,9.999900095323852156e+00,9.999900095325473970e+00,9.999900095327060257e+00,9.999900095328612792e+00,9.999900095330133354e+00,9.999900095331621941e+00,9.999900095333080330e+00
4.729819298467672795e+00,4.759387852891834747e+00,4.796379232669766068e+00,9.999872325576452781e+00,9.999900077384065611e+00,9.999900086425572709e+00,9.999900089440732387e+00,9.999900090948559139e+00,9.999900091853335837e+00,9.999900092456552869e+00,9.999900092887438419e+00,9.999900093210611018e+00,9.999900093461972617e+00,9.999900093663065093e+00,9.999900093827598369e+00,9.999900093964710024e+00,9.999900094080729218e+00,9.999900094180175003e+00,9.999900094266362061e+00,9.999900094341775514e+00,9.999900094408317841e+00,9.999900094467466971e+00,9.999900094520389970e+00,9.999900094568019426e+00,9.999900094611115620e+00,9.999900094650291393e+00,9.999900094686061891e+00,9.999900094718851662e+00,9.999900094749017754e+00,9.999900094776863924e+00,9.999900094802647743e+00,9.999900094826589481e+00,9.999900094848880983e+00,9.999900094869685674e+00,9.999900094889147439e+00,9.999900094907394177e+00,9.999900094924534244e+00,9.999900094940665340e+00,9.999900094955876284e+00,9.999900094970241682e+00,9.999900094983830812e+00,9.999900094996704070e+00,9.999900095008916523e+00,9.999900095020519686e+00,9.999900095031556191e+00,9.999900095042068671e+00,9.999900095052090876e+00,9.999900095061656558e+00,9.999900095070797690e+00,9.999900095079542695e+00,9.999900095087914664e+00,9.999900095095938468e+00,9.999900095103633646e+00,9.999900095111021514e+00,9.999900095118119836e+00,9.999900095124944599e+00,9.999900095131511790e+00,9.999900095137837397e+00,9.999900095143932077e+00,9.999900095149808266e+00,9.999900095155478397e+00,9.999900095160953128e+00,9.999900095166243119e+00,9.999900095171357250e+00,9.999900095176302628e+00,9.999900095181088133e+00,9.999900095185722648e+00,9.999900095190211502e+00,9.999900095194561800e+00,9.999900095198780647e+00,9.999900095202875150e+00,9.999900095206847084e+00,9.999900095210705331e+00,9.999900095214453444e+00,9.999900095218094975e+00,9.999900095221635254e+00,9.999900095225079610e+00,9.999900095228429819e+00,9.999900095231691211e+00,9.999900095234867337e+00,9.999900095237959974e+00,9.999900095240974451e+00,9.999900095243910769e+00,9.999900095246776033e+00,9.999900095249568466e+00,9.999900095252293397e+00,9.999900095254952603e+00,9.999900095257549637e+00,9.999900095260084498e+00,9.999900095262560740e+00,9.999900095264980138e+00,9.999900095267344469e+00,9.999900095269655509e+00,9.999900095271915035e+00,9.999900095274124823e+00,9.999900095276286649e+00,9.999900095278402290e+00,9.999900095280473522e+00,9.999900095282500345e+00,9.999900095284484536e+00
4.703101949331239595e+00,4.728958311441189721e+00,4.758704033751434359e+00,4.795923804568014148e+00,9.999872344650260203e+00,9.999900072865543166e+00,9.999900084164638159e+00,9.999900087933069059e+00,9.999900089817673532e+00,9.999900090948559139e+00,9.999900091702535576e+00,9.999900092241114535e+00,9.999900092645063410e+00,9.999900092959252973e+00,9.999900093210611018e+00,9.999900093416270508e+00,9.999900093587655192e+00,9.999900093732675188e+00,9.999900093856979311e+00,9.999900093964710024e+00,9.999900094058975952e+00,9.999900094142152085e+00,9.999900094216085833e+00,9.999900094282239138e+00,9.999900094341775514e+00,9.999900094395643535e+00,9.999900094444614140e+00,9.999900094489326818e+00,9.999900094530312700e+00,9.999900094568019426e+00,9.999900094602827139e+00,9.999900094635055581e+00,9.999900094664983641e+00,9.999900094692845798e+00,9.999900094718851662e+00,9.999900094743178869e+00,9.999900094765987291e+00,9.999900094787411930e+00,9.999900094807577133e+00,9.999900094826589481e+00,9.999900094844546672e+00,9.999900094861532196e+00,9.999900094877624213e+00,9.999900094892890223e+00,9.999900094907394177e+00,9.999900094921189364e+00,9.999900094934329076e+00,9.999900094946855944e+00,9.999900094958814378e+00,9.999900094970241682e+00,9.999900094981171605e+00,9.999900094991636124e+00,9.999900095001665434e+00,9.999900095011284407e+00,9.999900095020519686e+00,9.999900095029392588e+00,9.999900095037924430e+00,9.999900095046132975e+00,9.999900095054039539e+00,9.999900095061656558e+00,9.999900095069003569e+00,9.999900095076091233e+00,9.999900095082935536e+00,9.999900095089547136e+00,9.999900095095938468e+00,9.999900095102120190e+00,9.999900095108102960e+00,9.999900095113893883e+00,9.999900095119505394e+00,9.999900095124944599e+00,9.999900095130218602e+00,9.999900095135336286e+00,9.999900095140301204e+00,9.999900095145124013e+00,9.999900095149808266e+00,9.999900095154361068e+00,9.999900095158785973e+00,9.999900095163091862e+00,9.999900095167280512e+00,9.999900095171357250e+00,9.999900095175325632e+00,9.999900095179192760e+00,9.999900095182958637e+00,9.999900095186630367e+00,9.999900095190211502e+00,9.999900095193702043e+00,9.999900095197109096e+00,9.999900095200432659e+00,9.999900095203678063e+00,9.999900095206847084e+00,9.999900095209943274e+00,9.999900095212966633e+00,9.999900095215922491e+00,9.999900095218810847e+00,9.999900095221635254e+00,9.999900095224397489e+00,9.999900095227101104e+00,9.999900095229744323e+00,9.999900095232332475e+00,9.999900095234867337e+00
4.678558741113996611e+00,4.702062612771245043e+00,4.728083492083711370e+00,4.758012048099116598e+00,4.795448007176791982e+00,9.999872656029161533e+00,9.999900068348509308e+00,9.999900081904076643e+00,9.999900086425572709e+00,9.999900088686880295e+00,9.999900090043842837e+00,9.999900090948559139e+00,9.999900091594822626e+00,9.999900092079538894e+00,9.999900092456552869e+00,9.999900092758171155e+00,9.999900093004955082e+00,9.999900093210611018e+00,9.999900093384630040e+00,9.999900093533790724e+00,9.999900093663065093e+00,9.999900093776181720e+00,9.999900093875991658e+00,9.999900093964710024e+00,9.999900094044091858e+00,9.999900094115535154e+00,9.999900094180175003e+00,9.999900094238938664e+00,9.999900094292593522e+00,9.999900094341775514e+00,9.999900094387024652e+00,9.999900094428792130e+00,9.999900094467466971e+00,9.999900094503379577e+00,9.999900094536814166e+00,9.999900094568019426e+00,9.999900094597213851e+00,9.999900094624582181e+00,9.999900094650291393e+00,9.999900094674488926e+00,9.999900094697304453e+00,9.999900094718851662e+00,9.999900094739235357e+00,9.999900094758544355e+00,9.999900094776863924e+00,9.999900094794268668e+00,9.999900094810822537e+00,9.999900094826589481e+00,9.999900094841622789e+00,9.999900094855972199e+00,9.999900094869685674e+00,9.999900094882800516e+00,9.999900094895359359e+00,9.999900094907394177e+00,9.999900094918936944e+00,9.999900094930019634e+00,9.999900094940665340e+00,9.999900094950904261e+00,9.999900094960754160e+00,9.999900094970241682e+00,9.999900094979382814e+00,9.999900094988198873e+00,9.999900094996704070e+00,9.999900095004916167e+00,9.999900095012851153e+00,9.999900095020519686e+00,9.999900095027937752e+00,9.999900095035117786e+00,9.999900095042068671e+00,9.999900095048801063e+00,9.999900095055327398e+00,9.999900095061656558e+00,9.999900095067797423e+00,9.999900095073755324e+00,9.999900095079542695e+00,9.999900095085163088e+00,9.999900095090627161e+00,9.999900095095938468e+00,9.999900095101104114e+00,9.999900095106129427e+00,9.999900095111021514e+00,9.999900095115785703e+00,9.999900095120423771e+00,9.999900095124944599e+00,9.999900095129351740e+00,9.999900095133646971e+00,9.999900095137837397e+00,9.999900095141924794e+00,9.999900095145914491e+00,9.999900095149808266e+00,9.999900095153611446e+00,9.999900095157325808e+00,9.999900095160953128e+00,9.999900095164500513e+00,9.999900095167966185e+00,9.999900095171357250e+00,9.999900095174671932e+00,9.999900095177913784e+00,9.999900095181088133e+00,9.999900095184193205e+00
4.655506295696064001e+00,4.677348792355973117e+00,4.701005513106021994e+00,4.727192264382991560e+00,4.757306022446772253e+00,4.794977016949390602e+00,9.999872361858992420e+00,9.999900063832958708e+00,9.999900079643886386e+00,9.999900084918243337e+00,9.999900087556181205e+00,9.999900089139186932e+00,9.999900090194625335e+00,9.999900090948559139e+00,9.999900091514037470e+00,9.999900091953870529e+00,9.999900092305745503e+00,9.999900092593650314e+00,9.999900092833575727e+00,9.999900093036593773e+00,9.999900093210611018e+00,9.999900093361427267e+00,9.999900093493392816e+00,9.999900093609834784e+00,9.999900093713339544e+00,9.999900093805949908e+00,9.999900093889298347e+00,9.999900093964710024e+00,9.999900094033266740e+00,9.999900094095862002e+00,9.999900094153241881e+00,9.999900094206031653e+00,9.999900094254760674e+00,9.999900094299880138e+00,9.999900094341775514e+00,9.999900094380784310e+00,9.999900094417190743e+00,9.999900094451248833e+00,9.999900094483178847e+00,9.999900094513172633e+00,9.999900094541402495e+00,9.999900094568021203e+00,9.999900094593158428e+00,9.999900094616938517e+00,9.999900094639466275e+00,9.999900094660839400e+00,9.999900094681143159e+00,9.999900094700457487e+00,9.999900094718851662e+00,9.999900094736391409e+00,9.999900094753131796e+00,9.999900094769129666e+00,9.999900094784431204e+00,9.999900094799082595e+00,9.999900094813122919e+00,9.999900094826589481e+00,9.999900094839517806e+00,9.999900094851939869e+00,9.999900094863884092e+00,9.999900094875377121e+00,9.999900094886443824e+00,9.999900094897109071e+00,9.999900094907394177e+00,9.999900094917316906e+00,9.999900094926898575e+00,9.999900094936155170e+00,9.999900094945102680e+00,9.999900094953757090e+00,9.999900094962132613e+00,9.999900094970241682e+00,9.999900094978096732e+00,9.999900094985711974e+00,9.999900094993094513e+00,9.999900095000258560e+00,9.999900095007211220e+00,9.999900095013961376e+00,9.999900095020519686e+00,9.999900095026893254e+00,9.999900095033089187e+00,9.999900095039116366e+00,9.999900095044980119e+00,9.999900095050687554e+00,9.999900095056243998e+00,9.999900095061656558e+00,9.999900095066930561e+00,9.999900095072071338e+00,9.999900095077084217e+00,9.999900095081970974e+00,9.999900095086740492e+00,9.999900095091394547e+00,9.999900095095938468e+00,9.999900095100374031e+00,9.999900095104708342e+00,9.999900095108941400e+00,9.999900095113078535e+00,9.999900095117123300e+00,9.999900095121077470e+00,9.999900095124944599e+00,9.999900095128728239e+00,9.999900095132430167e+00
4.633539238958300110e+00,4.654132736686552363e+00,4.676118926917198770e+00,4.699931534177137493e+00,4.726286033998157166e+00,4.756593981772928359e+00,4.794493763836224609e+00,9.999872679901026018e+00,9.999900059318896695e+00,9.999900077384069164e+00,9.999900083411077389e+00,9.999900086425574486e+00,9.999900088234589646e+00,9.999900089440732387e+00,9.999900090302327627e+00,9.999900090948559139e+00,9.999900091451205952e+00,9.999900091853335837e+00,9.999900092182359757e+00,9.999900092456552869e+00,9.999900092688566389e+00,9.999900092887438419e+00,9.999900093059796546e+00,9.999900093210611018e+00,9.999900093343685015e+00,9.999900093461972617e+00,9.999900093567811510e+00,9.999900093663065093e+00,9.999900093749248597e+00,9.999900093827598369e+00,9.999900093899135811e+00,9.999900093964710024e+00,9.999900094025040431e+00,9.999900094080729218e+00,9.999900094132293304e+00,9.999900094180175003e+00,9.999900094224754454e+00,9.999900094266362061e+00,9.999900094305285592e+00,9.999900094341775514e+00,9.999900094376055648e+00,9.999900094408317841e+00,9.999900094438737952e+00,9.999900094467466971e+00,9.999900094494643454e+00,9.999900094520389970e+00,9.999900094544814877e+00,9.999900094568021203e+00,9.999900094590092436e+00,9.999900094611115620e+00,9.999900094631158254e+00,9.999900094650291393e+00,9.999900094668575434e+00,9.999900094686061891e+00,9.999900094702805831e+00,9.999900094718851662e+00,9.999900094734243794e+00,9.999900094749017754e+00,9.999900094763214398e+00,9.999900094776863924e+00,9.999900094790000082e+00,9.999900094802647743e+00,9.999900094814837104e+00,9.999900094826589481e+00,9.999900094837931519e+00,9.999900094848880983e+00,9.999900094859459188e+00,9.999900094869685674e+00,9.999900094879576429e+00,9.999900094889147439e+00,9.999900094898414693e+00,9.999900094907394177e+00,9.999900094916096549e+00,9.999900094924534244e+00,9.999900094932719696e+00,9.999900094940665340e+00,9.999900094948381835e+00,9.999900094955876284e+00,9.999900094963159347e+00,9.999900094970241682e+00,9.999900094977128617e+00,9.999900094983830812e+00,9.999900094990353594e+00,9.999900094996704070e+00,9.999900095002889344e+00,9.999900095008916523e+00,9.999900095014792711e+00,9.999900095020519686e+00,9.999900095026106328e+00,9.999900095031556191e+00,9.999900095036876380e+00,9.999900095042068671e+00,9.999900095047138393e+00,9.999900095052090876e+00,9.999900095056927896e+00,9.999900095061656558e+00,9.999900095066278638e+00,9.999900095070799466e+00,9.999900095075219042e+00,9.999900095079542695e+00
4.612396494611721742e+00,4.632003428464283701e+00,4.652737608863311891e+00,4.674867433434778619e+00,4.698838570362687150e+00,4.725363258906604358e+00,4.755860914504455472e+00,4.793998070930125976e+00,9.999872679828021305e+00,9.999900054806319716e+00,9.999900075124623200e+00,9.999900081904078419e+00,9.999900085295060137e+00,9.999900087330052756e+00,9.999900088686880295e+00,9.999900089656126312e+00,9.999900090383105677e+00,9.999900090948559139e+00,9.999900091400940383e+00,9.999900091771081634e+00,9.999900092079538894e+00,9.999900092340547886e+00,9.999900092564272924e+00,9.999900092758171155e+00,9.999900092927834550e+00,9.999900093077538799e+00,9.999900093210611018e+00,9.999900093329676665e+00,9.999900093436837167e+00,9.999900093533790724e+00,9.999900093621933550e+00,9.999900093702411397e+00,9.999900093776181720e+00,9.999900093844052762e+00,9.999900093906701315e+00,9.999900093964710024e+00,9.999900094018576269e+00,9.999900094068728151e+00,9.999900094115535154e+00,9.999900094159324127e+00,9.999900094200375733e+00,9.999900094238938664e+00,9.999900094275234963e+00,9.999900094309456478e+00,9.999900094341775514e+00,9.999900094372350168e+00,9.999900094401313666e+00,9.999900094428792130e+00,9.999900094454897470e+00,9.999900094479729162e+00,9.999900094503379577e+00,9.999900094525928651e+00,9.999900094547452767e+00,9.999900094568021203e+00,9.999900094587694355e+00,9.999900094606530843e+00,9.999900094624582181e+00,9.999900094641896331e+00,9.999900094658519478e+00,9.999900094674488926e+00,9.999900094689845531e+00,9.999900094704623044e+00,9.999900094718851662e+00,9.999900094732563360e+00,9.999900094745786561e+00,9.999900094758544355e+00,9.999900094770863390e+00,9.999900094782764981e+00,9.999900094794268668e+00,9.999900094805395767e+00,9.999900094816164042e+00,9.999900094826589481e+00,9.999900094836689846e+00,9.999900094846479348e+00,9.999900094855972199e+00,9.999900094865182609e+00,9.999900094874121237e+00,9.999900094882800516e+00,9.999900094891232882e+00,9.999900094899427216e+00,9.999900094907394177e+00,9.999900094915142645e+00,9.999900094922681504e+00,9.999900094930019634e+00,9.999900094937164141e+00,9.999900094944122131e+00,9.999900094950904261e+00,9.999900094957512309e+00,9.999900094963956931e+00,9.999900094970241682e+00,9.999900094976373666e+00,9.999900094982356435e+00,9.999900094988198873e+00,9.999900094993902755e+00,9.999900094999473410e+00,9.999900095004916167e+00,9.999900095010236356e+00,9.999900095015435753e+00,9.999900095020519686e+00,9.999900095025493485e+00
4.591885537795477923e+00,4.610701184772613814e+00,4.630445454534292793e+00,4.651312028301534340e+00,4.673593968336649418e+00,4.697721372655622396e+00,4.724424744488773698e+00,4.755119089224469242e+00,4.793494698519199737e+00,9.999872679344159465e+00,9.999900050295231324e+00,9.999900072865548495e+00,9.999900080397244650e+00,9.999900084164639935e+00,9.999900086425574486e+00,9.999900087933070836e+00,9.999900089009955195e+00,9.999900089817673532e+00,9.999900090445931866e+00,9.999900090948560916e+00,9.999900091359814169e+00,9.999900091702535576e+00,9.999900091992536488e+00,9.999900092241114535e+00,9.999900092456552869e+00,9.999900092645063410e+00,9.999900092811397911e+00,9.999900092959252973e+00,9.999900093091547149e+00,9.999900093210611018e+00,9.999900093318336403e+00,9.999900093416270508e+00,9.999900093505688758e+00,9.999900093587655192e+00,9.999900093663065093e+00,9.999900093732675188e+00,9.999900093797130296e+00,9.999900093856979311e+00,9.999900093912701848e+00,9.999900093964710024e+00,9.999900094013364438e+00,9.999900094058975952e+00,9.999900094101825232e+00,9.999900094142152085e+00,9.999900094180175003e+00,9.999900094216085833e+00,9.999900094250056881e+00,9.999900094282239138e+00,9.999900094312771159e+00,9.999900094341775514e+00,9.999900094369367665e+00,9.999900094395643535e+00,9.999900094420699048e+00,9.999900094444614140e+00,9.999900094467466971e+00,9.999900094489326818e+00,9.999900094510255855e+00,9.999900094530312700e+00,9.999900094549550644e+00,9.999900094568021203e+00,9.999900094585765231e+00,9.999900094602827139e+00,9.999900094619246005e+00,9.999900094635057357e+00,9.999900094650291393e+00,9.999900094664983641e+00,9.999900094679158968e+00,9.999900094692845798e+00,9.999900094706068998e+00,9.999900094718851662e+00,9.999900094731215106e+00,9.999900094743180645e+00,9.999900094754764268e+00,9.999900094765987291e+00,9.999900094776863924e+00,9.999900094787411930e+00,9.999900094797645522e+00,9.999900094807577133e+00,9.999900094817220975e+00,9.999900094826589481e+00,9.999900094835695086e+00,9.999900094844546672e+00,9.999900094853154897e+00,9.999900094861532196e+00,9.999900094869685674e+00,9.999900094877624213e+00,9.999900094885356694e+00,9.999900094892890223e+00,9.999900094900233682e+00,9.999900094907394177e+00,9.999900094914377036e+00,9.999900094921189364e+00,9.999900094927838268e+00,9.999900094934329076e+00,9.999900094940665340e+00,9.999900094946855944e+00,9.999900094952904439e+00,9.999900094958814378e+00,9.999900094964592867e+00,9.999900094970241682e+00
4.571886264178895765e+00,4.590030353457278167e+00,4.608972940827067433e+00,4.628855722383756977e+00,4.649867693662941726e+00,4.672301296326150322e+00,4.696590504236644037e+00,4.723470049348287958e+00,4.754363932028433659e+00,4.792986337693623256e+00,9.999872678508250345e+00,9.999900045785624414e+00,9.999900070606846825e+00,9.999900078890574306e+00,9.999900083034313880e+00,9.999900085521156612e+00,9.999900087179302233e+00,9.999900088363814277e+00,9.999900089252266255e+00,9.999900089943324133e+00,9.999900090496193883e+00,9.999900090948560916e+00,9.999900091325542917e+00,9.999900091644535749e+00,9.999900091917965028e+00,9.999900092154941689e+00,9.999900092362297599e+00,9.999900092545264130e+00,9.999900092707900257e+00,9.999900092853421185e+00,9.999900092984388422e+00,9.999900093102885634e+00,9.999900093210611018e+00,9.999900093308969673e+00,9.999900093399132217e+00,9.999900093482082752e+00,9.999900093558652614e+00,9.999900093629550568e+00,9.999900093695384129e+00,9.999900093756679098e+00,9.999900093813888446e+00,9.999900093867404749e+00,9.999900093917577948e+00,9.999900093964711800e+00,9.999900094009070983e+00,9.999900094050897081e+00,9.999900094090397928e+00,9.999900094127765371e+00,9.999900094163164610e+00,9.999900094196750189e+00,9.999900094228655334e+00,9.999900094259004391e+00,9.999900094287909269e+00,9.999900094315469445e+00,9.999900094341775514e+00,9.999900094366914516e+00,9.999900094390959282e+00,9.999900094413980867e+00,9.999900094436044995e+00,9.999900094457206734e+00,9.999900094477522927e+00,9.999900094497041536e+00,9.999900094515810522e+00,9.999900094533870742e+00,9.999900094551261276e+00,9.999900094568021203e+00,9.999900094584180721e+00,9.999900094599773581e+00,9.999900094614829982e+00,9.999900094629374792e+00,9.999900094643436432e+00,9.999900094657036220e+00,9.999900094670197248e+00,9.999900094682939056e+00,9.999900094695284736e+00,9.999900094707250275e+00,9.999900094718851662e+00,9.999900094730108435e+00,9.999900094741033030e+00,9.999900094751641433e+00,9.999900094761947855e+00,9.999900094771962955e+00,9.999900094781699167e+00,9.999900094791168925e+00,9.999900094800382888e+00,9.999900094809351714e+00,9.999900094818084284e+00,9.999900094826589481e+00,9.999900094834877962e+00,9.999900094842955056e+00,9.999900094850831422e+00,9.999900094858512389e+00,9.999900094866006839e+00,9.999900094873320100e+00,9.999900094880459278e+00,9.999900094887429702e+00,9.999900094894240254e+00,9.999900094900892711e+00,9.999900094907394177e+00,9.999900094913749982e+00
4.552283222655941763e+00,4.569869403790834284e+00,4.588144912395439867e+00,4.607214393101483729e+00,4.627230925385721783e+00,4.648395848165582933e+00,4.670977604105952530e+00,4.695438203793368181e+00,4.722495696306020285e+00,4.753606719707777373e+00,4.792467985179036383e+00,9.999872492446300498e+00,9.999900041277497209e+00,9.999900068348518190e+00,9.999900077384070940e+00,9.999900081904080196e+00,9.999900084616799134e+00,9.999900086425576262e+00,9.999900087717705333e+00,9.999900088686882071e+00,9.999900089440734163e+00,9.999900090043844614e+00,9.999900090537318320e+00,9.999900090948560916e+00,9.999900091296543891e+00,9.999900091594822626e+00,9.999900091853335837e+00,9.999900092079538894e+00,9.999900092279133901e+00,9.999900092456552869e+00,9.999900092615298774e+00,9.999900092758171155e+00,9.999900092887438419e+00,9.999900093004955082e+00,9.999900093112254140e+00,9.999900093210611018e+00,9.999900093301100412e+00,9.999900093384630040e+00,9.999900093461972617e+00,9.999900093533792500e+00,9.999900093600658124e+00,9.999900093663066869e+00,9.999900093721448613e+00,9.999900093776181720e+00,9.999900093827598369e+00,9.999900093875991658e+00,9.999900093921619160e+00,9.999900093964711800e+00,9.999900094005473861e+00,9.999900094044091858e+00,9.999900094080729218e+00,9.999900094115535154e+00,9.999900094148644669e+00,9.999900094180175003e+00,9.999900094210241619e+00,9.999900094238938664e+00,9.999900094266362061e+00,9.999900094292593522e+00,9.999900094317707655e+00,9.999900094341775514e+00,9.999900094364862824e+00,9.999900094387024652e+00,9.999900094408317841e+00,9.999900094428792130e+00,9.999900094448495480e+00,9.999900094467466971e+00,9.999900094485749236e+00,9.999900094503379577e+00,9.999900094520389970e+00,9.999900094536814166e+00,9.999900094552682361e+00,9.999900094568021203e+00,9.999900094582855559e+00,9.999900094597213851e+00,9.999900094611115620e+00,9.999900094624582181e+00,9.999900094637634851e+00,9.999900094650291393e+00,9.999900094662571348e+00,9.999900094674488926e+00,9.999900094686061891e+00,9.999900094697304453e+00,9.999900094708230824e+00,9.999900094718851662e+00,9.999900094729182953e+00,9.999900094739235357e+00,9.999900094749019530e+00,9.999900094758544355e+00,9.999900094767824044e+00,9.999900094776863924e+00,9.999900094785676430e+00,9.999900094794268668e+00,9.999900094802647743e+00,9.999900094810822537e+00,9.999900094818801932e+00,9.999900094826589481e+00,9.999900094834195841e+00,9.999900094841622789e+00,9.999900094848880983e+00,9.999900094855973975e+00
4.533003485219393447e+00,4.550106558365198062e+00,4.567809580282993664e+00,4.586213543076811838e+00,4.605422493241688287e+00,4.625586383644184174e+00,4.646895718080559234e+00,4.669639500696150414e+00,4.694263277466360407e+00,4.721509826026000667e+00,4.752822015513603837e+00,4.791940885515489690e+00,9.999872535961817022e+00,9.999900036770858591e+00,9.999900066090560813e+00,9.999900075877734551e+00,9.999900080773938882e+00,9.999900083712500276e+00,9.999900085671889371e+00,9.999900087071624810e+00,9.999900088121520980e+00,9.999900088938161957e+00,9.999900089591509555e+00,9.999900090126088159e+00,9.999900090571587796e+00,9.999900090948560916e+00,9.999900091271687330e+00,9.999900091551737091e+00,9.999900091796785517e+00,9.999900092013009001e+00,9.999900092205209035e+00,9.999900092377181693e+00,9.999900092531957441e+00,9.999900092671994756e+00,9.999900092799300921e+00,9.999900092915540384e+00,9.999900093022093372e+00,9.999900093120121625e+00,9.999900093210611018e+00,9.999900093294398218e+00,9.999900093372200871e+00,9.999900093444637150e+00,9.999900093512247068e+00,9.999900093575492477e+00,9.999900093634787268e+00,9.999900093690488490e+00,9.999900093742912333e+00,9.999900093792341238e+00,9.999900093839025672e+00,9.999900093883184127e+00,9.999900093925020883e+00,9.999900093964711800e+00,9.999900094002416751e+00,9.999900094038283171e+00,9.999900094072442513e+00,9.999900094105013793e+00,9.999900094136103590e+00,9.999900094165811382e+00,9.999900094194227762e+00,9.999900094221434443e+00,9.999900094247509585e+00,9.999900094272518913e+00,9.999900094296528152e+00,9.999900094319595922e+00,9.999900094341777290e+00,9.999900094363120218e+00,9.999900094383672666e+00,9.999900094403479045e+00,9.999900094422576657e+00,9.999900094441006360e+00,9.999900094458798350e+00,9.999900094475988155e+00,9.999900094492605973e+00,9.999900094508676673e+00,9.999900094524230454e+00,9.999900094539290407e+00,9.999900094553879626e+00,9.999900094568021203e+00,9.999900094581732901e+00,9.999900094595034261e+00,9.999900094607946599e+00,9.999900094620484126e+00,9.999900094632662828e+00,9.999900094644498694e+00,9.999900094656005933e+00,9.999900094667196981e+00,9.999900094678086049e+00,9.999900094688685570e+00,9.999900094699006203e+00,9.999900094709058607e+00,9.999900094718851662e+00,9.999900094728397804e+00,9.999900094737705913e+00,9.999900094746784873e+00,9.999900094755640012e+00,9.999900094764283764e+00,9.999900094772721459e+00,9.999900094780960202e+00,9.999900094789007099e+00,9.999900094796869254e+00
4.513981211697607243e+00,4.530661522502090754e+00,4.547888549555287874e+00,4.565719537505334102e+00,4.584259708248409559e+00,4.603602365221708403e+00,4.623906223948691441e+00,4.645359122472398461e+00,4.668271599016168949e+00,4.693059155378392688e+00,4.720501846039612204e+00,4.752027721328380139e+00,4.791392237372040341e+00,9.999872648010741827e+00,9.999900032265705008e+00,9.999900063832976471e+00,9.999900074371561587e+00,9.999900079643891715e+00,9.999900082808261814e+00,9.999900084918245113e+00,9.999900086425576262e+00,9.999900087556182982e+00,9.999900088435607515e+00,9.999900089139188708e+00,9.999900089714872209e+00,9.999900090194627111e+00,9.999900090600585045e+00,9.999900090948560916e+00,9.999900091250145451e+00,9.999900091514039246e+00,9.999900091746889430e+00,9.999900091953870529e+00,9.999900092139066388e+00,9.999900092305747279e+00,9.999900092456552869e+00,9.999900092593652090e+00,9.999900092718830180e+00,9.999900092833577503e+00,9.999900092939146390e+00,9.999900093036593773e+00,9.999900093126825595e+00,9.999900093210611018e+00,9.999900093288619729e+00,9.999900093361427267e+00,9.999900093429539893e+00,9.999900093493394593e+00,9.999900093553378611e+00,9.999900093609834784e+00,9.999900093663066869e+00,9.999900093713339544e+00,9.999900093760896169e+00,9.999900093805949908e+00,9.999900093848692606e+00,9.999900093889300123e+00,9.999900093927925226e+00,9.999900093964711800e+00,9.999900093999785966e+00,9.999900094033268516e+00,9.999900094065260703e+00,9.999900094095863778e+00,9.999900094125163008e+00,9.999900094153241881e+00,9.999900094180175003e+00,9.999900094206031653e+00,9.999900094230874004e+00,9.999900094254760674e+00,9.999900094277744955e+00,9.999900094299880138e+00,9.999900094321208854e+00,9.999900094341777290e+00,9.999900094361622749e+00,9.999900094380784310e+00,9.999900094399295725e+00,9.999900094417190743e+00,9.999900094434499564e+00,9.999900094451248833e+00,9.999900094467466971e+00,9.999900094483178847e+00,9.999900094498407555e+00,9.999900094513172633e+00,9.999900094527498950e+00,9.999900094541404272e+00,9.999900094554904584e+00,9.999900094568021203e+00,9.999900094580766563e+00,9.999900094593158428e+00,9.999900094605211009e+00,9.999900094616938517e+00,9.999900094628353386e+00,9.999900094639466275e+00,9.999900094650291393e+00,9.999900094660839400e+00,9.999900094671120954e+00,9.999900094681144935e+00,9.999900094690920227e+00,9.999900094700457487e+00,9.999900094709765597e+00,9.999900094718851662e+00,9.999900094727724564e+00,9.999900094736391409e+00
4.495171017320953588e+00,4.511475864418279080e+00,4.528279410775531311e+00,4.545627076755602403e+00,4.563588398498836796e+00,4.582252801756669491e+00,4.601745686657595868e+00,4.622195203430717214e+00,4.643808503519659681e+00,4.666867614446966961e+00,4.691844976878536855e+00,4.719465631168974440e+00,4.751215924299368787e+00,4.790863422104820302e+00,9.999872648390820018e+00,9.999900027762027577e+00,9.999900061575761612e+00,9.999900072865555600e+00,9.999900078513936919e+00,9.999900081904081972e+00,9.999900084164643488e+00,9.999900085779557912e+00,9.999900086990868076e+00,9.999900087933072612e+00,9.999900088686882071e+00,9.999900089303666917e+00,9.999900089817675308e+00,9.999900090252619833e+00,9.999900090625441607e+00,9.999900090948560916e+00,9.999900091231296528e+00,9.999900091480775188e+00,9.999900091702535576e+00,9.999900091900958188e+00,9.999900092079538894e+00,9.999900092241116312e+00,9.999900092388005035e+00,9.999900092522121753e+00,9.999900092645063410e+00,9.999900092758171155e+00,9.999900092862580081e+00,9.999900092959254749e+00,9.999900093049024719e+00,9.999900093132604084e+00,9.999900093210611018e+00,9.999900093283587310e+00,9.999900093352001917e+00,9.999900093416270508e+00,9.999900093476759011e+00,9.999900093533792500e+00,9.999900093587656968e+00,9.999900093638608212e+00,9.999900093686880709e+00,9.999900093732676964e+00,9.999900093776181720e+00,9.999900093817567281e+00,9.999900093856979311e+00,9.999900093894559916e+00,9.999900093930433442e+00,9.999900093964711800e+00,9.999900093997499795e+00,9.999900094028891573e+00,9.999900094058975952e+00,9.999900094087832869e+00,9.999900094115536930e+00,9.999900094142152085e+00,9.999900094167745834e+00,9.999900094192371469e+00,9.999900094216087609e+00,9.999900094238938664e+00,9.999900094260976147e+00,9.999900094282239138e+00,9.999900094302768494e+00,9.999900094322603294e+00,9.999900094341777290e+00,9.999900094360320679e+00,9.999900094378267212e+00,9.999900094395643535e+00,9.999900094412478069e+00,9.999900094428793906e+00,9.999900094444614140e+00,9.999900094459963640e+00,9.999900094474860168e+00,9.999900094489326818e+00,9.999900094503379577e+00,9.999900094517036209e+00,9.999900094530312700e+00,9.999900094543226814e+00,9.999900094555790986e+00,9.999900094568021203e+00,9.999900094579928123e+00,9.999900094591527733e+00,9.999900094602827139e+00,9.999900094613842327e+00,9.999900094624582181e+00,9.999900094635057357e+00,9.999900094645274962e+00,9.999900094655249205e+00,9.999900094664983641e+00,9.999900094674490703e+00
4.476517119896640473e+00,4.492503776776626268e+00,4.508920132518453805e+00,4.525850283286493969e+00,4.543320022478634534e+00,4.561411179872285615e+00,4.580221249027519370e+00,4.599853221935966907e+00,4.620439434079608887e+00,4.642208866504940801e+00,4.665444814657283779e+00,4.690601334803164768e+00,4.718424063238218835e+00,4.750398967470130351e+00,4.790287137597807110e+00,9.999872649450988860e+00,9.999900023259838733e+00,9.999900059318921564e+00,9.999900071359714815e+00,9.999900077384076269e+00,9.999900080999962526e+00,9.999900083411080942e+00,9.999900085133569760e+00,9.999900086425576262e+00,9.999900087430555473e+00,9.999900088234591422e+00,9.999900088892474059e+00,9.999900089440734163e+00,9.999900089904663503e+00,9.999900090302329403e+00,9.999900090646981710e+00,9.999900090948560916e+00,9.999900091214664499e+00,9.999900091451205952e+00,9.999900091662851764e+00,9.999900091853335837e+00,9.999900092025681531e+00,9.999900092182359757e+00,9.999900092325416878e+00,9.999900092456552869e+00,9.999900092577199473e+00,9.999900092688566389e+00,9.999900092791685680e+00,9.999900092887438419e+00,9.999900092976588439e+00,9.999900093059796546e+00,9.999900093137636503e+00,9.999900093210611018e+00,9.999900093279164182e+00,9.999900093343685015e+00,9.999900093404518131e+00,9.999900093461974393e+00,9.999900093516322030e+00,9.999900093567811510e+00,9.999900093616659547e+00,9.999900093663066869e+00,9.999900093707209336e+00,9.999900093749250374e+00,9.999900093789335642e+00,9.999900093827598369e+00,9.999900093864162898e+00,9.999900093899135811e+00,9.999900093932621914e+00,9.999900093964711800e+00,9.999900093995492512e+00,9.999900094025040431e+00,9.999900094053431943e+00,9.999900094080730995e+00,9.999900094106997983e+00,9.999900094132295081e+00,9.999900094156670249e+00,9.999900094180176779e+00,9.999900094202857304e+00,9.999900094224754454e+00,9.999900094245910864e+00,9.999900094266362061e+00,9.999900094286143570e+00,9.999900094305285592e+00,9.999900094323820099e+00,9.999900094341777290e+00,9.999900094359180258e+00,9.999900094376055648e+00,9.999900094392428329e+00,9.999900094408317841e+00,9.999900094423749053e+00,9.999900094438737952e+00,9.999900094453305854e+00,9.999900094467466971e+00,9.999900094481242618e+00,9.999900094494643454e+00,9.999900094507689019e+00,9.999900094520389970e+00,9.999900094532762296e+00,9.999900094544816653e+00,9.999900094556565477e+00,9.999900094568021203e+00,9.999900094579192711e+00,9.999900094590094213e+00,9.999900094600731038e+00,9.999900094611115620e+00
4.458003493734036482e+00,4.473679648894662186e+00,4.489766597032043727e+00,4.506323408130696428e+00,4.523367529519257246e+00,4.540971910822832136e+00,4.559192005221824218e+00,4.578141648883566894e+00,4.597908717506221876e+00,4.618666230737145995e+00,4.640594057377598780e+00,4.664006938981661854e+00,4.689329568771881007e+00,4.717356917998299259e+00,4.749539621506678522e+00,4.789721699318809200e+00,9.999872650183712963e+00,9.999900018759133147e+00,9.999900057062450998e+00,9.999900069854039231e+00,9.999900076254307990e+00,9.999900080095901700e+00,9.999900082657561029e+00,9.999900084487611807e+00,9.999900085860309318e+00,9.999900086928057874e+00,9.999900087782314984e+00,9.999900088481293636e+00,9.999900089063803676e+00,9.999900089556714278e+00,9.999900089979224305e+00,9.999900090345409609e+00,9.999900090665830632e+00,9.999900090948560916e+00,9.999900091199881658e+00,9.999900091424750670e+00,9.999900091627136334e+00,9.999900091810250302e+00,9.999900091976719807e+00,9.999900092128715556e+00,9.999900092268045881e+00,9.999900092396231344e+00,9.999900092514556249e+00,9.999900092624118386e+00,9.999900092725855671e+00,9.999900092820576347e+00,9.999900092908983851e+00,9.999900092991687472e+00,9.999900093069221896e+00,9.999900093142059632e+00,9.999900093210611018e+00,9.999900093275247315e+00,9.999900093336291818e+00,9.999900093394037626e+00,9.999900093448744087e+00,9.999900093500645681e+00,9.999900093549952018e+00,9.999900093596853168e+00,9.999900093641521437e+00,9.999900093684111368e+00,9.999900093724766847e+00,9.999900093763613995e+00,9.999900093800773604e+00,9.999900093836350479e+00,9.999900093870445872e+00,9.999900093903150378e+00,9.999900093934545708e+00,9.999900093964711800e+00,9.999900093993716155e+00,9.999900094021626273e+00,9.999900094048502552e+00,9.999900094074401835e+00,9.999900094099375636e+00,9.999900094123473693e+00,9.999900094146742191e+00,9.999900094169220210e+00,9.999900094190948607e+00,9.999900094211966461e+00,9.999900094232305747e+00,9.999900094251998439e+00,9.999900094271076512e+00,9.999900094289566610e+00,9.999900094307497156e+00,9.999900094324893018e+00,9.999900094341777290e+00,9.999900094358171287e+00,9.999900094374096327e+00,9.999900094389573724e+00,9.999900094404621242e+00,9.999900094419256646e+00,9.999900094433497699e+00,9.999900094447356835e+00,9.999900094460851818e+00,9.999900094473996859e+00,9.999900094486804392e+00,9.999900094499288628e+00,9.999900094511460225e+00,9.999900094523329841e+00,9.999900094534911688e+00,9.999900094546214646e+00
4.439580154633182119e+00,4.454986393082303486e+00,4.470778334113344243e+00,4.486992146666488601e+00,4.503666524273836735e+00,4.520845566356845424e+00,4.538570096333828019e+00,4.556945705597097884e+00,4.576019352777658256e+00,4.595938063956590547e+00,4.616839542886538972e+00,4.638950122693938027e+00,4.662514818425370855e+00,4.688046132003866440e+00,4.716261096759902571e+00,4.748698994906716209e+00,4.789141726840610680e+00,9.999872650938248952e+00,9.999900014259919701e+00,9.999900054806353467e+00,9.999900068348528848e+00,9.999900075124632082e+00,9.999900079191901270e+00,9.999900081904083748e+00,9.999900083841684051e+00,9.999900085295063690e+00,9.999900086425578039e+00,9.999900087330054532e+00,9.999900088070125648e+00,9.999900088686883848e+00,9.999900089208775711e+00,9.999900089656128088e+00,9.999900090043844614e+00,9.999900090383107454e+00,9.999900090682462661e+00,9.999900090948560916e+00,9.999900091186654905e+00,9.999900091400942159e+00,9.999900091594822626e+00,9.999900091771081634e+00,9.999900091932016011e+00,9.999900092079540670e+00,9.999900092215263214e+00,9.999900092340547886e+00,9.999900092456552869e+00,9.999900092564272924e+00,9.999900092664566031e+00,9.999900092758171155e+00,9.999900092845740218e+00,9.999900092927834550e+00,9.999900093004955082e+00,9.999900093077538799e+00,9.999900093145976498e+00,9.999900093210611018e+00,9.999900093271753221e+00,9.999900093329676665e+00,9.999900093384631816e+00,9.999900093436837167e+00,9.999900093486496999e+00,9.999900093533792500e+00,9.999900093578887095e+00,9.999900093621933550e+00,9.999900093663066869e+00,9.999900093702411397e+00,9.999900093740080820e+00,9.999900093776181720e+00,9.999900093810810020e+00,9.999900093844052762e+00,9.999900093875991658e+00,9.999900093906703091e+00,9.999900093936254564e+00,9.999900093964711800e+00,9.999900093992133421e+00,9.999900094018578045e+00,9.999900094044091858e+00,9.999900094068728151e+00,9.999900094092529557e+00,9.999900094115536930e+00,9.999900094137789353e+00,9.999900094159324127e+00,9.999900094180176779e+00,9.999900094200375733e+00,9.999900094219954738e+00,9.999900094238940440e+00,9.999900094257357708e+00,9.999900094275234963e+00,9.999900094292593522e+00,9.999900094309456478e+00,9.999900094325843369e+00,9.999900094341777290e+00,9.999900094357272451e+00,9.999900094372350168e+00,9.999900094387024652e+00,9.999900094401313666e+00,9.999900094415231422e+00,9.999900094428793906e+00,9.999900094442011778e+00,9.999900094454899246e+00,9.999900094467466971e+00,9.999900094479730939e+00
4.421220725541125773e+00,4.436394091063765366e+00,4.451908521762218740e+00,4.467823507501477387e+00,4.484164689542069482e+00,4.500959133695403125e+00,4.518257101539122189e+00,4.536120032467507279e+00,4.554642897563473625e+00,4.573860878405827890e+00,4.593945894017759990e+00,4.615010050356088023e+00,4.637268771547682356e+00,4.661016346977324254e+00,4.686715617847495352e+00,4.715174966778547194e+00,4.747811211314991731e+00,4.788558965900654663e+00,9.999872651402638368e+00,9.999900009762178854e+00,9.999900052550627194e+00,9.999900066843183666e+00,9.999900073995050320e+00,9.999900078287959460e+00,9.999900081150645548e+00,9.999900083195786493e+00,9.999900084729842931e+00,9.999900085923115967e+00,9.999900086877810068e+00,9.999900087658971870e+00,9.999900088309972901e+00,9.999900088860846026e+00,9.999900089333038977e+00,9.999900089742286724e+00,9.999900090100387828e+00,9.999900090416367959e+00,9.999900090697245503e+00,9.999900090948560916e+00,9.999900091174749761e+00,9.999900091379398503e+00,9.999900091565447013e+00,9.999900091735320018e+00,9.999900091891037235e+00,9.999900092034298638e+00,9.999900092166541299e+00,9.999900092288990905e+00,9.999900092402693730e+00,9.999900092508555716e+00,9.999900092607362012e+00,9.999900092699792964e+00,9.999900092786448980e+00,9.999900092867852308e+00,9.999900092944468355e+00,9.999900093016707459e+00,9.999900093084931996e+00,9.999900093149470592e+00,9.999900093210611018e+00,9.999900093268617951e+00,9.999900093323724093e+00,9.999900093376142607e+00,9.999900093426065339e+00,9.999900093473664597e+00,9.999900093519102029e+00,9.999900093562519743e+00,9.999900093604049189e+00,9.999900093643812937e+00,9.999900093681919344e+00,9.999900093718469662e+00,9.999900093753559815e+00,9.999900093787273292e+00,9.999900093819688252e+00,9.999900093850882854e+00,9.999900093880921048e+00,9.999900093909866783e+00,9.999900093937778678e+00,9.999900093964711800e+00,9.999900093990715888e+00,9.999900094015838903e+00,9.999900094040123477e+00,9.999900094063612244e+00,9.999900094086344282e+00,9.999900094108353343e+00,9.999900094129676731e+00,9.999900094150342866e+00,9.999900094170381948e+00,9.999900094189824173e+00,9.999900094208694412e+00,9.999900094227017533e+00,9.999900094244816628e+00,9.999900094262114791e+00,9.999900094278931562e+00,9.999900094295288255e+00,9.999900094311204413e+00,9.999900094326694244e+00,9.999900094341777290e+00,9.999900094356467761e+00,9.999900094370781645e+00,9.999900094384734928e+00,9.999900094398338268e+00,9.999900094411604101e+00
4.402892695082726959e+00,4.417860300041315469e+00,4.433123136913112994e+00,4.448787469342426526e+00,4.464817799787693886e+00,4.481261305068318102e+00,4.498189810835634184e+00,4.515626387536259223e+00,4.533628837505895071e+00,4.552280928367563817e+00,4.571673349452200164e+00,4.591875362755032164e+00,4.613117151690651063e+00,4.635549767507717078e+00,4.659467193196303647e+00,4.685395583794504937e+00,4.714020090391419338e+00,4.746907128678255816e+00,4.787976004179784972e+00,9.999872651578833427e+00,9.999900005265917713e+00,9.999900050295273957e+00,9.999900065338005462e+00,9.999900072865562706e+00,9.999900077384079822e+00,9.999900080397249980e+00,9.999900082549920910e+00,9.999900084164645264e+00,9.999900085420673435e+00,9.999900086425578039e+00,9.999900087247828750e+00,9.999900087933074389e+00,9.999900088512923446e+00,9.999900089009956972e+00,9.999900089440734163e+00,9.999900089817675308e+00,9.999900090150280363e+00,9.999900090445933643e+00,9.999900090710472256e+00,9.999900090948560916e+00,9.999900091163977933e+00,9.999900091359815946e+00,9.999900091538625801e+00,9.999900091702537352e+00,9.999900091853337614e+00,9.999900091992538265e+00,9.999900092121430717e+00,9.999900092241116312e+00,9.999900092352548953e+00,9.999900092456552869e+00,9.999900092553849262e+00,9.999900092645065186e+00,9.999900092730751311e+00,9.999900092811399688e+00,9.999900092887438419e+00,9.999900092959254749e+00,9.999900093027187964e+00,9.999900093091547149e+00,9.999900093152605862e+00,9.999900093210611018e+00,9.999900093265788215e+00,9.999900093318338179e+00,9.999900093368443876e+00,9.999900093416270508e+00,9.999900093461974393e+00,9.999900093505688758e+00,9.999900093547545055e+00,9.999900093587656968e+00,9.999900093626131081e+00,9.999900093663066869e+00,9.999900093698553150e+00,9.999900093732676964e+00,9.999900093765511144e+00,9.999900093797130296e+00,9.999900093827600145e+00,9.999900093856981087e+00,9.999900093885329966e+00,9.999900093912703625e+00,9.999900093939148249e+00,9.999900093964711800e+00,9.999900093989436911e+00,9.999900094013364438e+00,9.999900094036533460e+00,9.999900094058977729e+00,9.999900094080730995e+00,9.999900094101825232e+00,9.999900094122290639e+00,9.999900094142152085e+00,9.999900094161439768e+00,9.999900094180176779e+00,9.999900094198384437e+00,9.999900094216087609e+00,9.999900094233304060e+00,9.999900094250056881e+00,9.999900094266363837e+00,9.999900094282239138e+00,9.999900094297704101e+00,9.999900094312771159e+00,9.999900094327458078e+00,9.999900094341777290e+00
4.384612610257749843e+00,4.399364856978310812e+00,4.414411703617192373e+00,4.429822638491016207e+00,4.445582380363668484e+00,4.461745282402057811e+00,4.478311833539827091e+00,4.495381657976103895e+00,4.512955952899802448e+00,4.531103423945141095e+00,4.549895400616136065e+00,4.569415492009517799e+00,4.589798856559698770e+00,4.611190373561304234e+00,4.633803464455620968e+00,4.657922810546176073e+00,4.684016329751795382e+00,4.712878928724408389e+00,4.745994949773590932e+00,4.787360600958363577e+00,9.999872651665743462e+00,9.999900000771072328e+00,9.999900048040290201e+00,9.999900063832992458e+00,9.999900071736167462e+00,9.999900076480257027e+00,9.999900079643897044e+00,9.999900081904085525e+00,9.999900083599470690e+00,9.999900084918248666e+00,9.999900085973361996e+00,9.999900086836698065e+00,9.999900087556184758e+00,9.999900088165011525e+00,9.999900088686883848e+00,9.999900089139188708e+00,9.999900089534969894e+00,9.999900089884196319e+00,9.999900090194627111e+00,9.999900090472387149e+00,9.999900090722377399e+00,9.999900090948560916e+00,9.999900091154186654e+00,9.999900091341935138e+00,9.999900091514039246e+00,9.999900091672376590e+00,9.999900091818537007e+00,9.999900091953870529e+00,9.999900092079540670e+00,9.999900092196543966e+00,9.999900092305747279e+00,9.999900092407905561e+00,9.999900092503681392e+00,9.999900092593652090e+00,9.999900092678331021e+00,9.999900092758172931e+00,9.999900092833577503e+00,9.999900092904907112e+00,9.999900092972483279e+00,9.999900093036595550e+00,9.999900093097499720e+00,9.999900093155435599e+00,9.999900093210612795e+00,9.999900093263221379e+00,9.999900093313440763e+00,9.999900093361429043e+00,9.999900093407330104e+00,9.999900093451277172e+00,9.999900093493394593e+00,9.999900093533792500e+00,9.999900093572573923e+00,9.999900093609836560e+00,9.999900093645663901e+00,9.999900093680141211e+00,9.999900093713341320e+00,9.999900093745333507e+00,9.999900093776183496e+00,9.999900093805949908e+00,9.999900093834691361e+00,9.999900093862457595e+00,9.999900093889300123e+00,9.999900093915261579e+00,9.999900093940384593e+00,9.999900093964711800e+00,9.999900093988278726e+00,9.999900094011119123e+00,9.999900094033268516e+00,9.999900094054755328e+00,9.999900094075611534e+00,9.999900094095863778e+00,9.999900094115536930e+00,9.999900094134655859e+00,9.999900094153243657e+00,9.999900094171321641e+00,9.999900094188911126e+00,9.999900094206031653e+00,9.999900094222702762e+00,9.999900094238940440e+00,9.999900094254760674e+00,9.999900094270181228e+00
4.366325766739978853e+00,4.380887582442136718e+00,4.395740957412038519e+00,4.410899269631372910e+00,4.426436062426537532e+00,4.442324499950144556e+00,4.458594900851647225e+00,4.475321505260299482e+00,4.492507316012723351e+00,4.510193803602705387e+00,4.528490619414728968e+00,4.547437337160369353e+00,4.567113623493043839e+00,4.587662626873919791e+00,4.609233239077370925e+00,4.632007501793524717e+00,4.656314060784945141e+00,4.682634923065917221e+00,4.711711604463995506e+00,4.745076543969912741e+00,4.786689570258485737e+00,9.999872651666583678e+00,9.999899996277848757e+00,9.999900045785683034e+00,9.999900062328144656e+00,9.999900070606864588e+00,9.999900075576496405e+00,9.999900078890583188e+00,9.999900081258278561e+00,9.999900083034319209e+00,9.999900084415841661e+00,9.999900085521160165e+00,9.999900086425578039e+00,9.999900087179305785e+00,9.999900087817106709e+00,9.999900088363817829e+00,9.999900088837650358e+00,9.999900089252268032e+00,9.999900089618117605e+00,9.999900089943325909e+00,9.999900090234307370e+00,9.999900090496195659e+00,9.999900090733147451e+00,9.999900090948560916e+00,9.999900091145246250e+00,9.999900091325544693e+00,9.999900091491419118e+00,9.999900091644537525e+00,9.999900091786313894e+00,9.999900091917966805e+00,9.999900092040538979e+00,9.999900092154941689e+00,9.999900092261965412e+00,9.999900092362299375e+00,9.999900092456554646e+00,9.999900092545264130e+00,9.999900092628905668e+00,9.999900092707902033e+00,9.999900092782628036e+00,9.999900092853421185e+00,9.999900092920585237e+00,9.999900092984390199e+00,9.999900093045082983e+00,9.999900093102887411e+00,9.999900093158002434e+00,9.999900093210612795e+00,9.999900093260883693e+00,9.999900093308969673e+00,9.999900093355011066e+00,9.999900093399132217e+00,9.999900093441453919e+00,9.999900093482082752e+00,9.999900093521118194e+00,9.999900093558652614e+00,9.999900093594771278e+00,9.999900093629550568e+00,9.999900093663066869e+00,9.999900093695385905e+00,9.999900093726569850e+00,9.999900093756680874e+00,9.999900093785768718e+00,9.999900093813888446e+00,9.999900093841086246e+00,9.999900093867406525e+00,9.999900093892890141e+00,9.999900093917579724e+00,9.999900093941507251e+00,9.999900093964711800e+00,9.999900093987223570e+00,9.999900094009070983e+00,9.999900094030287789e+00,9.999900094050897081e+00,9.999900094070925505e+00,9.999900094090399705e+00,9.999900094109337445e+00,9.999900094127765371e+00,9.999900094145701246e+00,9.999900094163166386e+00,9.999900094180176779e+00,9.999900094196750189e+00
4.348018899812659654e+00,4.362406899907821156e+00,4.377079364995736022e+00,4.392051685412892148e+00,4.407338363196332764e+00,4.422959752954539248e+00,4.438991366108811398e+00,4.455404105016229188e+00,4.472234065086792221e+00,4.489574048874928280e+00,4.507416772801970950e+00,4.525828988392870400e+00,4.544935132938176636e+00,4.564777631863408125e+00,4.585468863648579863e+00,4.607222069951342647e+00,4.630179277223383849e+00,4.654695291347232811e+00,4.681198770734860126e+00,4.710514850953017252e+00,4.744149013180546604e+00,4.786105246954314829e+00,9.999872651559948977e+00,9.999899991786044495e+00,9.999900043531445348e+00,9.999900060823462056e+00,9.999900069477655862e+00,9.999900074672794403e+00,9.999900078137311965e+00,9.999900080612505349e+00,9.999900082469190821e+00,9.999900083913454196e+00,9.999900085068974320e+00,9.999900086014472222e+00,9.999900086802437471e+00,9.999900087469212551e+00,9.999900088040758916e+00,9.999900088536119114e+00,9.999900088969573275e+00,9.999900089352044219e+00,9.999900089692028260e+00,9.999900089996231145e+00,9.999900090270019248e+00,9.999900090517737539e+00,9.999900090742938730e+00,9.999900090948562692e+00,9.999900091137051916e+00,9.999900091310465200e+00,9.999900091470539820e+00,9.999900091618760811e+00,9.999900091756394716e+00,9.999900091884537545e+00,9.999900092004139651e+00,9.999900092116025263e+00,9.999900092220919134e+00,9.999900092319457201e+00,9.999900092412199015e+00,9.999900092499641957e+00,9.999900092582228339e+00,9.999900092660348960e+00,9.999900092734360868e+00,9.999900092804574925e+00,9.999900092871280677e+00,9.999900092934732143e+00,9.999900092995162026e+00,9.999900093052781713e+00,9.999900093107783050e+00,9.999900093160340120e+00,9.999900093210612795e+00,9.999900093258744960e+00,9.999900093304871618e+00,9.999900093349117114e+00,9.999900093391591582e+00,9.999900093432401604e+00,9.999900093471641327e+00,9.999900093509401344e+00,9.999900093545761592e+00,9.999900093580802007e+00,9.999900093614588314e+00,9.999900093647191568e+00,9.999900093678668611e+00,9.999900093709079840e+00,9.999900093738476770e+00,9.999900093766910913e+00,9.999900093794426681e+00,9.999900093821070257e+00,9.999900093846880722e+00,9.999900093871897155e+00,9.999900093896155084e+00,9.999900093919690036e+00,9.999900093942532209e+00,9.999900093964711800e+00,9.999900093986257232e+00,9.999900094007196927e+00,9.999900094027555753e+00,9.999900094047355026e+00,9.999900094066619616e+00,9.999900094085370839e+00,9.999900094103630011e+00,9.999900094121413119e+00
4.329676612383400069e+00,4.343899121529693375e+00,4.358392823934258864e+00,4.373177454301060862e+00,4.388270595334886615e+00,4.403691555322883033e+00,4.419458894080880107e+00,4.435590942355127630e+00,4.452106264063930396e+00,4.469112425771476715e+00,4.486568322538144749e+00,4.504566404846183758e+00,4.523123373335343977e+00,4.542392297780180499e+00,4.562400994999841863e+00,4.583275648595592777e+00,4.605167569641144709e+00,4.628312476416791554e+00,4.653007405827470855e+00,4.679729860584182610e+00,4.709288625406507833e+00,4.743201930087329821e+00,4.785419555790046964e+00,9.999872651362512244e+00,9.999899987295741255e+00,9.999900041277580698e+00,9.999900059318944656e+00,9.999900068348539506e+00,9.999900073769151021e+00,9.999900077384083374e+00,9.999900079966760558e+00,9.999900081904087301e+00,9.999900083411084495e+00,9.999900084616804463e+00,9.999900085603378841e+00,9.999900086425579815e+00,9.999900087121325498e+00,9.999900087717708885e+00,9.999900088234593198e+00,9.999900088686883848e+00,9.999900089085976163e+00,9.999900089440735940e+00,9.999900089758158472e+00,9.999900090043846390e+00,9.999900090302331179e+00,9.999900090537320096e+00,9.999900090751879134e+00,9.999900090948562692e+00,9.999900091129513058e+00,9.999900091296545668e+00,9.999900091451207729e+00,9.999900091594824403e+00,9.999900091728537888e+00,9.999900091853337614e+00,9.999900091970086891e+00,9.999900092079540670e+00,9.999900092182361533e+00,9.999900092279133901e+00,9.999900092370378246e+00,9.999900092456554646e+00,9.999900092538071661e+00,9.999900092615300551e+00,9.999900092688568165e+00,9.999900092758172931e+00,9.999900092824381304e+00,9.999900092887440195e+00,9.999900092947564545e+00,9.999900093004955082e+00,9.999900093059796546e+00,9.999900093112254140e+00,9.999900093162478854e+00,9.999900093210612795e+00,9.999900093256780309e+00,9.999900093301102189e+00,9.999900093343685015e+00,9.999900093384631816e+00,9.999900093424033187e+00,9.999900093461974393e+00,9.999900093498537146e+00,9.999900093533792500e+00,9.999900093567811510e+00,9.999900093600658124e+00,9.999900093632390963e+00,9.999900093663066869e+00,9.999900093692737357e+00,9.999900093721448613e+00,9.999900093749250374e+00,9.999900093776183496e+00,9.999900093802287060e+00,9.999900093827600145e+00,9.999900093852156502e+00,9.999900093875991658e+00,9.999900093899135811e+00,9.999900093921619160e+00,9.999900093943468349e+00,9.999900093964711800e+00,9.999900093985372607e+00,9.999900094005475637e+00,9.999900094025042208e+00,9.999900094044093635e+00
4.311280281049643115e+00,4.325338168435015618e+00,4.339688293655587614e+00,4.354311301238830367e+00,4.369217814994867055e+00,4.384427485445661965e+00,4.399964199272731413e+00,4.415846749172112951e+00,4.432101054121873496e+00,4.448771152084209035e+00,4.465910552895328678e+00,4.483509166434958004e+00,4.501640301685239542e+00,4.520380073966604684e+00,4.539792077050088359e+00,4.559938429633970003e+00,4.580978159866107013e+00,4.603069630797834932e+00,4.626425337329478360e+00,4.651285453535606962e+00,4.678236872548463765e+00,4.708027046902698132e+00,4.742205677801647035e+00,4.784800795150217390e+00,9.999872646534962328e+00,9.999899982806832455e+00,9.999900039024085530e+00,9.999900057814594234e+00,9.999900067219517297e+00,9.999900072865569811e+00,9.999900076630895640e+00,9.999900079321045965e+00,9.999900081339005098e+00,9.999900082908734333e+00,9.999900084164647041e+00,9.999900085192297894e+00,9.999900086048731040e+00,9.999900086773449104e+00,9.999900087394664183e+00,9.999900087933074389e+00,9.999900088404201526e+00,9.999900088819913435e+00,9.999900089189447172e+00,9.999900089520091129e+00,9.999900089817677085e+00,9.999900090086926596e+00,9.999900090331703240e+00,9.999900090555200904e+00,9.999900090760075244e+00,9.999900090948562692e+00,9.999900091122553292e+00,9.999900091283656423e+00,9.999900091433255866e+00,9.999900091572538230e+00,9.999900091702537352e+00,9.999900091824150294e+00,9.999900091938163982e+00,9.999900092045267641e+00,9.999900092146072339e+00,9.999900092241116312e+00,9.999900092330882728e+00,9.999900092415796138e+00,9.999900092496240234e+00,9.999900092572559629e+00,9.999900092645065186e+00,9.999900092714032240e+00,9.999900092779716587e+00,9.999900092842345600e+00,9.999900092902128890e+00,9.999900092959254749e+00,9.999900093013897262e+00,9.999900093066214524e+00,9.999900093116352195e+00,9.999900093164443504e+00,9.999900093210612795e+00,9.999900093254970201e+00,9.999900093297622305e+00,9.999900093338663254e+00,9.999900093378187194e+00,9.999900093416272284e+00,9.999900093452996686e+00,9.999900093488433228e+00,9.999900093522647637e+00,9.999900093555703862e+00,9.999900093587656968e+00,9.999900093618562025e+00,9.999900093648472321e+00,9.999900093677430490e+00,9.999900093705486270e+00,9.999900093732676964e+00,9.999900093759043429e+00,9.999900093784624744e+00,9.999900093809452883e+00,9.999900093833561598e+00,9.999900093856981087e+00,9.999900093879741547e+00,9.999900093901867848e+00,9.999900093923390187e+00,9.999900093944329882e+00,9.999900093964711800e+00
4.292807784458340770e+00,4.306767047383633695e+00,4.320967913923432491e+00,4.335410345721163239e+00,4.350117686010656293e+00,4.365134860443449227e+00,4.380477706520235159e+00,4.396143721451113429e+00,4.412158751661402256e+00,4.428548277139852551e+00,4.445346821025649930e+00,4.462629007978041074e+00,4.480389735100452242e+00,4.498651189722826516e+00,4.517564341333593525e+00,4.537094372414698817e+00,4.557458544841900938e+00,4.578685737553089830e+00,4.600950375259866831e+00,4.624475711252252985e+00,4.649557744089886313e+00,4.676722719310027365e+00,4.706726167653876303e+00,4.741165788086477484e+00,4.784072283946491311e+00,9.999872657815449983e+00,9.999899978319422900e+00,9.999900036770965173e+00,9.999900056310407237e+00,9.999900066090587458e+00,9.999900071962045445e+00,9.999900075877748762e+00,9.999900078675361570e+00,9.999900080773947764e+00,9.999900082406401935e+00,9.999900083712505605e+00,9.999900084781229381e+00,9.999900085671894701e+00,9.999900086425579815e+00,9.999900087071628363e+00,9.999900087631562684e+00,9.999900088121524533e+00,9.999900088553856037e+00,9.999900088938163734e+00,9.999900089282027338e+00,9.999900089591511332e+00,9.999900089871527342e+00,9.999900090126091712e+00,9.999900090358522675e+00,9.999900090571589573e+00,9.999900090767614103e+00,9.999900090948562692e+00,9.999900091116108669e+00,9.999900091271689107e+00,9.999900091416542125e+00,9.999900091551738868e+00,9.999900091678215475e+00,9.999900091796787294e+00,9.999900091908173749e+00,9.999900092013010777e+00,9.999900092111856154e+00,9.999900092205210811e+00,9.999900092293520615e+00,9.999900092377181693e+00,9.999900092456554646e+00,9.999900092531957441e+00,9.999900092603684953e+00,9.999900092671994756e+00,9.999900092737128432e+00,9.999900092799302698e+00,9.999900092858712952e+00,9.999900092915540384e+00,9.999900092969950194e+00,9.999900093022093372e+00,9.999900093072108476e+00,9.999900093120123401e+00,9.999900093166255388e+00,9.999900093210612795e+00,9.999900093253296873e+00,9.999900093294399994e+00,9.999900093334007423e+00,9.999900093372200871e+00,9.999900093409054946e+00,9.999900093444638927e+00,9.999900093479016761e+00,9.999900093512247068e+00,9.999900093544388469e+00,9.999900093575494253e+00,9.999900093605612383e+00,9.999900093634789044e+00,9.999900093663066869e+00,9.999900093690488490e+00,9.999900093717092986e+00,9.999900093742914109e+00,9.999900093767985609e+00,9.999900093792343014e+00,9.999900093816012969e+00,9.999900093839025672e+00,9.999900093861407768e+00,9.999900093883185903e+00
4.274285858536864602e+00,4.288118700167788511e+00,4.302140065590870144e+00,4.316459132549739230e+00,4.331037706148878286e+00,4.345870227208292746e+00,4.360984347981008646e+00,4.376451728737976055e+00,4.392252288865876153e+00,4.408404054979075504e+00,4.424935654463383550e+00,4.441876827683331364e+00,4.459260015299868485e+00,4.477174506002406851e+00,4.495634338978826250e+00,4.514654286522335802e+00,4.534407378095264285e+00,4.554867882506167476e+00,4.576301598153076355e+00,4.598761311103222837e+00,4.622483570503375994e+00,4.647775650594365260e+00,4.675186581355581517e+00,4.705440922909549961e+00,4.740188822070432018e+00,4.783444984775580444e+00,9.999872652153195318e+00,9.999899973833533906e+00,9.999900034518201863e+00,9.999900054806387217e+00,9.999900064961751767e+00,9.999900071058583251e+00,9.999900075124642740e+00,9.999900078029709150e+00,9.999900080208913522e+00,9.999900081904089078e+00,9.999900083260380157e+00,9.999900084370171527e+00,9.999900085295067242e+00,9.999900086077721184e+00,9.999900086748601424e+00,9.999900087330058085e+00,9.999900087838852869e+00,9.999900088287803968e+00,9.999900088686885624e+00,9.999900089043967100e+00,9.999900089365349132e+00,9.999900089656129865e+00,9.999900089920480184e+00,9.999900090161849775e+00,9.999900090383107454e+00,9.999900090586669066e+00,9.999900090774573869e+00,9.999900090948562692e+00,9.999900091110125899e+00,9.999900091260547796e+00,9.999900091400942159e+00,9.999900091532282431e+00,9.999900091655412382e+00,9.999900091771083410e+00,9.999900091879949215e+00,9.999900091982595995e+00,9.999900092079540670e+00,9.999900092171245092e+00,9.999900092258124928e+00,9.999900092340549662e+00,9.999900092418853248e+00,9.999900092493335890e+00,9.999900092564274701e+00,9.999900092631913040e+00,9.999900092696478282e+00,9.999900092758172931e+00,9.999900092817185282e+00,9.999900092873687640e+00,9.999900092927836326e+00,9.999900092979773447e+00,9.999900093029634007e+00,9.999900093077540575e+00,9.999900093123603284e+00,9.999900093167928716e+00,9.999900093210612795e+00,9.999900093251744337e+00,9.999900093291406833e+00,9.999900093329678441e+00,9.999900093366630216e+00,9.999900093402327883e+00,9.999900093436837167e+00,9.999900093470216689e+00,9.999900093502516185e+00,9.999900093533792500e+00,9.999900093564091819e+00,9.999900093593458550e+00,9.999900093621933550e+00,9.999900093649561228e+00,9.999900093676375334e+00,9.999900093702411397e+00,9.999900093727704942e+00,9.999900093752286168e+00,9.999900093776183496e+00,9.999900093799427125e+00
4.255685609513520262e+00,4.269345180043801591e+00,4.283294718580949123e+00,4.297447353361406819e+00,4.311852547924162060e+00,4.326560087741881055e+00,4.341510688742906687e+00,4.356745689391984477e+00,4.372355343115991388e+00,4.388285316726308061e+00,4.404570186066356641e+00,4.421239035918877569e+00,4.438330980224709066e+00,4.455876180090895033e+00,4.473913759258458356e+00,4.492478965054817586e+00,4.511720974499172421e+00,4.531617087217627571e+00,4.552292209996936734e+00,4.573853397820353273e+00,4.596522327828335364e+00,4.620451162984386961e+00,4.645939518086168896e+00,4.673610746562758322e+00,4.704128482543889156e+00,4.739076226474569609e+00,4.782665946883213337e+00,9.999872654697337993e+00,9.999899969349129947e+00,9.999900032265820471e+00,9.999900053302532399e+00,9.999900063833008446e+00,9.999900070155179677e+00,9.999900074371579350e+00,9.999900077384086927e+00,9.999900079643902373e+00,9.999900081401792207e+00,9.999900082808267143e+00,9.999900083959127883e+00,9.999900084918250442e+00,9.999900085729869659e+00,9.999900086425579815e+00,9.999900087028558815e+00,9.999900087556186534e+00,9.999900088021757227e+00,9.999900088435611067e+00,9.999900088805912191e+00,9.999900089139190484e+00,9.999900089440735940e+00,9.999900089714873985e+00,9.999900089965178651e+00,9.999900090194628888e+00,9.999900090405725805e+00,9.999900090600588598e+00,9.999900090781018491e+00,9.999900090948562692e+00,9.999900091104553468e+00,9.999900091250147227e+00,9.999900091386349388e+00,9.999900091514041023e+00,9.999900091633993071e+00,9.999900091746891206e+00,9.999900091853337614e+00,9.999900091953872305e+00,9.999900092048973121e+00,9.999900092139068164e+00,9.999900092224544679e+00,9.999900092305747279e+00,9.999900092382990380e+00,9.999900092456554646e+00,9.999900092526697648e+00,9.999900092593652090e+00,9.999900092657632911e+00,9.999900092718830180e+00,9.999900092777425087e+00,9.999900092833577503e+00,9.999900092887440195e+00,9.999900092939146390e+00,9.999900092988825762e+00,9.999900093036595550e+00,9.999900093082562336e+00,9.999900093126825595e+00,9.999900093169481252e+00,9.999900093210612795e+00,9.999900093250300159e+00,9.999900093288621505e+00,9.999900093325642558e+00,9.999900093361429043e+00,9.999900093396043133e+00,9.999900093429539893e+00,9.999900093461974393e+00,9.999900093493394593e+00,9.999900093523848454e+00,9.999900093553380387e+00,9.999900093582029470e+00,9.999900093609836560e+00,9.999900093636837184e+00,9.999900093663066869e+00,9.999900093688557590e+00,9.999900093713341320e+00
4.236949075764542272e+00,4.250532839594971080e+00,4.264316449419347954e+00,4.278365561458608468e+00,4.292631669529541227e+00,4.307161944462000847e+00,4.321981554440279538e+00,4.337032633140520232e+00,4.352444161140271106e+00,4.368170019107617819e+00,4.384214214726252834e+00,4.400613681892662221e+00,4.417408379194979418e+00,4.434639246492849018e+00,4.452334756810654603e+00,4.470553482498199394e+00,4.489330067882301378e+00,4.508713749828855200e+00,4.528743478768659791e+00,4.549638224561989297e+00,4.571353512372361649e+00,4.594236565764107105e+00,4.618378186262554586e+00,4.644110307431263962e+00,4.671979116420261313e+00,4.702725111261577773e+00,4.738065285373782132e+00,4.781995062787584239e+00,9.999872648297968070e+00,9.999899964866417079e+00,9.999900030013812113e+00,9.999900051798842782e+00,9.999900062704359271e+00,9.999900069251834722e+00,9.999900073618556817e+00,9.999900076738494903e+00,9.999900079078914317e+00,9.999900080899516652e+00,9.999900082356171893e+00,9.999900083548094898e+00,9.999900084541444301e+00,9.999900085382027015e+00,9.999900086102567087e+00,9.999900086727066650e+00,9.999900087273527305e+00,9.999900087755715816e+00,9.999900088184341840e+00,9.999900088567860834e+00,9.999900088913037166e+00,9.999900089225345567e+00,9.999900089509271339e+00,9.999900089768511080e+00,9.999900090006152098e+00,9.999900090224786098e+00,9.999900090426603327e+00,9.999900090613476067e+00,9.999900090787001261e+00,9.999900090948562692e+00,9.999900091099354071e+00,9.999900091240419897e+00,9.999900091372667887e+00,9.999900091496904508e+00,9.999900091613833197e+00,9.999900091724081008e+00,9.999900091828203941e+00,9.999900091926701151e+00,9.999900092020013176e+00,9.999900092108541472e+00,9.999900092192644863e+00,9.999900092272644869e+00,9.999900092348834590e+00,9.999900092421482256e+00,9.999900092490829451e+00,9.999900092557092890e+00,9.999900092620476855e+00,9.999900092681162533e+00,9.999900092739322233e+00,9.999900092795106943e+00,9.999900092848658772e+00,9.999900092900112725e+00,9.999900092949587815e+00,9.999900092997195955e+00,9.999900093043040172e+00,9.999900093087218167e+00,9.999900093129818757e+00,9.999900093170923654e+00,9.999900093210612795e+00,9.999900093248955457e+00,9.999900093286020919e+00,9.999900093321871353e+00,9.999900093356563602e+00,9.999900093390156286e+00,9.999900093422699143e+00,9.999900093454240135e+00,9.999900093484825447e+00,9.999900093514497712e+00,9.999900093543297785e+00,9.999900093571262971e+00,9.999900093598430573e+00,9.999900093624830788e+00
4.218094225973065825e+00,4.231579962001907447e+00,4.245274242987652435e+00,4.259151754293304393e+00,4.273334307358399364e+00,4.287684550009499773e+00,4.302376355408837227e+00,4.317278748757495066e+00,4.332496832146343735e+00,4.348032467455960060e+00,4.363843653586570781e+00,4.380029478367307050e+00,4.396612000949513543e+00,4.413573784536885647e+00,4.430956095390246041e+00,4.448804283916921065e+00,4.467164475309837179e+00,4.486084052935837896e+00,4.505610639919442661e+00,4.525826804899620193e+00,4.546912853149789768e+00,4.568812176239497092e+00,4.591904086977791621e+00,4.616264909623825297e+00,4.642237571222993964e+00,4.670264601329561671e+00,4.701353303763931457e+00,4.736896387327860225e+00,4.781279931554792029e+00,9.999872624299156243e+00,9.999899960384505349e+00,9.999900027762175014e+00,9.999900050295318366e+00,9.999900061575802468e+00,9.999900068348551940e+00,9.999900072865575140e+00,9.999900076092933077e+00,9.999900078513949353e+00,9.999900080397257085e+00,9.999900081904090854e+00,9.999900083137076123e+00,9.999900084164648817e+00,9.999900085034195030e+00,9.999900085779563241e+00,9.999900086425581591e+00,9.999900086990871628e+00,9.999900087489677958e+00,9.999900087933076165e+00,9.999900088329813030e+00,9.999900088686885624e+00,9.999900089009960524e+00,9.999900089303670470e+00,9.999900089571845285e+00,9.999900089817677085e+00,9.999900090043848166e+00,9.999900090252623386e+00,9.999900090445935419e+00,9.999900090625443383e+00,9.999900090792573693e+00,9.999900090948562692e+00,9.999900091094490406e+00,9.999900091231298305e+00,9.999900091359817722e+00,9.999900091480776965e+00,9.999900091594824403e+00,9.999900091702537352e+00,9.999900091804429181e+00,9.999900091900959964e+00,9.999900091992540041e+00,9.999900092079540670e+00,9.999900092162299359e+00,9.999900092241116312e+00,9.999900092316268641e+00,9.999900092388006811e+00,9.999900092456554646e+00,9.999900092522123529e+00,9.999900092584901756e+00,9.999900092645065186e+00,9.999900092702773691e+00,9.999900092758172931e+00,9.999900092811399688e+00,9.999900092862580081e+00,9.999900092911829574e+00,9.999900092959254749e+00,9.999900093004956858e+00,9.999900093049024719e+00,9.999900093091548925e+00,9.999900093132604084e+00,9.999900093172270132e+00,9.999900093210612795e+00,9.999900093247697797e+00,9.999900093283589086e+00,9.999900093318338179e+00,9.999900093352003694e+00,9.999900093384631816e+00,9.999900093416272284e+00,9.999900093446967730e+00,9.999900093476760787e+00,9.999900093505690535e+00,9.999900093533792500e+00
4.199157536697902593e+00,4.212509519926365797e+00,4.226068613660173057e+00,4.239900419199063464e+00,4.253888116319350488e+00,4.268175957786596086e+00,4.282675415783023354e+00,4.297454962349461560e+00,4.312493014537972513e+00,4.327852724020832653e+00,4.343448918418492788e+00,4.359475243440231296e+00,4.375801398908495621e+00,4.392465893307181624e+00,4.409568703140035240e+00,4.427125143280460584e+00,4.445137339418736566e+00,4.463660116593219485e+00,4.482737482061633472e+00,4.502432391278278878e+00,4.522854672221522598e+00,4.544121565964674758e+00,4.566227116995085211e+00,4.589525056352703913e+00,4.614082931909638141e+00,4.640288354612094324e+00,4.668634849977336465e+00,4.699930546672199227e+00,4.735853394653988246e+00,4.780445317895376967e+00,9.999872643346158441e+00,9.999899955904499649e+00,9.999900025510909174e+00,9.999900048791964480e+00,9.999900060447339811e+00,9.999900067445326002e+00,9.999900072112636096e+00,9.999900075447401449e+00,9.999900077949007482e+00,9.999900079895017058e+00,9.999900081452024025e+00,9.999900082726069783e+00,9.999900083787863991e+00,9.999900084686370150e+00,9.999900085456564724e+00,9.999900086124101861e+00,9.999900086708224833e+00,9.999900087223647205e+00,9.999900087681815819e+00,9.999900088091770556e+00,9.999900088460739411e+00,9.999900088794577258e+00,9.999900089098071376e+00,9.999900089375183043e+00,9.999900089629205624e+00,9.999900089862912012e+00,9.999900090078643444e+00,9.999900090278398324e+00,9.999900090463887281e+00,9.999900090636584693e+00,9.999900090797773089e+00,9.999900090948562692e+00,9.999900091089930498e+00,9.999900091222730936e+00,9.999900091347720732e+00,9.999900091465569574e+00,9.999900091576872541e+00,9.999900091682160763e+00,9.999900091781906752e+00,9.999900091876538610e+00,9.999900091966440030e+00,9.999900092051955625e+00,9.999900092133399809e+00,9.999900092211056801e+00,9.999900092285184172e+00,9.999900092356016401e+00,9.999900092423770204e+00,9.999900092488640979e+00,9.999900092550809916e+00,9.999900092610440439e+00,9.999900092667687090e+00,9.999900092722688427e+00,9.999900092775574123e+00,9.999900092826464970e+00,9.999900092875471103e+00,9.999900092922695549e+00,9.999900092968232457e+00,9.999900093012172420e+00,9.999900093054597150e+00,9.999900093095584808e+00,9.999900093135204671e+00,9.999900093173527793e+00,9.999900093210612795e+00,9.999900093246521848e+00,9.999900093281308244e+00,9.999900093315023497e+00,9.999900093347719121e+00,9.999900093379437749e+00,9.999900093410223789e+00,9.999900093440116322e+00
4.179990684694678826e+00,4.193311396924655376e+00,4.206802257038606108e+00,4.220458028851122201e+00,4.234372993599301971e+00,4.248535650736338098e+00,4.262864557900535978e+00,4.277542333264649166e+00,4.292413689994458714e+00,4.307610903816366132e+00,4.323054847118124044e+00,4.338870582184072511e+00,4.354932499545514091e+00,4.371440006831784686e+00,4.388295787283899685e+00,4.405518838877385157e+00,4.423174812050270965e+00,4.441366532989502680e+00,4.460060808578607983e+00,4.479315200237404149e+00,4.499189659873963798e+00,4.519799228378972522e+00,4.541261332527694705e+00,4.563590837569257097e+00,4.587072365239896143e+00,4.611808875204162383e+00,4.638227086188716264e+00,4.666866465983094514e+00,4.698456632620272799e+00,4.734614019659363571e+00,4.779712047906982342e+00,9.999872649132868219e+00,9.999899951425971878e+00,9.999900023260051896e+00,9.999900047288772242e+00,9.999900059318969525e+00,9.999900066542160459e+00,9.999900071359737908e+00,9.999900074801901795e+00,9.999900077384090480e+00,9.999900079392794794e+00,9.999900080999971408e+00,9.999900082315074101e+00,9.999900083411089824e+00,9.999900084338555928e+00,9.999900085133575089e+00,9.999900085822631013e+00,9.999900086425581591e+00,9.999900086957620005e+00,9.999900087430560802e+00,9.999900087853729858e+00,9.999900088234594975e+00,9.999900088579195767e+00,9.999900088892477612e+00,9.999900089178522578e+00,9.999900089440737716e+00,9.999900089681977633e+00,9.999900089904665279e+00,9.999900090110861228e+00,9.999900090302331179e+00,9.999900090480599246e+00,9.999900090646985262e+00,9.999900090802636754e+00,9.999900090948562692e+00,9.999900091085645926e+00,9.999900091214668052e+00,9.999900091336316521e+00,9.999900091451209505e+00,9.999900091559890569e+00,9.999900091662853541e+00,9.999900091760538956e+00,9.999900091853337614e+00,9.999900091941611890e+00,9.999900092025683307e+00,9.999900092105844962e+00,9.999900092182361533e+00,9.999900092255479933e+00,9.999900092325418655e+00,9.999900092392381978e+00,9.999900092456554646e+00,9.999900092518108963e+00,9.999900092577201249e+00,9.999900092633977167e+00,9.999900092688568165e+00,9.999900092741100366e+00,9.999900092791687456e+00,9.999900092840434240e+00,9.999900092887440195e+00,9.999900092932797691e+00,9.999900092976590216e+00,9.999900093018899483e+00,9.999900093059798323e+00,9.999900093099356013e+00,9.999900093137638279e+00,9.999900093174703741e+00,9.999900093210612795e+00,9.999900093245416954e+00,9.999900093279165958e+00,9.999900093311907767e+00,9.999900093343686791e+00
4.160796581265644001e+00,4.173966390189722375e+00,4.187305339046347719e+00,4.200920987944936513e+00,4.214746192985099782e+00,4.228747298190297599e+00,4.242980584531982124e+00,4.257523268743967471e+00,4.272240942051824142e+00,4.287288166035674308e+00,4.302587652598653278e+00,4.318191054663435224e+00,4.334106816258075590e+00,4.350377644657812404e+00,4.366935270942374103e+00,4.383981471485055792e+00,4.401387254848313724e+00,4.419199838415812209e+00,4.437502575597976673e+00,4.456381407892733293e+00,4.475818993372380206e+00,4.495882690621288980e+00,4.516650822699847190e+00,4.538319753100790166e+00,4.560894924178156451e+00,4.584521094743127634e+00,4.609559830399761360e+00,4.636263314224005505e+00,4.665095451694067918e+00,4.696972414243802518e+00,4.733519420821787449e+00,4.778988631354980754e+00,9.999872479483025600e+00,9.999899946948923812e+00,9.999900021009535678e+00,9.999900045785748759e+00,9.999900058190693386e+00,9.999900065639057090e+00,9.999900070606882352e+00,9.999900074156430563e+00,9.999900076819194794e+00,9.999900078890592070e+00,9.999900080547934778e+00,9.999900081904092630e+00,9.999900083034324538e+00,9.999900083990748811e+00,9.999900084810592560e+00,9.999900085521165494e+00,9.999900086142945455e+00,9.999900086691598133e+00,9.999900087179309338e+00,9.999900087615696265e+00,9.999900088008455867e+00,9.999900088363819606e+00,9.999900088686885624e+00,9.999900088981867441e+00,9.999900089252269808e+00,9.999900089501046807e+00,9.999900089730690667e+00,9.999900089943327686e+00,9.999900090140778630e+00,9.999900090324615576e+00,9.999900090496197436e+00,9.999900090656712592e+00,9.999900090807198438e+00,9.999900090948562692e+00,9.999900091081615372e+00,9.999900091207065245e+00,9.999900091325546470e+00,9.999900091437623928e+00,9.999900091543803882e+00,9.999900091644539302e+00,9.999900091740238750e+00,9.999900091831269933e+00,9.999900091917966805e+00,9.999900092000633123e+00,9.999900092079540670e+00,9.999900092154943465e+00,9.999900092227067105e+00,9.999900092296122978e+00,9.999900092362301152e+00,9.999900092425777487e+00,9.999900092486717185e+00,9.999900092545265906e+00,9.999900092601562207e+00,9.999900092655735762e+00,9.999900092707903809e+00,9.999900092758172931e+00,9.999900092806647933e+00,9.999900092853422962e+00,9.999900092898583281e+00,9.999900092942214158e+00,9.999900092984391975e+00,9.999900093025184233e+00,9.999900093064663764e+00,9.999900093102887411e+00,9.999900093139919122e+00,9.999900093175808635e+00,9.999900093210612795e+00,9.999900093244377786e+00
4.141306774310620220e+00,4.154439209275935241e+00,4.167756703121676232e+00,4.181255511448889628e+00,4.194935753364729791e+00,4.208797506328642690e+00,4.222989893203140888e+00,4.237381276021061183e+00,4.251957891824812208e+00,4.266866717036174705e+00,4.282030210553646299e+00,4.297419169628743596e+00,4.313213849151011914e+00,4.329205537935537862e+00,4.345669443320938186e+00,4.362394932427912764e+00,4.379549751468164942e+00,4.397136860663974467e+00,4.415115641250154432e+00,4.433572677122575634e+00,4.452625987869620161e+00,4.472248694262296098e+00,4.492509464571212696e+00,4.513477470897296229e+00,4.535278240661573257e+00,4.558106615413760387e+00,4.581968566578041191e+00,4.607250382004491662e+00,4.634152456410401300e+00,4.663284194096000590e+00,4.695441159020020905e+00,4.732314315377430525e+00,4.778155572253512950e+00,9.999872556825284420e+00,9.999899942473353676e+00,9.999900018759362297e+00,9.999900044282879819e+00,9.999900057062511394e+00,9.999900064736012339e+00,9.999900069854067652e+00,9.999900073510991305e+00,9.999900076254323977e+00,9.999900078388407110e+00,9.999900080095914134e+00,9.999900081493121817e+00,9.999900082657569911e+00,9.999900083642950577e+00,9.999900084487618912e+00,9.999900085219705304e+00,9.999900085860314647e+00,9.999900086425583368e+00,9.999900086928063203e+00,9.999900087377664448e+00,9.999900087782320313e+00,9.999900088148446997e+00,9.999900088481298965e+00,9.999900088785212304e+00,9.999900089063807229e+00,9.999900089320117758e+00,9.999900089556717830e+00,9.999900089775795919e+00,9.999900089979227857e+00,9.999900090168633682e+00,9.999900090345413162e+00,9.999900090510790207e+00,9.999900090665834185e+00,9.999900090811481235e+00,9.999900090948562692e+00,9.999900091077813968e+00,9.999900091199883434e+00,9.999900091315357287e+00,9.999900091424754223e+00,9.999900091528541424e+00,9.999900091627139886e+00,9.999900091720927975e+00,9.999900091810252079e+00,9.999900091895423060e+00,9.999900091976721583e+00,9.999900092054406997e+00,9.999900092128717333e+00,9.999900092199863977e+00,9.999900092268047658e+00,9.999900092333447787e+00,9.999900092396231344e+00,9.999900092456554646e+00,9.999900092514558025e+00,9.999900092570372934e+00,9.999900092624120163e+00,9.999900092675913399e+00,9.999900092725857448e+00,9.999900092774048233e+00,9.999900092820578124e+00,9.999900092865530610e+00,9.999900092908985627e+00,9.999900092951014230e+00,9.999900092991689249e+00,9.999900093031071080e+00,9.999900093069223672e+00,9.999900093106202092e+00,9.999900093142061408e+00
4.121785490275795105e+00,4.134801806510108868e+00,4.147996630026958620e+00,4.161371930882242332e+00,4.174930993359441622e+00,4.188787568111105308e+00,4.202846699317103862e+00,4.217100684765129337e+00,4.231548332596501538e+00,4.246328742663060929e+00,4.261361221577711689e+00,4.276588370151181095e+00,4.292207705505097337e+00,4.308078308735386663e+00,4.324271594517693273e+00,4.340826923868941201e+00,4.357736658289566023e+00,4.375012001000938788e+00,4.392777019423897755e+00,4.410921175124513205e+00,4.429548064750727931e+00,4.448789815773102951e+00,4.468600833506420678e+00,4.489056536412861398e+00,4.510236951824031948e+00,4.532230477914312772e+00,4.555189304414633433e+00,4.579375241602883229e+00,4.604767112498402426e+00,4.632012370544428492e+00,4.661403297930468703e+00,4.693829011029718501e+00,4.730982647096386273e+00,4.777216447432473423e+00,9.999872519165091234e+00,9.999899937999591870e+00,9.999900016509585043e+00,9.999900042780193843e+00,9.999900055934419996e+00,9.999900063833026209e+00,9.999900069101293809e+00,9.999900072865582246e+00,9.999900075689476253e+00,9.999900077886241689e+00,9.999900079643905926e+00,9.999900081082163439e+00,9.999900082280825941e+00,9.999900083295161224e+00,9.999900084164652370e+00,9.999900084918253995e+00,9.999900085577690945e+00,9.999900086159572155e+00,9.999900086676820621e+00,9.999900087139637961e+00,9.999900087556188311e+00,9.999900087933077941e+00,9.999900088275712307e+00,9.999900088588560720e+00,9.999900088875346427e+00,9.999900089139192261e+00,9.999900089382748547e+00,9.999900089608265930e+00,9.999900089817678861e+00,9.999900090012651788e+00,9.999900090194630664e+00,9.999900090364869598e+00,9.999900090524469931e+00,9.999900090674401554e+00,9.999900090815513565e+00,9.999900090948564468e+00,9.999900091074223951e+00,9.999900091193090645e+00,9.999900091305704564e+00,9.999900091412543546e+00,9.999900091514041023e+00,9.999900091610587793e+00,9.999900091702539129e+00,9.999900091790212997e+00,9.999900091873902497e+00,9.999900091953872305e+00,9.999900092030367560e+00,9.999900092103606752e+00,9.999900092173794164e+00,9.999900092241118088e+00,9.999900092305749055e+00,9.999900092367845161e+00,9.999900092427553844e+00,9.999900092485010106e+00,9.999900092540336516e+00,9.999900092593653866e+00,9.999900092645065186e+00,9.999900092694673504e+00,9.999900092742572966e+00,9.999900092788847061e+00,9.999900092833579279e+00,9.999900092876844226e+00,9.999900092918714734e+00,9.999900092959256526e+00,9.999900092998529999e+00,9.999900093036595550e+00
4.101963120401279639e+00,4.114886018300691006e+00,4.127989880389140609e+00,4.141330370910288217e+00,4.154868593719606373e+00,4.168603203789713163e+00,4.182535586197483113e+00,4.196666508560360498e+00,4.210997685241254729e+00,4.225658010258225517e+00,4.240564684118915295e+00,4.255677756883926577e+00,4.271069062235597791e+00,4.286834845456052534e+00,4.302806832647142699e+00,4.319189391131867062e+00,4.335868781213227052e+00,4.352949493545225756e+00,4.370375329451575475e+00,4.388308400955939881e+00,4.406604682400677042e+00,4.425444342166809264e+00,4.444868072203315812e+00,4.464856507184679302e+00,4.485497852373297789e+00,4.506886252223964107e+00,4.529120734819762184e+00,4.552299695743439401e+00,4.576607284827529654e+00,4.602405127084141512e+00,4.629830717216112390e+00,4.659489257949961605e+00,4.692293538843485656e+00,4.729820185331179871e+00,4.776425675385106651e+00,9.999872578206497664e+00,9.999899933527427009e+00,9.999900014260227010e+00,9.999900041277657081e+00,9.999900054806424521e+00,9.999900062930100475e+00,9.999900068348562598e+00,9.999900072220203384e+00,9.999900075124651622e+00,9.999900077384094033e+00,9.999900079191915481e+00,9.999900080671219271e+00,9.999900081904092630e+00,9.999900082947382529e+00,9.999900083841692933e+00,9.999900084616808016e+00,9.999900085295070795e+00,9.999900085893566271e+00,9.999900086425583368e+00,9.999900086901616802e+00,9.999900087330059861e+00,9.999900087717710662e+00,9.999900088070130977e+00,9.999900088391912689e+00,9.999900088686887401e+00,9.999900088958268540e+00,9.999900089208779264e+00,9.999900089440737716e+00,9.999900089656131641e+00,9.999900089856673446e+00,9.999900090043848166e+00,9.999900090218948989e+00,9.999900090383109230e+00,9.999900090537321873e+00,9.999900090682464437e+00,9.999900090819314968e+00,9.999900090948564468e+00,9.999900091070827557e+00,9.999900091186656681e+00,9.999900091296547444e+00,9.999900091400943936e+00,9.999900091500249388e+00,9.999900091594826179e+00,9.999900091685004710e+00,9.999900091771083410e+00,9.999900091853339390e+00,9.999900091932017787e+00,9.999900092007349528e+00,9.999900092079542446e+00,9.999900092148788389e+00,9.999900092215264991e+00,9.999900092279135677e+00,9.999900092340549662e+00,9.999900092399647278e+00,9.999900092456554646e+00,9.999900092511394334e+00,9.999900092564274701e+00,9.999900092615300551e+00,9.999900092664567808e+00,9.999900092712163513e+00,9.999900092758172931e+00,9.999900092802674223e+00,9.999900092845741995e+00,9.999900092887440195e+00,9.999900092927836326e+00
4.082013409286632921e+00,4.094882229967907961e+00,4.107932818083250837e+00,4.121170566235472066e+00,4.134599131185477283e+00,4.148221956095406782e+00,4.162043268643595084e+00,4.176064435806526198e+00,4.190287542925732467e+00,4.204837966913229863e+00,4.219623600927622675e+00,4.234626401478402080e+00,4.249844618281113817e+00,4.265435091438923187e+00,4.281315742028058757e+00,4.297411411771915546e+00,4.313970283176688625e+00,4.330796561805932754e+00,4.348031842873679942e+00,4.365637677461672084e+00,4.383722413959830533e+00,4.402160609277721903e+00,4.421244431731109259e+00,4.440831008518077105e+00,4.460981856498754006e+00,4.481798118432451794e+00,4.503382759825274029e+00,4.525849727981420934e+00,4.549316246410145759e+00,4.573901364177990203e+00,4.599823993756256613e+00,4.627566455297778880e+00,4.657553495720286207e+00,4.690566410917666573e+00,4.728539368982041857e+00,4.775636886457315100e+00,9.999872523020240322e+00,9.999899929056001113e+00,9.999900012011222472e+00,9.999900039775303284e+00,9.999900053678521417e+00,9.999900062027235137e+00,9.999900067595872244e+00,9.999900071574854721e+00,9.999900074559851859e+00,9.999900076881964139e+00,9.999900078739937470e+00,9.999900080260285762e+00,9.999900081527369977e+00,9.999900082599610940e+00,9.999900083518740601e+00,9.999900084315369142e+00,9.999900085012457751e+00,9.999900085627565716e+00,9.999900086174351443e+00,9.999900086663597421e+00,9.999900087103934965e+00,9.999900087502348711e+00,9.999900087864551423e+00,9.999900088195268211e+00,9.999900088498431927e+00,9.999900088777346596e+00,9.999900089034813533e+00,9.999900089273213055e+00,9.999900089494586197e+00,9.999900089700696881e+00,9.999900089893069222e+00,9.999900090073031933e+00,9.999900090241750306e+00,9.999900090400243968e+00,9.999900090549417087e+00,9.999900090690067245e+00,9.999900090822904986e+00,9.999900090948564468e+00,9.999900091067610575e+00,9.999900091180551343e+00,9.999900091287846848e+00,9.999900091389910983e+00,9.999900091487113230e+00,9.999900091579796424e+00,9.999900091668266100e+00,9.999900091752804698e+00,9.999900091833669791e+00,9.999900091911092304e+00,9.999900091985290729e+00,9.999900092056460466e+00,9.999900092124782702e+00,9.999900092190427969e+00,9.999900092253547257e+00,9.999900092314284450e+00,9.999900092372774552e+00,9.999900092429136578e+00,9.999900092483485992e+00,9.999900092535927598e+00,9.999900092586562650e+00,9.999900092635479965e+00,9.999900092682768360e+00,9.999900092728505996e+00,9.999900092772767479e+00,9.999900092815625641e+00
4.061845606169668166e+00,4.074642831855438629e+00,4.087614330529926399e+00,4.100766128702997726e+00,4.114103720946721054e+00,4.127632307639310660e+00,4.141356460531214090e+00,4.155280006227028977e+00,4.169412437866641952e+00,4.183852610706095376e+00,4.198521174376844911e+00,4.213414509166738320e+00,4.228532214931222555e+00,4.243873931262077015e+00,4.259640819459074912e+00,4.275657411681005549e+00,4.291903254458567574e+00,4.308608677908931206e+00,4.325606834236133125e+00,4.342973079024678995e+00,4.360787180088697035e+00,4.378999877196189772e+00,4.397674330019612832e+00,4.416925483772915051e+00,4.436647499117487570e+00,4.456962236178857673e+00,4.478049339248697969e+00,4.499870847558343989e+00,4.522535685028350017e+00,4.546157906250830827e+00,4.571032402910080172e+00,4.597307566065341078e+00,4.625254520597290586e+00,4.655446579400083884e+00,4.688910806372400764e+00,4.727105244446262233e+00,4.774771338065670889e+00,9.999872644406355704e+00,9.999899924586408417e+00,9.999900009762566100e+00,9.999900038273089820e+00,9.999900052550710683e+00,9.999900061124428419e+00,9.999900066843222746e+00,9.999900070929538032e+00,9.999900073995073413e+00,9.999900076379853786e+00,9.999900078287975447e+00,9.999900079849364687e+00,9.999900081150657982e+00,9.999900082251848232e+00,9.999900083195797151e+00,9.999900084013937374e+00,9.999900084729850036e+00,9.999900085361570490e+00,9.999900085923123072e+00,9.999900086425583368e+00,9.999900086877815397e+00,9.999900087286988537e+00,9.999900087658975423e+00,9.999900087998625509e+00,9.999900088309978230e+00,9.999900088596428205e+00,9.999900088860849579e+00,9.999900089105688394e+00,9.999900089333042530e+00,9.999900089544720316e+00,9.999900089742290277e+00,9.999900089927114877e+00,9.999900090100391381e+00,9.999900090263167840e+00,9.999900090416371512e+00,9.999900090560821297e+00,9.999900090697249055e+00,9.999900090826301380e+00,9.999900090948564468e+00,9.999900091064557017e+00,9.999900091174751537e+00,9.999900091279572578e+00,9.999900091379402056e+00,9.999900091474588137e+00,9.999900091565448790e+00,9.999900091652273559e+00,9.999900091735321794e+00,9.999900091814836856e+00,9.999900091891039011e+00,9.999900091964132542e+00,9.999900092034300414e+00,9.999900092101718485e+00,9.999900092166544852e+00,9.999900092228923398e+00,9.999900092288992681e+00,9.999900092346877045e+00,9.999900092402695506e+00,9.999900092456554646e+00,9.999900092508557492e+00,9.999900092558798192e+00,9.999900092607363788e+00,9.999900092654337769e+00,9.999900092699794740e+00
4.041358462760704207e+00,4.054107106395515636e+00,4.067020765636351953e+00,4.080106099043028678e+00,4.093371052677803767e+00,4.106821094089234236e+00,4.120462068117996424e+00,4.134300674194823166e+00,4.148358027414651872e+00,4.162685813317081873e+00,4.177239906995946939e+00,4.192025745573324080e+00,4.207042199230130564e+00,4.222289385720653598e+00,4.237772898295789403e+00,4.253685389062749067e+00,4.269857406318350534e+00,4.286269492761676680e+00,4.303093721451705100e+00,4.320291475841012030e+00,4.337750682519834200e+00,4.355806960486238388e+00,4.374110364841505394e+00,4.393078336368746228e+00,4.412441846073984486e+00,4.432349230570483911e+00,4.452985274943539018e+00,4.474255579080344880e+00,4.496275626595414465e+00,4.519172520980269780e+00,4.543081380348568565e+00,4.568138029308371095e+00,4.594570712276577318e+00,4.622922625565364818e+00,4.653486444021283752e+00,4.687224035291188251e+00,4.725777168232262682e+00,4.773812188549575453e+00,9.999872647980298623e+00,9.999899920117625740e+00,9.999900007514170852e+00,9.999900036771069978e+00,9.999900051422994096e+00,9.999900060221682097e+00,9.999900066090615880e+00,9.999900070284251541e+00,9.999900073430319836e+00,9.999900075877761196e+00,9.999900077836029411e+00,9.999900079438456046e+00,9.999900080773956645e+00,9.999900081904094407e+00,9.999900082872860807e+00,9.999900083712512711e+00,9.999900084447249426e+00,9.999900085095580593e+00,9.999900085671900030e+00,9.999900086187574644e+00,9.999900086651697606e+00,9.999900087071633692e+00,9.999900087453402975e+00,9.999900087801986359e+00,9.999900088121526309e+00,9.999900088415511590e+00,9.999900088686887401e+00,9.999900088938167286e+00,9.999900089171500639e+00,9.999900089388747304e+00,9.999900089591513108e+00,9.999900089781201373e+00,9.999900089959034233e+00,9.999900090126093488e+00,9.999900090283325937e+00,9.999900090431577127e+00,9.999900090571591349e+00,9.999900090704040068e+00,9.999900090829520138e+00,9.999900090948564468e+00,9.999900091061658003e+00,9.999900091169235949e+00,9.999900091271690883e+00,9.999900091369381627e+00,9.999900091462633256e+00,9.999900091551740644e+00,9.999900091636973798e+00,9.999900091718581407e+00,9.999900091796789070e+00,9.999900091871804619e+00,9.999900091943819902e+00,9.999900092013010777e+00,9.999900092079542446e+00,9.999900092143562347e+00,9.999900092205212587e+00,9.999900092264619289e+00,9.999900092321906797e+00,9.999900092377183469e+00,9.999900092430554110e+00,9.999900092482116420e+00,9.999900092531959217e+00,9.999900092580169542e+00
4.020790950118533047e+00,4.033433739492566339e+00,4.046244236338354838e+00,4.059231109138409899e+00,4.072403203166847341e+00,4.085777969189480885e+00,4.099348481486237539e+00,4.113116852469221207e+00,4.127107292092159874e+00,4.141320328610869517e+00,4.155765271898164137e+00,4.170441484784905839e+00,4.185355854848769042e+00,4.200508472492313850e+00,4.215901707618700200e+00,4.231536525075561883e+00,4.247557933828362664e+00,4.263903048887190295e+00,4.280500350300627588e+00,4.297403677428522251e+00,4.314821246593164794e+00,4.332487009033132885e+00,4.350657410523735891e+00,4.369220298122976409e+00,4.388305838847118778e+00,4.407818248531764738e+00,4.428053681882644810e+00,4.448814249481721994e+00,4.470224044421322596e+00,4.492453232390646534e+00,4.515596028143516349e+00,4.539710618659428931e+00,4.565116326644245603e+00,4.591947229420108911e+00,4.620364944975388966e+00,4.651317975214059430e+00,4.685359013853102716e+00,4.724459040635910156e+00,4.772763930359231743e+00,9.999872647062121089e+00,9.999899915653193361e+00,9.999900005266260550e+00,9.999900035269208232e+00,9.999900050295369880e+00,9.999900059318994394e+00,9.999900065338049870e+00,9.999900069638993472e+00,9.999900072865589351e+00,9.999900075375688147e+00,9.999900077384097585e+00,9.999900079027561617e+00,9.999900080397264190e+00,9.999900081556351239e+00,9.999900082549931568e+00,9.999900083411093377e+00,9.999900084164654146e+00,9.999900084829594249e+00,9.999900085420680540e+00,9.999900085949567696e+00,9.999900086425585144e+00,9.999900086856280623e+00,9.999900087247834080e+00,9.999900087605348986e+00,9.999900087933079718e+00,9.999900088234596751e+00,9.999900088512928775e+00,9.999900088770647955e+00,9.999900089009962301e+00,9.999900089232776068e+00,9.999900089440739492e+00,9.999900089635287870e+00,9.999900089817678861e+00,9.999900089989019136e+00,9.999900090150283916e+00,9.999900090302332956e+00,9.999900090445937195e+00,9.999900090581780532e+00,9.999900090710475808e+00,9.999900090832571919e+00,9.999900090948564468e+00,9.999900091058899321e+00,9.999900091163981486e+00,9.999900091264176893e+00,9.999900091359817722e+00,9.999900091451209505e+00,9.999900091538627578e+00,9.999900091622327736e+00,9.999900091702539129e+00,9.999900091779478473e+00,9.999900091853339390e+00,9.999900091924304846e+00,9.999900091992540041e+00,9.999900092058203072e+00,9.999900092121432493e+00,9.999900092182363309e+00,9.999900092241118088e+00,9.999900092297812293e+00,9.999900092352550729e+00,9.999900092405434648e+00,9.999900092456556422e+00
3.999927399077149559e+00,4.012533018550751507e+00,4.025292611595339132e+00,4.038215928702507895e+00,4.051313387673991073e+00,4.064595135067865073e+00,4.078069246067851594e+00,4.091746422591683974e+00,4.105636368684800530e+00,4.119743666241898694e+00,4.134076917466719792e+00,4.148646055140149613e+00,4.163452687588476309e+00,4.178505282818907318e+00,4.193803787523780358e+00,4.209354264294312031e+00,4.225153730841547883e+00,4.241239824830961958e+00,4.257770010700560270e+00,4.274574117513652460e+00,4.291639037013068148e+00,4.309160998699522516e+00,4.327093501923275909e+00,4.345295740286328368e+00,4.364178068549104950e+00,4.383320712268236719e+00,4.403208572197316428e+00,4.423524389751040786e+00,4.444475177905835572e+00,4.466236936175024930e+00,4.488730400209028915e+00,4.512098994044556832e+00,4.536498421093514644e+00,4.562092921933189160e+00,4.589051275109930828e+00,4.617999175519950761e+00,4.649084919144824468e+00,4.683511981055779039e+00,4.723022555880448614e+00,4.771754809298613509e+00,9.999872649046299244e+00,9.999899911185824664e+00,9.999900003018719730e+00,9.999900033767508134e+00,9.999900049167839811e+00,9.999900058416367088e+00,9.999900064585524717e+00,9.999900068993767377e+00,9.999900072300881959e+00,9.999900074873632860e+00,9.999900076932179971e+00,9.999900078616677845e+00,9.999900080020582394e+00,9.999900081208615177e+00,9.999900082227011211e+00,9.999900083109681148e+00,9.999900083882064195e+00,9.999900084563615010e+00,9.999900085169466379e+00,9.999900085711566078e+00,9.999900086199474458e+00,9.999900086640931107e+00,9.999900087042266961e+00,9.999900087408715166e+00,9.999900087744633126e+00,9.999900088053685465e+00,9.999900088338971926e+00,9.999900088603130399e+00,9.999900088848423962e+00,9.999900089076806609e+00,9.999900089289965877e+00,9.999900089489376143e+00,9.999900089676325265e+00,9.999900089851948337e+00,9.999900090017240117e+00,9.999900090173090561e+00,9.999900090320283041e+00,9.999900090459520996e+00,9.999900090591433255e+00,9.999900090716581147e+00,9.999900090835470934e+00,9.999900090948564468e+00,9.999900091056272089e+00,9.999900091158972160e+00,9.999900091257003965e+00,9.999900091350680142e+00,9.999900091440283134e+00,9.999900091526074064e+00,9.999900091608290964e+00,9.999900091687152326e+00,9.999900091762858878e+00,9.999900091835598914e+00,9.999900091905539412e+00,9.999900091972842020e+00,9.999900092037652399e+00,9.999900092100107329e+00,9.999900092160329379e+00,9.999900092218441117e+00,9.999900092274547347e+00,9.999900092328752876e+00
3.978728224764576993e+00,3.991315756156440298e+00,4.004042642475470259e+00,4.016919109622594242e+00,4.029956594198136344e+00,4.043166239012580654e+00,4.056558226134799661e+00,4.070143698391304632e+00,4.083933311103797870e+00,4.097937554373035418e+00,4.112160546153691421e+00,4.126619635308783174e+00,4.141314353752444610e+00,4.156259559729812203e+00,4.171456284770584944e+00,4.186911137025278506e+00,4.202626846820431084e+00,4.218606044131128385e+00,4.234847530022699758e+00,4.251421940853173709e+00,4.268445982667518734e+00,4.285754617757616458e+00,4.303337475739547280e+00,4.321482452322812584e+00,4.339978863967878908e+00,4.358887399602714652e+00,4.378395298109273526e+00,4.398337007463844373e+00,4.418909586913088994e+00,4.440164638511191697e+00,4.462031304814843224e+00,4.484674797166920079e+00,4.508316572885548545e+00,4.532968984071078289e+00,4.558818190639924772e+00,4.586257858636867191e+00,4.615396755567050313e+00,4.646950947968524481e+00,4.681732208417863639e+00,4.721453115653848620e+00,4.770902633098246248e+00,9.999872647963673700e+00,9.999899906722111709e+00,9.999900000771548392e+00,9.999900032265973238e+00,9.999900048040403888e+00,9.999900057513800178e+00,9.999900063833042196e+00,9.999900068348573257e+00,9.999900071736197660e+00,9.999900074371595338e+00,9.999900076480278344e+00,9.999900078205806508e+00,9.999900079643911255e+00,9.999900080860887996e+00,9.999900081904096183e+00,9.999900082808276025e+00,9.999900083599479572e+00,9.999900084297641101e+00,9.999900084918257548e+00,9.999900085473569789e+00,9.999900085973369102e+00,9.999900086425585144e+00,9.999900086836703395e+00,9.999900087212083122e+00,9.999900087556190087e+00,9.999900087872775956e+00,9.999900088165016854e+00,9.999900088435614620e+00,9.999900088686889177e+00,9.999900088920837149e+00,9.999900089139194037e+00,9.999900089343466192e+00,9.999900089534973446e+00,9.999900089714877538e+00,9.999900089884199872e+00,9.999900090043849943e+00,9.999900090194630664e+00,9.999900090337263237e+00,9.999900090472390701e+00,9.999900090600590374e+00,9.999900090722380952e+00,9.999900090838229616e+00,9.999900090948564468e+00,9.999900091053767426e+00,9.999900091154190207e+00,9.999900091250149003e+00,9.999900091341936914e+00,9.999900091429820392e+00,9.999900091514042799e+00,9.999900091594826179e+00,9.999900091672380142e+00,9.999900091746892983e+00,9.999900091818538783e+00,9.999900091887482745e+00,9.999900091953874082e+00,9.999900092017849573e+00,9.999900092079542446e+00,9.999900092139069940e+00,9.999900092196545742e+00
3.957293339499921014e+00,3.969773836760194019e+00,3.982484387549162452e+00,3.995329427167007452e+00,4.008319920762290600e+00,4.021468763013523073e+00,4.034787095958003000e+00,4.048287332599711519e+00,4.061981772806991131e+00,4.075890809502661583e+00,4.090046233173073809e+00,4.104409034526182332e+00,4.118988427573500921e+00,4.133789497494671394e+00,4.148836218851419844e+00,4.164178566079987043e+00,4.179793929552382714e+00,4.195682501423648070e+00,4.211850759993135185e+00,4.228296568180479831e+00,4.245019378429958579e+00,4.262071950615636595e+00,4.279634608222750103e+00,4.297495528659903918e+00,4.315638460040764457e+00,4.334428589683422928e+00,4.353552030594672217e+00,4.373202702407319009e+00,4.393393710797463214e+00,4.414200108233055531e+00,4.435521188278545246e+00,4.457775342264270968e+00,4.480755743533492819e+00,4.504613309787774078e+00,4.529528382079838877e+00,4.555695409280027697e+00,4.583314732949428816e+00,4.612667279543226861e+00,4.644628489930157755e+00,4.679797005640466523e+00,4.719847270834538477e+00,4.769963997198763295e+00,9.999872649235257427e+00,9.999899902259866025e+00,9.999899998524750089e+00,9.999900030764607095e+00,9.999900046913060336e+00,9.999900056611293664e+00,9.999900063080602308e+00,9.999900067703407558e+00,9.999900071171536453e+00,9.999900073869577355e+00,9.999900076028390927e+00,9.999900077794947606e+00,9.999900079267250774e+00,9.999900080513169698e+00,9.999900081581191813e+00,9.999900082506876231e+00,9.999900083316902055e+00,9.999900084031670744e+00,9.999900084667052269e+00,9.999900085235575276e+00,9.999900085747267298e+00,9.999900086210242733e+00,9.999900086631143381e+00,9.999900087015454631e+00,9.999900087367750601e+00,9.999900087691869999e+00,9.999900087991063558e+00,9.999900088268100617e+00,9.999900088525354391e+00,9.999900088764871242e+00,9.999900088988423974e+00,9.999900089197558017e+00,9.999900089393621627e+00,9.999900089577806739e+00,9.999900089751159626e+00,9.999900089914609325e+00,9.999900090068980063e+00,9.999900090215007253e+00,9.999900090353349924e+00,9.999900090484601378e+00,9.999900090609289194e+00,9.999900090727896540e+00,9.999900090840856848e+00,9.999900090948564468e+00,9.999900091051376450e+00,9.999900091149621417e+00,9.999900091243594247e+00,9.999900091333568497e+00,9.999900091419794634e+00,9.999900091502501809e+00,9.999900091581901407e+00,9.999900091658187051e+00,9.999900091731539931e+00,9.999900091802123470e+00,9.999900091870095764e+00,9.999900091935595370e+00,9.999900091998755514e+00,9.999900092059700540e+00
3.935668946717550742e+00,3.948037188532000474e+00,3.960608797907871459e+00,3.973435412154645352e+00,3.986391850680024884e+00,3.999489475851885967e+00,4.012742067913665167e+00,4.026163021796630659e+00,4.039765675400902367e+00,4.053617561307627959e+00,4.067705773454420637e+00,4.081993937911934545e+00,4.096492491126136670e+00,4.111211848787384326e+00,4.126161696854848238e+00,4.141351132584818906e+00,4.156785993569436677e+00,4.172480045484607381e+00,4.188477660967517835e+00,4.204836075962383291e+00,4.221494743954584017e+00,4.238449094197057399e+00,4.255702052899754229e+00,4.273251377984309762e+00,4.291369876497692637e+00,4.309844212528830987e+00,4.328613043082473411e+00,4.348060008237450980e+00,4.367877784168237021e+00,4.388312359656487693e+00,4.409256981385807350e+00,4.431001798593458219e+00,4.453319160952990075e+00,4.476479933533426880e+00,4.500671171608524368e+00,4.525884726046784934e+00,4.552295390557086208e+00,4.580127177004292172e+00,4.610076723103090579e+00,4.642117859998603713e+00,4.677704390699100934e+00,4.718418871607703124e+00,4.768956210170584242e+00,9.999872649082563569e+00,9.999899897800526460e+00,9.999899996278228897e+00,9.999900029263361745e+00,9.999900045785810931e+00,9.999900055708845770e+00,9.999900062328199724e+00,9.999900067058273834e+00,9.999900070606900115e+00,9.999900073367577136e+00,9.999900075576519498e+00,9.999900077384101138e+00,9.999900078890600952e+00,9.999900080165462057e+00,9.999900081258292772e+00,9.999900082205483542e+00,9.999900083034329867e+00,9.999900083765707492e+00,9.999900084415852319e+00,9.999900084997586092e+00,9.999900085521169046e+00,9.999900085994903876e+00,9.999900086425585144e+00,9.999900086818829692e+00,9.999900087179312891e+00,9.999900087510964042e+00,9.999900087817113814e+00,9.999900088100590168e+00,9.999900088363823158e+00,9.999900088608907112e+00,9.999900088837655687e+00,9.999900089051649843e+00,9.999900089252273361e+00,9.999900089440739492e+00,9.999900089618122934e+00,9.999900089785370483e+00,9.999900089943329462e+00,9.999900090092751270e+00,9.999900090234310923e+00,9.999900090368612382e+00,9.999900090496199212e+00,9.999900090617565240e+00,9.999900090733151004e+00,9.999900090843361511e+00,9.999900090948564468e+00,9.999900091049092055e+00,9.999900091145249803e+00,9.999900091237316602e+00,9.999900091325546470e+00,9.999900091410177438e+00,9.999900091491422671e+00,9.999900091569482896e+00,9.999900091644541078e+00,9.999900091716765971e+00,9.999900091786317446e+00,9.999900091853339390e+00,9.999900091917968581e+00
3.913687975584325240e+00,3.926051813586814987e+00,3.938506552004227945e+00,3.951226789398686545e+00,3.964159824379557051e+00,3.977216242933499402e+00,3.990409725889809245e+00,4.003755548057728042e+00,4.017269358106712041e+00,4.031074637244784320e+00,4.045096121285854274e+00,4.059306665343569875e+00,4.073719974637938002e+00,4.088348357705521963e+00,4.103203772754294043e+00,4.118297565099573454e+00,4.133640288255744366e+00,4.149240412003875278e+00,4.165109638912615431e+00,4.181251897192391098e+00,4.197671900465666184e+00,4.214384433675874675e+00,4.231567543297394707e+00,4.249084023757712103e+00,4.266915528072101615e+00,4.285054079276722661e+00,4.303696129654908553e+00,4.322847449730121028e+00,4.342303935618010868e+00,4.362445900921170683e+00,4.383028917865278373e+00,4.404304823780232248e+00,4.426095087378701720e+00,4.448848423941736741e+00,4.472298416548142086e+00,4.496636386759847781e+00,4.522064969043032789e+00,4.548813390019246228e+00,4.577141884449942744e+00,4.607278175489812000e+00,4.639785713246784127e+00,4.675605896566617403e+00,4.716893127844254074e+00,4.767874911287584894e+00,9.999872648694946520e+00,9.999899893339199153e+00,9.999899994032253048e+00,9.999900027762315347e+00,9.999900044658659226e+00,9.999900054806458272e+00,9.999900061575843324e+00,9.999900066413170308e+00,9.999900070042285094e+00,9.999900072865594680e+00,9.999900075124662280e+00,9.999900076973267105e+00,9.999900078513961788e+00,9.999900079817761522e+00,9.999900080935402613e+00,9.999900081904099736e+00,9.999900082751764785e+00,9.999900083499747794e+00,9.999900084164655922e+00,9.999900084759602237e+00,9.999900085295074348e+00,9.999900085779568570e+00,9.999900086220032236e+00,9.999900086622206530e+00,9.999900086990876957e+00,9.999900087330063414e+00,9.999900087643164071e+00,9.999900087933079718e+00,9.999900088202293702e+00,9.999900088452944757e+00,9.999900088686889177e+00,9.999900088905745221e+00,9.999900089110925094e+00,9.999900089303672246e+00,9.999900089485084465e+00,9.999900089656133417e+00,9.999900089817680637e+00,9.999900089970497064e+00,9.999900090115271922e+00,9.999900090252625162e+00,9.999900090383111007e+00,9.999900090507233941e+00,9.999900090625445159e+00,9.999900090738160330e+00,9.999900090845754264e+00,9.999900090948564468e+00,9.999900091046907136e+00,9.999900091141064706e+00,9.999900091231300081e+00,9.999900091317853068e+00,9.999900091400945712e+00,9.999900091480778741e+00,9.999900091557542225e+00,9.999900091631408472e+00,9.999900091702539129e+00,9.999900091771085187e+00
3.891341826646915081e+00,3.903715379546128350e+00,3.916156547872522431e+00,3.928694937090477346e+00,3.941611299896141229e+00,3.954634592005942473e+00,3.967774920621028656e+00,3.981048650179758397e+00,3.994473134744095599e+00,4.008248181245632757e+00,4.022198704165772298e+00,4.036326721347404778e+00,4.050648639569150333e+00,4.065175100070150371e+00,4.079923346506185489e+00,4.094906166226000899e+00,4.110137953803259414e+00,4.125628783851258419e+00,4.141390199651202586e+00,4.157434602863894213e+00,4.173770821921009677e+00,4.190403475536800926e+00,4.207338955687549564e+00,4.224580426857779791e+00,4.242132695578548329e+00,4.260206231618155925e+00,4.278680798246635497e+00,4.297486333110325241e+00,4.316650590440969992e+00,4.336551428838832933e+00,4.356778136533198342e+00,4.377658693522763933e+00,4.399098613493115373e+00,4.421286874656524368e+00,4.444016063704162356e+00,4.467870298272812235e+00,4.492581884059664077e+00,4.518341882566486944e+00,4.545381055861311914e+00,4.573944175921002220e+00,4.604277129032035454e+00,4.637348662346677308e+00,4.673629962255812842e+00,4.715242302740981550e+00,4.766733541330937740e+00,9.999872650454802780e+00,9.999899888883899024e+00,9.999899991786854514e+00,9.999900026261441255e+00,9.999900043531591010e+00,9.999900053904132946e+00,9.999900060823529557e+00,9.999900065768095203e+00,9.999900069477694942e+00,9.999900072363631764e+00,9.999900074672821049e+00,9.999900076562445506e+00,9.999900078137331505e+00,9.999900079470069869e+00,9.999900080612519560e+00,9.999900081602719482e+00,9.999900082469203255e+00,9.999900083233793424e+00,9.999900083913464854e+00,9.999900084521620158e+00,9.999900085068983202e+00,9.999900085564236818e+00,9.999900086014481104e+00,9.999900086425586920e+00,9.999900086802444577e+00,9.999900087149162786e+00,9.999900087469217880e+00,9.999900087765572820e+00,9.999900088040764246e+00,9.999900088296982403e+00,9.999900088536124443e+00,9.999900088759840600e+00,9.999900088969578604e+00,9.999900089166606776e+00,9.999900089352049548e+00,9.999900089526896352e+00,9.999900089692031813e+00,9.999900089848244633e+00,9.999900089996234698e+00,9.999900090136637942e+00,9.999900090270022801e+00,9.999900090396902641e+00,9.999900090517741091e+00,9.999900090632960925e+00,9.999900090742942282e+00,9.999900090848038658e+00,9.999900090948564468e+00,9.999900091044814587e+00,9.999900091137055469e+00,9.999900091225530474e+00,9.999900091310468753e+00,9.999900091392074586e+00,9.999900091470543373e+00,9.999900091546050973e+00,9.999900091618762588e+00
3.868621486192404646e+00,3.881017564033487410e+00,3.893456133004948416e+00,3.905949854025573043e+00,3.918734658947128136e+00,3.931730874862254144e+00,3.944822338561026154e+00,3.958024893730260008e+00,3.971385628076987473e+00,3.985116123642787223e+00,3.998993434966217730e+00,4.013034875718074268e+00,4.027254180290498198e+00,4.041668555209339431e+00,4.056294140589890240e+00,4.071148177670695034e+00,4.086252046388963777e+00,4.101657639394926669e+00,4.117308916620174841e+00,4.133219997585715788e+00,4.149394039199488127e+00,4.165886971965877983e+00,4.182730996163558146e+00,4.199904415170765404e+00,4.217407004704570639e+00,4.235239883788189275e+00,4.253407578995011207e+00,4.271904852590560964e+00,4.291018196039559029e+00,4.310565127795380036e+00,4.330440364812787379e+00,4.351015109614683851e+00,4.372099080309923558e+00,4.393776855569559991e+00,4.416171436412617446e+00,4.439367929702187965e+00,4.463236274628840761e+00,4.488212804426393809e+00,4.514330985484112269e+00,4.541684283446384640e+00,4.570516884075469299e+00,4.601355095479035207e+00,4.634738289838972847e+00,4.671511430953618316e+00,4.713495999984505858e+00,4.765513338680259281e+00,9.999872651488177056e+00,9.999899884427835062e+00,9.999899989541519929e+00,9.999900024760819406e+00,9.999900042404620493e+00,9.999900053001866240e+00,9.999900060071251318e+00,9.999900065123053849e+00,9.999900068913127882e+00,9.999900071861688389e+00,9.999900074220994028e+00,9.999900076151636341e+00,9.999900077760713657e+00,9.999900079122387098e+00,9.999900080289643611e+00,9.999900081301348109e+00,9.999900082186648831e+00,9.999900082967844384e+00,9.999900083662279116e+00,9.999900084283643409e+00,9.999900084842897385e+00,9.999900085348906842e+00,9.999900085808931749e+00,9.999900086228969087e+00,9.999900086614013972e+00,9.999900086968265711e+00,9.999900087295275242e+00,9.999900087598067699e+00,9.999900087879238342e+00,9.999900088141023602e+00,9.999900088385361485e+00,9.999900088613937754e+00,9.999900088828233891e+00,9.999900089029543082e+00,9.999900089219014632e+00,9.999900089397661063e+00,9.999900089566386541e+00,9.999900089725992203e+00,9.999900089877199250e+00,9.999900090020652499e+00,9.999900090156936372e+00,9.999900090286573118e+00,9.999900090410037024e+00,9.999900090527759744e+00,9.999900090640133854e+00,9.999900090747512849e+00,9.999900090850223577e+00,9.999900090948566245e+00,9.999900091042809080e+00,9.999900091133207880e+00,9.999900091219991793e+00,9.999900091303372207e+00,9.999900091383546297e+00,9.999900091460695251e+00
3.845630977252251892e+00,3.857947545275601797e+00,3.870393274313086440e+00,3.882866740709985720e+00,3.895515637370271289e+00,3.908490428502284786e+00,3.921535906716071551e+00,3.934668468196239388e+00,3.947989632428611895e+00,3.961661467747949139e+00,3.975461663411220314e+00,3.989405989537217589e+00,4.003511115022511113e+00,4.017798322401011646e+00,4.032388955248869422e+00,4.047257255449662416e+00,4.062336192267102852e+00,4.077641403916944185e+00,4.093188099303604943e+00,4.108991361705850665e+00,4.125064536661763093e+00,4.141419323042367928e+00,4.158070078084304733e+00,4.175026610279885197e+00,4.192294034222016741e+00,4.209877255677635155e+00,4.227848747658056183e+00,4.246343110320446534e+00,4.265200285848108841e+00,4.284413321283464526e+00,4.303969220436343335e+00,4.324321380874223131e+00,4.345054366450280092e+00,4.366289491697251002e+00,4.388346197156931083e+00,4.410902180120976901e+00,4.434363031248487630e+00,4.458688012079829122e+00,4.483859600958501446e+00,4.510131790811823471e+00,4.537786867595658968e+00,4.567081742363919616e+00,4.598394364427396575e+00,4.631965448624687731e+00,4.669257813763297627e+00,4.711645923665825464e+00,4.764221915216498182e+00,9.999872650399780127e+00,9.999899879973115802e+00,9.999899987296529957e+00,9.999900023260257953e+00,9.999900041277744123e+00,9.999900052099652825e+00,9.999900059319019263e+00,9.999900064478040917e+00,9.999900068348583915e+00,9.999900071359762777e+00,9.999900073769181219e+00,9.999900075740839611e+00,9.999900077384104691e+00,9.999900078774713208e+00,9.999900079966776545e+00,9.999900080999982066e+00,9.999900081904099736e+00,9.999900082701902448e+00,9.999900083411096929e+00,9.999900084045671989e+00,9.999900084616813345e+00,9.999900085133582195e+00,9.999900085603387723e+00,9.999900086032354807e+00,9.999900086425586920e+00,9.999900086787370412e+00,9.999900087121332604e+00,9.999900087430564355e+00,9.999900087717714214e+00,9.999900087985066577e+00,9.999900088234600304e+00,9.999900088468038462e+00,9.999900088686889177e+00,9.999900088892481165e+00,9.999900089085981492e+00,9.999900089268427550e+00,9.999900089440739492e+00,9.999900089603739772e+00,9.999900089758163801e+00,9.999900089904668832e+00,9.999900090043849943e+00,9.999900090176243594e+00,9.999900090302334732e+00,9.999900090422560339e+00,9.999900090537323649e+00,9.999900090646987039e+00,9.999900090751882686e+00,9.999900090852316126e+00,9.999900090948566245e+00,9.999900091040887062e+00,9.999900091129514834e+00,9.999900091214669828e+00,9.999900091296549220e+00
3.822359863247080991e+00,3.834494379288991617e+00,3.846955773476974372e+00,3.859414591270141859e+00,3.871940162767794291e+00,3.884897936876831714e+00,3.897898620916978363e+00,3.910958452818872999e+00,3.924253278854081817e+00,3.937864291451817156e+00,3.951579248977856285e+00,3.965416328255557676e+00,3.979395075288306050e+00,3.993728004005422161e+00,4.008304785682041071e+00,4.023063075652551390e+00,4.038019930779253031e+00,4.053194379488563648e+00,4.068604269801329387e+00,4.084267684763941197e+00,4.100202548538702807e+00,4.116425410971346288e+00,4.132951477073541824e+00,4.149794855339782984e+00,4.166967309608206271e+00,4.184477841555155564e+00,4.202338506264212015e+00,4.220546276785865913e+00,4.239110166229831833e+00,4.258021148656017552e+00,4.277501117647456219e+00,4.297523418159224562e+00,4.317913325116712997e+00,4.338794291611284493e+00,4.360497102721301310e+00,4.382514598416086926e+00,4.405613086537053746e+00,4.429153461830019900e+00,4.453808543257470554e+00,4.479412052263709754e+00,4.506064054508107652e+00,4.534053261894158027e+00,4.563671554457582324e+00,4.595240180806489327e+00,4.629142036243284686e+00,4.666867405087078424e+00,4.709718405167427235e+00,4.762926881293810588e+00,9.999872696339130229e+00,9.999899875522695325e+00,9.999899985051971640e+00,9.999900021759883018e+00,9.999900040150969005e+00,9.999900051197503359e+00,9.999900058566829841e+00,9.999900063833059960e+00,9.999900067784063040e+00,9.999900070857854928e+00,9.999900073317384397e+00,9.999900075330055316e+00,9.999900077007506383e+00,9.999900078427049976e+00,9.999900079643916584e+00,9.999900080698623128e+00,9.999900081621557746e+00,9.999900082435964066e+00,9.999900083159920072e+00,9.999900083807702345e+00,9.999900084390734634e+00,9.999900084918259324e+00,9.999900085397845473e+00,9.999900085835744079e+00,9.999900086237161645e+00,9.999900086606478666e+00,9.999900086947393518e+00,9.999900087263062787e+00,9.999900087556191863e+00,9.999900087829111328e+00,9.999900088083839123e+00,9.999900088322139169e+00,9.999900088545548016e+00,9.999900088755421024e+00,9.999900088952950128e+00,9.999900089139195813e+00,9.999900089315095997e+00,9.999900089481490895e+00,9.999900089639128353e+00,9.999900089788685165e+00,9.999900089930765290e+00,9.999900090065915848e+00,9.999900090194632440e+00,9.999900090317362711e+00,9.999900090434515221e+00,9.999900090546463005e+00,9.999900090653543572e+00,9.999900090756067783e+00,9.999900090854321633e+00,9.999900090948566245e+00,9.999900091039039651e+00,9.999900091125967450e+00
3.798679441659037703e+00,3.810648189772059435e+00,3.823129757875871171e+00,3.835578599272442268e+00,3.848007904342484409e+00,3.860937141421123098e+00,3.873892701930477855e+00,3.886874627460627618e+00,3.900160754638280380e+00,3.913702897890277033e+00,3.927322947452700941e+00,3.941038941061307366e+00,3.955041846485659818e+00,3.969360081640901594e+00,3.983821274522666656e+00,3.998445474771014752e+00,4.013251890741613259e+00,4.028265708641749931e+00,4.043607592967730646e+00,4.059258557880954577e+00,4.075146969230893923e+00,4.091289992575102730e+00,4.107704214807356813e+00,4.124405438764537024e+00,4.141408169469789513e+00,4.158725255318797664e+00,4.176367741846237713e+00,4.194341348880484155e+00,4.212663116281857079e+00,4.231555134032709553e+00,4.250862508065591072e+00,4.270553262125801552e+00,4.290618463412537942e+00,4.311241204403046368e+00,4.332586923938129608e+00,4.354279977655759026e+00,4.376838148391704486e+00,4.399952467007356205e+00,4.424016917248743574e+00,4.448691683259303531e+00,4.474670785859464317e+00,4.501737228976533167e+00,4.530094005594272666e+00,4.560044242147288429e+00,4.591892343972816093e+00,4.626448714952219099e+00,4.664344933965319129e+00,4.707942055421829863e+00,4.761772775568092975e+00,9.999872645110009728e+00,9.999899871064318546e+00,9.999899982808022614e+00,9.999900020259715916e+00,9.999900039024286258e+00,9.999900050295423171e+00,9.999900057814677723e+00,9.999900063188109200e+00,9.999900067219567035e+00,9.999900070355964843e+00,9.999900072865601786e+00,9.999900074919283455e+00,9.999900076630918733e+00,9.999900078079393850e+00,9.999900079321065505e+00,9.999900080397271296e+00,9.999900081339021085e+00,9.999900082170029236e+00,9.999900082908746768e+00,9.999900083569738030e+00,9.999900084164657699e+00,9.999900084702941783e+00,9.999900085192306776e+00,9.999900085639135128e+00,9.999900086048739922e+00,9.999900086425588697e+00,9.999900086773456209e+00,9.999900087095564771e+00,9.999900087394671289e+00,9.999900087673156079e+00,9.999900087933081494e+00,9.999900088176241653e+00,9.999900088404206855e+00,9.999900088618360883e+00,9.999900088819920541e+00,9.999900089009964077e+00,9.999900089189452501e+00,9.999900089359242017e+00,9.999900089520096458e+00,9.999900089672703274e+00,9.999900089817680637e+00,9.999900089955589877e+00,9.999900090086931925e+00,9.999900090212165082e+00,9.999900090331708569e+00,9.999900090445938972e+00,9.999900090555204457e+00,9.999900090659821217e+00,9.999900090760078797e+00,9.999900090856245427e+00,9.999900090948566245e+00
3.774577056008737053e+00,3.786540069455522239e+00,3.798901098225958339e+00,3.811342553173122649e+00,3.823723081815570080e+00,3.836590508001385569e+00,3.849497941527821432e+00,3.862396885661667945e+00,3.875688665980710823e+00,3.889154194287930189e+00,3.902666427797352622e+00,3.916276498797545802e+00,3.930377596469301515e+00,3.944580027115036192e+00,3.958901813974069928e+00,3.973364666420375446e+00,3.988124193119896521e+00,4.003234975051208622e+00,4.018532934720740357e+00,4.034041276167190659e+00,4.049776207839116182e+00,4.065763787988423417e+00,4.082021667916376551e+00,4.098570090698057555e+00,4.115429457588201778e+00,4.132617129104802167e+00,4.150148396296667208e+00,4.168035749893057584e+00,4.186295226503931488e+00,4.204928783701991080e+00,4.223941331156922274e+00,4.243334425014333888e+00,4.263106146023898368e+00,4.283577919695800595e+00,4.304570099204439337e+00,4.325943486352000100e+00,4.348026065982115718e+00,4.370829985043524601e+00,4.394171833691237872e+00,4.418542040054146192e+00,4.443703472709953139e+00,4.469701527144584574e+00,4.497140919748120247e+00,4.525896379418324678e+00,4.556196620358327287e+00,4.588394025928163700e+00,4.623589564795665297e+00,4.661928691446692419e+00,4.706119749403432806e+00,4.760619331989408565e+00,9.999872726395730993e+00,9.999899866624025080e+00,9.999899980563849766e+00,9.999900018759685594e+00,9.999900037897690552e+00,9.999900049393394497e+00,9.999900057062571790e+00,9.999900062543188639e+00,9.999900066655094122e+00,9.999900069854096074e+00,9.999900072413835161e+00,9.999900074508524028e+00,9.999900076254341741e+00,9.999900077731746606e+00,9.999900078998219755e+00,9.999900080095924793e+00,9.999900081056489753e+00,9.999900081904101512e+00,9.999900082657578793e+00,9.999900083331779044e+00,9.999900083938586093e+00,9.999900084487626017e+00,9.999900084986771631e+00,9.999900085442529729e+00,9.999900085860319976e+00,9.999900086244700503e+00,9.999900086599520677e+00,9.999900086928066756e+00,9.999900087233152490e+00,9.999900087517204383e+00,9.999900087782325642e+00,9.999900088030344136e+00,9.999900088262867470e+00,9.999900088481302518e+00,9.999900088686890953e+00,9.999900088880734117e+00,9.999900089063810782e+00,9.999900089236993139e+00,9.999900089401062786e+00,9.999900089556721383e+00,9.999900089704597761e+00,9.999900089845263906e+00,9.999900089979231410e+00,9.999900090106969230e+00,9.999900090228901917e+00,9.999900090345416714e+00,9.999900090456865343e+00,9.999900090563572874e+00,9.999900090665835961e+00,9.999900090763924609e+00
3.750038994403947168e+00,3.762010199388207354e+00,3.774254310881032026e+00,3.786689776358344695e+00,3.799021471696926167e+00,3.811839540169625895e+00,3.824693565887871571e+00,3.837498664394875192e+00,3.850814980907160123e+00,3.864192255619081084e+00,3.877579765705327919e+00,3.891293516203950364e+00,3.905287870740755451e+00,3.919352127900350702e+00,3.933505059854697006e+00,3.948024421356860270e+00,3.962836164778510639e+00,3.977794569641340150e+00,3.992921365839857906e+00,4.008240192118173617e+00,4.023786523346919886e+00,4.039783502560558404e+00,4.056022800717713928e+00,4.072517712482389030e+00,4.089287498799593301e+00,4.106350060652561140e+00,4.123726476846559130e+00,4.141431815134954064e+00,4.159482157594580620e+00,4.177885986953934427e+00,4.196654202424899616e+00,4.215793674581144401e+00,4.235488392522301915e+00,4.255735029559200910e+00,4.276392340186742302e+00,4.297449696312724221e+00,4.319140645337064655e+00,4.341613383342296295e+00,4.364448107179518033e+00,4.388369059194104693e+00,4.412746099608159334e+00,4.438419262197492721e+00,4.464871375977594425e+00,4.492400632113942471e+00,4.521474051275884420e+00,4.552168100144237783e+00,4.585031849604059850e+00,4.620564315934143629e+00,4.659517046098560655e+00,4.704212787554494568e+00,4.759378871906127628e+00,9.999872653044128867e+00,9.999899862166209630e+00,9.999899978320897276e+00,9.999900017259813367e+00,9.999900036771194323e+00,9.999900048491426219e+00,9.999900056310504937e+00,9.999900061898300052e+00,9.999900066090644302e+00,9.999900069352243293e+00,9.999900071962082748e+00,9.999900074097775260e+00,9.999900075877775407e+00,9.999900077384108243e+00,9.999900078675382886e+00,9.999900079794587171e+00,9.999900080773963751e+00,9.999900081638179117e+00,9.999900082406416146e+00,9.999900083093823611e+00,9.999900083712518040e+00,9.999900084272313805e+00,9.999900084781240039e+00,9.999900085245926107e+00,9.999900085671903582e+00,9.999900086063814086e+00,9.999900086425588697e+00,9.999900086760572293e+00,9.999900087071637245e+00,9.999900087361254464e+00,9.999900087631569789e+00,9.999900087884450173e+00,9.999900088121529862e+00,9.999900088344245930e+00,9.999900088553863142e+00,9.999900088751504157e+00,9.999900088938169063e+00,9.999900089114746038e+00,9.999900089282032667e+00,9.999900089440741269e+00,9.999900089591516661e+00,9.999900089734937936e+00,9.999900089871530895e+00,9.999900090001773378e+00,9.999900090126095265e+00,9.999900090244894457e+00,9.999900090358528004e+00,9.999900090467328084e+00,9.999900090571594902e+00
3.725050407017985066e+00,3.737030816295900948e+00,3.749173408866464552e+00,3.761600773083121574e+00,3.773879097298632690e+00,3.786663802284679470e+00,3.799456487097168100e+00,3.812200241428896685e+00,3.825516547657881627e+00,3.838790299321394706e+00,3.852039042238899480e+00,3.865873843378086594e+00,3.879739038203604107e+00,3.893636875310201084e+00,3.907837045566205258e+00,3.922384631851143499e+00,3.937031411596393138e+00,3.951795036793999572e+00,3.966746857556410433e+00,3.982201617462461485e+00,3.997834030918383075e+00,4.013665477894120315e+00,4.029720781051015166e+00,4.046024824804175246e+00,4.062601944299287560e+00,4.079475446051972654e+00,4.096680811385411403e+00,4.114223673203579956e+00,4.132129193973550940e+00,4.150418031222776527e+00,4.169097890591460853e+00,4.188197450406589084e+00,4.207711344858805269e+00,4.227641509725590829e+00,4.247991610760524672e+00,4.268745327761434005e+00,4.290138471407858312e+00,4.312273580385764582e+00,4.334808021065607697e+00,4.358100448140172389e+00,4.382217017805694503e+00,4.407023947738096581e+00,4.432831441065406608e+00,4.459776294608645664e+00,4.487752778940659049e+00,4.517103566612350463e+00,4.548230191436362091e+00,4.581541775366885894e+00,4.617390822358953706e+00,4.656966423612908024e+00,4.702196150155312893e+00,4.758089524316591046e+00,9.999872654568989105e+00,9.999899857730934372e+00,9.999899976077859520e+00,9.999900015760051275e+00,9.999900035644786911e+00,9.999900047589516561e+00,9.999900055558480716e+00,9.999900061253439887e+00,9.999900065526217574e+00,9.999900068850410051e+00,9.999900071510346322e+00,9.999900073687040702e+00,9.999900075501217955e+00,9.999900077036478763e+00,9.999900078352553123e+00,9.999900079493254879e+00,9.999900080491444854e+00,9.999900081372262051e+00,9.999900082155257053e+00,9.999900082855871730e+00,9.999900083486453539e+00,9.999900084057005145e+00,9.999900084575710224e+00,9.999900085049326037e+00,9.999900085483488965e+00,9.999900085882931222e+00,9.999900086251658493e+00,9.999900086593079607e+00,9.999900086910121999e+00,9.999900087205306320e+00,9.999900087480817490e+00,9.999900087738557986e+00,9.999900087980194030e+00,9.999900088207189341e+00,9.999900088420835331e+00,9.999900088622277750e+00,9.999900088812529120e+00,9.999900088992500713e+00,9.999900089163002548e+00,9.999900089324761154e+00,9.999900089478435561e+00,9.999900089624613742e+00,9.999900089763832156e+00,9.999900089896577526e+00,9.999900090023290389e+00,9.999900090144372200e+00,9.999900090260190666e+00,9.999900090371081518e+00
3.699595140392770709e+00,3.711583328272928473e+00,3.723639953530998969e+00,3.736055707735001175e+00,3.748271949528739544e+00,3.761041179438077808e+00,3.773760811937629356e+00,3.786523388376488608e+00,3.799764453150332066e+00,3.812915193766877042e+00,3.826252621322534075e+00,3.839985612579413399e+00,3.853692399100301369e+00,3.867505452607879590e+00,3.881840629556779998e+00,3.896217245746323776e+00,3.910654567382627622e+00,3.925408806887738411e+00,3.940545769614103300e+00,3.955810907462174786e+00,3.971228490220428675e+00,3.986823305333285994e+00,4.002793084948065960e+00,4.019144171542267330e+00,4.035726394555819496e+00,4.052566030667805741e+00,4.069687195958691106e+00,4.087114088863190275e+00,4.104869638343967786e+00,4.122975139936964517e+00,4.141449483458263359e+00,4.160308846216689282e+00,4.179563108236952651e+00,4.199225267748885493e+00,4.219299514715388888e+00,4.239784534480918410e+00,4.260983672944559153e+00,4.282776284823317070e+00,4.305001497307777925e+00,4.327724355367870146e+00,4.351544233319892818e+00,4.375720118477908649e+00,4.401094253035058301e+00,4.426967426888453794e+00,4.454402894821321013e+00,4.482851378891424154e+00,4.512646734554261130e+00,4.544184600670117646e+00,4.577864963301323087e+00,4.614059702491946524e+00,4.654281996002062272e+00,4.700078797739971392e+00,4.756721700733191227e+00,9.999872651325631523e+00,9.999899853275243444e+00,9.999899973834974531e+00,9.999900014260406422e+00,9.999900034518471870e+00,9.999900046687647759e+00,9.999900054806492022e+00,9.999900060608609920e+00,9.999900064961810386e+00,9.999900068348594573e+00,9.999900071058624107e+00,9.999900073276318579e+00,9.999900075124672938e+00,9.999900076688859940e+00,9.999900078029732242e+00,9.999900079191929692e+00,9.999900080208931286e+00,9.999900081106350314e+00,9.999900081904103288e+00,9.999900082617923402e+00,9.999900083260392591e+00,9.999900083841700038e+00,9.999900084370183961e+00,9.999900084852729520e+00,9.999900085295077901e+00,9.999900085702051911e+00,9.999900086077730066e+00,9.999900086425588697e+00,9.999900086748610306e+00,9.999900087049359954e+00,9.999900087330065190e+00,9.999900087592665798e+00,9.999900087838859974e+00,9.999900088070134530e+00,9.999900088287811073e+00,9.999900088493051342e+00,9.999900088686890953e+00,9.999900088870257164e+00,9.999900089043972429e+00,9.999900089208782816e+00,9.999900089365354461e+00,9.999900089514289547e+00,9.999900089656135194e+00,9.999900089791383451e+00,9.999900089920485513e+00,9.999900090043851719e+00,9.999900090161855104e+00
3.673655460794865935e+00,3.685647398222828386e+00,3.697634540062170849e+00,3.710032151675143552e+00,3.722173027195014416e+00,3.734947237988779811e+00,3.747578909661503754e+00,3.760381760389381434e+00,3.773528869516431961e+00,3.786531056203248369e+00,3.799996519558117125e+00,3.813588181893003526e+00,3.827102375721308292e+00,3.841138441281427784e+00,3.855303128855809280e+00,3.869462641321908425e+00,3.883940844556924343e+00,3.898793464403004450e+00,3.913715898084267675e+00,3.928731873422281584e+00,3.944108575695089769e+00,3.959874680597986085e+00,3.975807751283402691e+00,3.991929630044532384e+00,4.008268536737658039e+00,4.024860559250370784e+00,4.041859545041234902e+00,4.059242832024529513e+00,4.076916762471642919e+00,4.094905990515374405e+00,4.113231298334829589e+00,4.131912179254537243e+00,4.150965849601761626e+00,4.170406513680508631e+00,4.190243745754489879e+00,4.210603969236526467e+00,4.231605457099018253e+00,4.253073808285102508e+00,4.274988501248151884e+00,4.297335531133976261e+00,4.320706234176248550e+00,4.344624813000306673e+00,4.369152390017825738e+00,4.394848815954493837e+00,4.421242384699490380e+00,4.448753788453053026e+00,4.477701058552640667e+00,4.507954075848436659e+00,4.539917711564397607e+00,4.574005158734428811e+00,4.610570211513413952e+00,4.651467093188428770e+00,4.697854597610747973e+00,4.755287388695453643e+00,9.999872657249030183e+00,9.999899848831200089e+00,9.999899971592164150e+00,9.999900012761111512e+00,9.999900033392220777e+00,9.999900045785874880e+00,9.999900054054554843e+00,9.999900059963813703e+00,9.999900064397433397e+00,9.999900067846798635e+00,9.999900070606916103e+00,9.999900072865608891e+00,9.999900074748136802e+00,9.999900076341248223e+00,9.999900077706918466e+00,9.999900078890609834e+00,9.999900079926424823e+00,9.999900080840442129e+00,9.999900081652954853e+00,9.999900082379980404e+00,9.999900083034335196e+00,9.999900083626398484e+00,9.999900084164661251e+00,9.999900084656134780e+00,9.999900085106668612e+00,9.999900085521172599e+00,9.999900085903803415e+00,9.999900086258099563e+00,9.999900086587098613e+00,9.999900086893413587e+00,9.999900087179314667e+00,9.999900087446777164e+00,9.999900087697525919e+00,9.999900087933083270e+00,9.999900088154786815e+00,9.999900088363824935e+00,9.999900088561254563e+00,9.999900088748013616e+00,9.999900088924944086e+00,9.999900089092806255e+00,9.999900089252275137e+00,9.999900089403967129e+00,9.999900089548438231e+00,9.999900089686189375e+00,9.999900089817682414e+00,9.999900089943331238e+00
3.647211923225428087e+00,3.659200461218088840e+00,3.671135640526841826e+00,3.683504754787035651e+00,3.695574054790801366e+00,3.708354818104835804e+00,3.720878923291099927e+00,3.733745550418427595e+00,3.746775366701418530e+00,3.759666698881950264e+00,3.773224016647787948e+00,3.786640457200975085e+00,3.800198418044907545e+00,3.814220029998985684e+00,3.828169321748765785e+00,3.842295465351998729e+00,3.856911287101487229e+00,3.871531682155902487e+00,3.886178265366539097e+00,3.901415189547618123e+00,3.916823243436364788e+00,3.932336041503609270e+00,3.947982374098457203e+00,3.964047334082867913e+00,3.980496099364441598e+00,3.997152892136486280e+00,4.014040184664000144e+00,4.031189523683549325e+00,4.048629650026930982e+00,4.066396971086163603e+00,4.084511479698404557e+00,4.103015478518471149e+00,4.121918543857536754e+00,4.141243663547308884e+00,4.161017549064070842e+00,4.181247354093818203e+00,4.201943387010377506e+00,4.223101206280855280e+00,4.244721477632220186e+00,4.266782145399148796e+00,4.289690240297032275e+00,4.313315102022103886e+00,4.337348465228246575e+00,4.362487432390898867e+00,4.388286930503769945e+00,4.415234545231429664e+00,4.442882963834705379e+00,4.472296746087096153e+00,4.503032386903193185e+00,4.535450424565432570e+00,4.569955803352722334e+00,4.607042415902441235e+00,4.648519600737484936e+00,4.695536207347005941e+00,4.753786734095858613e+00,9.999872658542427573e+00,9.999899844393675963e+00,9.999899969350613205e+00,9.999900011261956934e+00,9.999900032266090477e+00,9.999900044884139305e+00,9.999900053302647862e+00,9.999900059319042356e+00,9.999900063833075947e+00,9.999900067345020460e+00,9.999900070155224086e+00,9.999900072454911637e+00,9.999900074371611325e+00,9.999900075993645387e+00,9.999900077384111796e+00,9.999900078589297081e+00,9.999900079643921913e+00,9.999900080574541050e+00,9.999900081401809970e+00,9.999900082142040958e+00,9.999900082808283130e+00,9.999900083411100482e+00,9.999900083959140318e+00,9.999900084459543592e+00,9.999900084918262877e+00,9.999900085340296840e+00,9.999900085729880317e+00,9.999900086090613982e+00,9.999900086425590473e+00,9.999900086737470772e+00,9.999900087028567697e+00,9.999900087300888529e+00,9.999900087556193640e+00,9.999900087796032011e+00,9.999900088021764333e+00,9.999900088234602080e+00,9.999900088435618173e+00,9.999900088625770067e+00,9.999900088805917520e+00,9.999900088976829693e+00,9.999900089139197590e+00,9.999900089293646488e+00,9.999900089440741269e+00,9.999900089580997076e+00,9.999900089714879314e+00
3.620242983395907999e+00,3.632217366361239819e+00,3.644119412211208164e+00,3.656445942589708231e+00,3.668513054462726686e+00,3.681233444552740597e+00,3.693623395835766487e+00,3.706580854557627536e+00,3.719464192241626943e+00,3.732481486793789660e+00,3.745890702677471484e+00,3.759090494857515452e+00,3.772878992093556150e+00,3.786695586810942427e+00,3.800404953732409385e+00,3.814845142769551334e+00,3.829220056637723690e+00,3.843547806285213309e+00,3.858556823413089809e+00,3.873633494438178726e+00,3.888743329283845807e+00,3.904124718753560597e+00,3.920022125489272646e+00,3.936035451666017870e+00,3.952195922005161677e+00,3.968533215974205941e+00,3.985347695809194235e+00,4.002547409011278035e+00,4.019993248429026167e+00,4.037716081619427300e+00,4.055747094773973771e+00,4.074115833787008256e+00,4.092850736359027408e+00,4.111978012984375042e+00,4.131520734719146937e+00,4.151495505890382631e+00,4.171923257472005986e+00,4.192802521236838054e+00,4.214145280197113763e+00,4.235937348872718999e+00,4.258453517014236134e+00,4.281768981342028546e+00,4.305543596137895612e+00,4.329878986001268970e+00,4.355478241149215002e+00,4.381423148703034620e+00,4.408924270708848070e+00,4.437097409790307978e+00,4.466638745983369851e+00,4.497877037289404356e+00,4.530764866227524834e+00,4.565735636222961524e+00,4.603543646055667793e+00,4.645436588022978874e+00,4.693124092176074846e+00,4.752217811047197316e+00,9.999872659843600076e+00,9.999899839952590241e+00,9.999899967108893506e+00,9.999900009762967557e+00,9.999900031140093404e+00,9.999900043982462350e+00,9.999900052550794172e+00,9.999900058674306536e+00,9.999900063268743367e+00,9.999900066843260049e+00,9.999900069703546279e+00,9.999900072044225041e+00,9.999900073995096506e+00,9.999900075646051434e+00,9.999900077061314008e+00,9.999900078287991434e+00,9.999900079361426108e+00,9.999900080308643524e+00,9.999900081150670417e+00,9.999900081904105065e+00,9.999900082582232841e+00,9.999900083195806033e+00,9.999900083753622937e+00,9.999900084262954181e+00,9.999900084729858918e+00,9.999900085159424634e+00,9.999900085555958995e+00,9.999900085923128401e+00,9.999900086264082333e+00,9.999900086581529735e+00,9.999900086877820726e+00,9.999900087155001671e+00,9.999900087414863137e+00,9.999900087658980752e+00,9.999900087888743627e+00,9.999900088105379226e+00,9.999900088309981783e+00,9.999900088503530071e+00,9.999900088686892730e+00,9.999900088860853131e+00,9.999900089026120042e+00,9.999900089183325846e+00,9.999900089333046083e+00,9.999900089475806553e+00
3.592724578342150643e+00,3.604669845273686057e+00,3.616559259864756459e+00,3.628824316715010490e+00,3.640915901371809316e+00,3.653548619701580069e+00,3.665808819741152025e+00,3.678850442062487680e+00,3.691551526918596338e+00,3.704729660791858503e+00,3.717948342437773945e+00,3.731177854088157719e+00,3.744946590063151781e+00,3.758501271987706893e+00,3.772520602006684154e+00,3.786721226705970444e+00,3.800786509212157771e+00,3.815492322946931747e+00,3.830284652192920358e+00,3.845030580598368886e+00,3.860271931371814347e+00,3.875803647683171427e+00,3.891381139062996652e+00,3.907037983323256025e+00,3.923351613395815285e+00,3.939872237557506818e+00,3.956556074882724872e+00,3.973434684118131610e+00,3.990550867810244373e+00,4.008161712764579221e+00,4.026180850298726632e+00,4.044492524160767211e+00,4.063127166046212047e+00,4.082119605133626372e+00,4.101490726647941898e+00,4.121263364919804495e+00,4.141465767428245570e+00,4.162106487523185905e+00,4.183197710288435012e+00,4.204744185170643966e+00,4.226966277682047135e+00,4.249963877347009422e+00,4.273452147415899738e+00,4.297397632787423483e+00,4.322362939732398601e+00,4.348131985983186176e+00,4.374544224173937401e+00,4.402316203075464784e+00,4.431032031746516608e+00,4.460768936022010855e+00,4.492486694979957562e+00,4.525880795481652008e+00,4.561333736326283805e+00,4.599885461204703319e+00,4.642233904300548275e+00,4.690597889945548715e+00,4.750583264931102612e+00,9.999872659850304046e+00,9.999899835510635882e+00,9.999899964867756452e+00,9.999900008264095419e+00,9.999900030014156727e+00,9.999900043080844014e+00,9.999900051798963574e+00,9.999900058029595584e+00,9.999900062704432102e+00,9.999900066341520954e+00,9.999900069251884460e+00,9.999900071633552656e+00,9.999900073618592344e+00,9.999900075298466362e+00,9.999900076738523325e+00,9.999900077986692892e+00,9.999900079078935633e+00,9.999900080042753103e+00,9.999900080899534416e+00,9.999900081666174501e+00,9.999900082356187880e+00,9.999900082980515137e+00,9.999900083548109109e+00,9.999900084066368322e+00,9.999900084541456735e+00,9.999900084978552428e+00,9.999900085382037673e+00,9.999900085755646373e+00,9.999900086102577745e+00,9.999900086425590473e+00,9.999900086727075532e+00,9.999900087009116589e+00,9.999900087273534410e+00,9.999900087521933045e+00,9.999900087755722922e+00,9.999900087976156371e+00,9.999900088184348945e+00,9.999900088381288299e+00,9.999900088567866163e+00,9.999900088744878346e+00,9.999900088913042495e+00,9.999900089073005205e+00,9.999900089225352673e+00
3.564629775982830484e+00,3.576525853633445440e+00,3.588425081350587131e+00,3.600604149064316584e+00,3.612744972561732215e+00,3.625260768995993477e+00,3.637607157147431103e+00,3.650510883288621056e+00,3.663025863570342988e+00,3.676361284264070939e+00,3.689339198447355805e+00,3.702810292367311185e+00,3.716336601725217292e+00,3.729846544538536257e+00,3.743954606027620979e+00,3.757841377062922650e+00,3.772163097288038003e+00,3.786733644401960586e+00,3.801169092908964764e+00,3.816181536009671582e+00,3.831384859619903160e+00,3.846546163978019184e+00,3.862085073555166836e+00,3.878070898727182136e+00,3.894116231239208581e+00,3.910251084616604089e+00,3.926849734154000071e+00,3.943882679491613530e+00,3.961102420922127720e+00,3.978537248672746607e+00,3.996226168985538507e+00,4.014209754941256314e+00,4.032657441250919739e+00,4.051573460755713008e+00,4.070832749119343674e+00,4.090463572122043701e+00,4.110490060272091739e+00,4.130933953794879265e+00,4.151806830694184214e+00,4.173142581475517865e+00,4.195175156769744618e+00,4.217849074437681089e+00,4.241043760801932905e+00,4.264736704867942763e+00,4.288950362933269922e+00,4.314481184267541458e+00,4.340445644571444994e+00,4.367439680931771484e+00,4.395410409276120589e+00,4.424674563331848276e+00,4.454923092508154880e+00,4.486870832768174111e+00,4.520784789565356121e+00,4.556752684058026581e+00,4.596051695137328252e+00,4.638893754445460260e+00,4.687985196375337615e+00,4.748879006052398211e+00,9.999872662552620639e+00,9.999899831079780199e+00,9.999899962627535999e+00,9.999900006765413352e+00,9.999900028888314196e+00,9.999900042179293180e+00,9.999900051047188043e+00,9.999900057384929042e+00,9.999900062140147483e+00,9.999900065839797847e+00,9.999900068800238628e+00,9.999900071222892706e+00,9.999900073242098841e+00,9.999900074950890172e+00,9.999900076415739747e+00,9.999900077685401456e+00,9.999900078796452263e+00,9.999900079776866235e+00,9.999900080648403744e+00,9.999900081428247489e+00,9.999900082130146473e+00,9.999900082765227793e+00,9.999900083342598833e+00,9.999900083869786016e+00,9.999900084353058105e+00,9.999900084797685551e+00,9.999900085208121681e+00,9.999900085588166121e+00,9.999900085941074934e+00,9.999900086269652988e+00,9.999900086576332114e+00,9.999900086863233284e+00,9.999900087132207460e+00,9.999900087384885339e+00,9.999900087622703992e+00,9.999900087846937069e+00,9.999900088058716108e+00,9.999900088259050079e+00,9.999900088448843150e+00,9.999900088628905337e+00,9.999900088799966724e+00,9.999900088962686340e+00
3.535928062074386702e+00,3.547748727274710134e+00,3.559683396985675596e+00,3.571744357700094241e+00,3.583962445181791523e+00,3.596324063831601414e+00,3.608790999324011484e+00,3.621510907012598146e+00,3.634186634898935342e+00,3.647321132480010775e+00,3.660160980090725769e+00,3.673759088680877749e+00,3.686974926708015410e+00,3.700820722181116018e+00,3.714623922582580118e+00,3.728491533163146077e+00,3.742916048171891941e+00,3.757112280770631862e+00,3.771813827585519530e+00,3.786739520246673596e+00,3.801529449442299313e+00,3.816929465311839298e+00,3.832535128235212252e+00,3.848107074561028185e+00,3.864017504152954086e+00,3.880458552541485417e+00,3.896975094215751501e+00,3.913598533082065067e+00,3.930545935902773458e+00,3.948106470908366195e+00,3.965872545714157926e+00,3.983878497145733277e+00,4.002163421075021432e+00,4.020766703221330118e+00,4.039726736948894725e+00,4.059100364186072341e+00,4.078920230401694269e+00,4.099208022675340679e+00,4.119933809556764359e+00,4.141207325497964220e+00,4.163026455873010789e+00,4.185385405993823582e+00,4.208287257212766086e+00,4.231705066511493918e+00,4.255629334865108859e+00,4.280450642367114256e+00,4.306224662653995061e+00,4.332416755255873220e+00,4.360000176466463095e+00,4.388200405496576195e+00,4.418029079098976908e+00,4.448814077397643452e+00,4.481074004067920669e+00,4.515469152128557262e+00,4.552092639346682290e+00,4.592051132987825746e+00,4.635421544330236010e+00,4.685259666127092437e+00,4.747104354029484163e+00,9.999872662645836741e+00,9.999899826637795641e+00,9.999899960386899878e+00,9.999900005266816549e+00,9.999900027762468113e+00,9.999900041277802742e+00,9.999900050295453369e+00,9.999900056740283816e+00,9.999900061575884180e+00,9.999900065338094279e+00,9.999900068348607007e+00,9.999900070812245190e+00,9.999900072865615996e+00,9.999900074603324640e+00,9.999900076092963275e+00,9.999900077384115349e+00,9.999900078513974222e+00,9.999900079510984696e+00,9.999900080397278401e+00,9.999900081190325807e+00,9.999900081904106841e+00,9.999900082549942226e+00,9.999900083137092111e+00,9.999900083673205486e+00,9.999900084164663028e+00,9.999900084616818674e+00,9.999900085034205688e+00,9.999900085420687645e+00,9.999900085779573899e+00,9.999900086113717279e+00,9.999900086425590473e+00,9.999900086717351755e+00,9.999900086990882286e+00,9.999900087247839409e+00,9.999900087489686840e+00,9.999900087717717767e+00,9.999900087933083270e+00,9.999900088136811860e+00,9.999900088329820136e+00,9.999900088512932328e+00,9.999900088686892730e+00
3.506584724974621814e+00,3.518296096139696960e+00,3.530294714069699413e+00,3.542196922390949521e+00,3.554525467867745370e+00,3.566684789664015032e+00,3.579309256979031684e+00,3.591791996538860499e+00,3.604673158624339901e+00,3.617542436730782462e+00,3.630634713382880907e+00,3.643952001972297516e+00,3.657203637839449684e+00,3.671022637746167216e+00,3.684436717524274485e+00,3.698746842032732296e+00,3.712791374129974731e+00,3.727104189179663685e+00,3.741820601592838358e+00,3.756298176417649959e+00,3.771474890959681581e+00,3.786735761146102774e+00,3.801860032101342490e+00,3.817741535118250429e+00,3.833742279319239721e+00,3.849720529229395893e+00,3.866084502419893099e+00,3.882984620112510221e+00,3.899978061791506523e+00,3.917099460208933071e+00,3.934468198246408033e+00,3.952570818413702725e+00,3.970902314873165029e+00,3.989499329852487008e+00,4.008402999585227278e+00,4.027654171942205430e+00,4.047293084031292842e+00,4.067358918804099055e+00,4.087886965188451960e+00,4.108907482556318769e+00,4.130444893388897754e+00,4.152516283885256954e+00,4.175127085641727298e+00,4.198272667741968611e+00,4.221947873945928187e+00,4.246138442642543254e+00,4.271564494440702298e+00,4.297600297768724431e+00,4.324058262622934912e+00,4.352218175714074988e+00,4.380706869684727778e+00,4.411086968387328611e+00,4.442422643939632820e+00,4.475168610471976116e+00,4.509991407227400551e+00,4.547312742862398949e+00,4.587861795356047878e+00,4.631795060878748593e+00,4.682433527179281185e+00,4.745257438145678464e+00,9.999872893094959636e+00,9.999899822193563992e+00,9.999899958147484114e+00,9.999900003768441792e+00,9.999900026636845851e+00,9.999900040376390464e+00,9.999900049543768432e+00,9.999900056095663459e+00,9.999900061011645747e+00,9.999900064836408475e+00,9.999900067896987821e+00,9.999900070401608332e+00,9.999900072489142033e+00,9.999900074255766214e+00,9.999900075770195684e+00,9.999900077082836347e+00,9.999900078231501510e+00,9.999900079245108486e+00,9.999900080146156611e+00,9.999900080952407677e+00,9.999900081678072539e+00,9.999900082334661988e+00,9.999900082931587164e+00,9.999900083476628510e+00,9.999900083976269727e+00,9.999900084435955350e+00,9.999900084860293248e+00,9.999900085253210946e+00,9.999900085618074641e+00,9.999900085957783347e+00,9.999900086274850608e+00,9.999900086571470226e+00,9.999900086849557113e+00,9.999900087110795255e+00,9.999900087356669687e+00,9.999900087588500242e+00,9.999900087807453986e+00,9.999900088014575417e+00,9.999900088210798899e+00,9.999900088396961095e+00
3.476559725839513337e+00,3.488118332401036081e+00,3.500213960567685856e+00,3.511905653042779463e+00,3.524382451031425667e+00,3.536278924119131695e+00,3.549105470773880722e+00,3.561284506522538251e+00,3.574418387816273857e+00,3.586948194767913822e+00,3.600348769922427028e+00,3.613300568431217386e+00,3.626913981387744013e+00,3.640355804555944097e+00,3.654122486762529487e+00,3.668112394156502365e+00,3.681971791310328701e+00,3.696559582766665741e+00,3.710801915789090355e+00,3.725669349630001737e+00,3.740644334473490762e+00,3.755419063317556816e+00,3.771130224359768857e+00,3.786707882092299471e+00,3.802210252058838336e+00,3.818616325198575190e+00,3.835004810586159163e+00,3.851383015269349119e+00,3.868297376448492475e+00,3.885662332732101820e+00,3.903140756500360631e+00,3.920771899221917600e+00,3.938649114614992452e+00,3.957307214682414642e+00,3.976222632516879685e+00,3.995437990062920885e+00,4.014988265646475263e+00,4.034917393207129166e+00,4.055265578201610488e+00,4.076070032146327016e+00,4.097363025789580782e+00,4.119170599495872054e+00,4.141510878593295253e+00,4.164392865785595532e+00,4.187810906949628098e+00,4.211764626605101647e+00,4.236449042000549170e+00,4.262272848489329746e+00,4.288593354156724047e+00,4.315540668535408741e+00,4.344082709881458726e+00,4.372964164922532149e+00,4.403845641653052034e+00,4.435734415321856083e+00,4.469040302798629405e+00,4.504357848575973655e+00,4.542332147395187647e+00,4.583483616575219521e+00,4.628044539135925284e+00,4.679494516400571236e+00,4.743323554494832450e+00,9.999872911556771271e+00,9.999899817786602085e+00,9.999899955907888938e+00,9.999900002270349475e+00,9.999900025511351487e+00,9.999900039475047464e+00,9.999900048792129681e+00,9.999900055451085734e+00,9.999900060447432182e+00,9.999900064334740435e+00,9.999900067445386398e+00,9.999900069990985685e+00,9.999900072112680505e+00,9.999900073908216669e+00,9.999900075447435199e+00,9.999900076781564451e+00,9.999900077949035904e+00,9.999900078979237605e+00,9.999900079895040150e+00,9.999900080714493100e+00,9.999900081452041789e+00,9.999900082119383526e+00,9.999900082726085770e+00,9.999900083280053309e+00,9.999900083787878202e+00,9.999900084255093802e+00,9.999900084686382584e+00,9.999900085085737800e+00,9.999900085456577159e+00,9.999900085801849414e+00,9.999900086124112519e+00,9.999900086425592249e+00,9.999900086708233715e+00,9.999900086973751101e+00,9.999900087223656087e+00,9.999900087459282716e+00,9.999900087681824701e+00,9.999900087892338973e+00,9.999900088091777661e+00
3.445806513917914149e+00,3.457156908597227574e+00,3.469388211111680942e+00,3.480997628987955839e+00,3.493473427944525422e+00,3.505464539232815646e+00,3.518111596723842993e+00,3.530456698599638177e+00,3.543347144368542256e+00,3.556012561875566025e+00,3.569217545249333767e+00,3.582160621525381838e+00,3.595751400960820021e+00,3.608922344183300268e+00,3.622966038545257561e+00,3.636460248687764185e+00,3.650867264380845079e+00,3.664969461480562796e+00,3.679447784809942057e+00,3.694210939088937273e+00,3.708692138668922222e+00,3.724148746537093491e+00,3.739346254990542295e+00,3.754735517471596840e+00,3.770757125534398124e+00,3.786627851404284595e+00,3.802754016264259462e+00,3.819544652099639670e+00,3.836311580643716468e+00,3.853085457717910334e+00,3.870661540151366875e+00,3.888498570768852858e+00,3.906473682312805007e+00,3.924630506146527864e+00,3.943112352066248327e+00,3.962344018703029214e+00,3.981871795965056471e+00,4.001732814898605994e+00,4.021960194457721016e+00,4.042605141536258273e+00,4.063699704844053961e+00,4.085280577010045100e+00,4.107375581169216083e+00,4.130004941213869074e+00,4.153178949251374874e+00,4.176895482594955133e+00,4.201143710519247954e+00,4.226414272297874142e+00,4.252554862876155362e+00,4.279197536660732659e+00,4.306685072611873721e+00,4.335591245658330983e+00,4.365005129113567861e+00,4.396286135084626068e+00,4.428740205982510503e+00,4.462609860884093393e+00,4.498507020335994255e+00,4.537102411592019102e+00,4.578908822719237826e+00,4.624171206926440014e+00,4.676421637683507271e+00,4.741337542760658330e+00,9.999872666288847967e+00,9.999899813356330824e+00,9.999899953668652586e+00,9.999900000772322883e+00,9.999900024385883768e+00,9.999900038573739991e+00,9.999900048040522904e+00,9.999900054806532879e+00,9.999900059883239933e+00,9.999900063833095487e+00,9.999900066993800962e+00,9.999900069580375472e+00,9.999900071736227858e+00,9.999900073560676006e+00,9.999900075124681820e+00,9.999900076480299660e+00,9.999900077666573850e+00,9.999900078713372054e+00,9.999900079643927242e+00,9.999900080476582076e+00,9.999900081226016368e+00,9.999900081904108617e+00,9.999900082520587929e+00,9.999900083083483437e+00,9.999900083599490230e+00,9.999900084074234030e+00,9.999900084512475473e+00,9.999900084918264653e+00,9.999900085295081453e+00,9.999900085645919035e+00,9.999900085973376207e+00,9.999900086279714273e+00,9.999900086566912094e+00,9.999900086836710500e+00,9.999900087090642486e+00,9.999900087330066967e+00,9.999900087556195416e+00,9.999900087770104307e+00
3.414270258863735474e+00,3.425576218240911519e+00,3.437754373197200675e+00,3.449513931726810423e+00,3.461726036391099992e+00,3.473923966760617876e+00,3.486244128687898680e+00,3.498856734162256732e+00,3.511364040597662051e+00,3.524358495504747779e+00,3.537135390923443090e+00,3.550469337022974958e+00,3.563598098783259172e+00,3.577221096098011532e+00,3.590781716769749998e+00,3.604635580026591235e+00,3.618702360530747786e+00,3.632722835073170398e+00,3.647363636959985111e+00,3.661507469304851714e+00,3.676749106858137051e+00,3.691628324929243199e+00,3.706830843343653648e+00,3.722490271006543505e+00,3.737864642977961616e+00,3.754024812841940228e+00,3.770314943083216352e+00,3.786450686333105331e+00,3.803348678631691460e+00,3.820501702514540021e+00,3.837640579362987303e+00,3.854985732929480324e+00,3.873175272656874668e+00,3.891496287030434154e+00,3.909982843264170338e+00,3.928687568684694931e+00,3.947859305215418502e+00,3.967709193221297781e+00,3.987883272948320013e+00,4.008420432826957480e+00,4.029370756186699154e+00,4.050767981140567464e+00,4.072651282146123819e+00,4.095050631621301562e+00,4.117983935831518671e+00,4.141469887938761474e+00,4.165509933547261845e+00,4.190107031456149933e+00,4.215907842667628636e+00,4.242399348574492635e+00,4.269396004170831205e+00,4.297423334283471341e+00,4.326725606107448385e+00,4.356675240968455931e+00,4.388399202945064026e+00,4.421424528301598933e+00,4.455871190561305539e+00,4.492385993620559681e+00,4.531618792901690007e+00,4.574124107261641647e+00,4.620130185626561747e+00,4.673249368571797291e+00,4.739252308037443129e+00,9.999872669234470379e+00,9.999899808927702693e+00,9.999899951429821243e+00,9.999899999274465046e+00,9.999900023260511972e+00,9.999900037672491138e+00,9.999900047288955207e+00,9.999900054162010221e+00,9.999900059319072554e+00,9.999900063331464750e+00,9.999900066542227961e+00,9.999900069169775918e+00,9.999900071359785869e+00,9.999900073213144225e+00,9.999900074801937322e+00,9.999900076179040198e+00,9.999900077384118902e+00,9.999900078447511831e+00,9.999900079392819663e+00,9.999900080238676381e+00,9.999900080999992724e+00,9.999900081688839037e+00,9.999900082315091865e+00,9.999900082886913566e+00,9.999900083411104035e+00,9.999900083893377811e+00,9.999900084338568362e+00,9.999900084750795060e+00,9.999900085133587524e+00,9.999900085489990431e+00,9.999900085822641671e+00,9.999900086133839849e+00,9.999900086425592249e+00,9.999900086699669899e+00,9.999900086957630663e+00,9.999900087200852994e+00,9.999900087430569684e+00
3.381885496278380643e+00,3.393328909169214036e+00,3.405236217982820168e+00,3.417193227999292926e+00,3.429051656717334140e+00,3.441513550751106543e+00,3.453400730053016066e+00,3.466348955622199135e+00,3.478556987464970884e+00,3.491755766208370915e+00,3.504354486701549476e+00,3.517787350863874618e+00,3.530737083657870645e+00,3.544486213953238707e+00,3.557740901248190646e+00,3.571885728963124507e+00,3.585394732272436435e+00,3.600009170732600072e+00,3.613997732479030667e+00,3.628861062363629930e+00,3.643502158099698018e+00,3.658433817780341712e+00,3.673787315030855094e+00,3.688722387663890601e+00,3.704811246767429012e+00,3.720613822508172852e+00,3.736519317769197546e+00,3.753217970996447495e+00,3.769742027961161313e+00,3.786424163562017497e+00,3.803955207936863925e+00,3.821452944765074911e+00,3.838955156768922627e+00,3.857174980916203477e+00,3.875836048182113913e+00,3.894650795801329224e+00,3.913666130306149959e+00,3.932947148931267289e+00,3.952932205767850427e+00,3.973430993633754849e+00,3.994284999653474166e+00,4.015550037788313986e+00,4.037261042591524074e+00,4.059459920759437956e+00,4.082179214819384505e+00,4.105438085361848621e+00,4.129260517475858094e+00,4.153640911453798878e+00,4.178627473990522923e+00,4.204907814357177642e+00,4.231786154003788880e+00,4.259182637523809767e+00,4.287709537117302183e+00,4.317466884525061666e+00,4.347928535255556781e+00,4.380167590729183935e+00,4.413767655474640783e+00,4.448801802088964585e+00,4.485941221912168153e+00,4.525862402988568789e+00,4.569118664847045430e+00,4.615911897132570552e+00,4.669945895547655823e+00,4.737090316368209209e+00,9.999872899926026903e+00,9.999899804500756773e+00,9.999899949191394910e+00,9.999899997776774185e+00,9.999900022135230770e+00,9.999900036771304457e+00,9.999900046537430143e+00,9.999900053517517762e+00,9.999900058754924714e+00,9.999900062829851777e+00,9.999900066090670947e+00,9.999900068759190574e+00,9.999900070983354539e+00,9.999900072865623102e+00,9.999900074479199930e+00,9.999900075877787842e+00,9.999900077101671059e+00,9.999900078181656937e+00,9.999900079141717413e+00,9.999900080000774238e+00,9.999900080773972633e+00,9.999900081473571234e+00,9.999900082109599353e+00,9.999900082690349024e+00,9.999900083222721392e+00,9.999900083712525145e+00,9.999900084164664804e+00,9.999900084583327242e+00,9.999900084972097147e+00,9.999900085334063604e+00,9.999900085671908911e+00,9.999900085987965426e+00,9.999900086284274181e+00,9.999900086562631074e+00,9.999900086824618839e+00,9.999900087071640797e+00
3.348572798225915914e+00,3.360201099574690264e+00,3.371739918439082828e+00,3.383953115100009068e+00,3.395519427544705149e+00,3.408136971518694658e+00,3.420206941309054116e+00,3.432822249568129536e+00,3.445381487181473634e+00,3.458077608102509526e+00,3.471101139374787703e+00,3.483968943413899844e+00,3.497420023354384622e+00,3.510553040370822497e+00,3.524385352034335117e+00,3.537881316973185530e+00,3.552034812253753060e+00,3.565989320794358708e+00,3.580394112173603371e+00,3.594893955971049326e+00,3.609473676015222399e+00,3.624597767848956487e+00,3.639277395203475596e+00,3.655082928634713291e+00,3.670430708840737744e+00,3.686312271748844793e+00,3.702528843712895146e+00,3.718405295348667039e+00,3.735336478308715957e+00,3.752235999635786801e+00,3.768950011971788250e+00,3.786664213783257793e+00,3.804514393102493841e+00,3.822341282797412809e+00,3.840480783795703790e+00,3.859479838898514981e+00,3.878621220732470842e+00,3.897949958895096767e+00,3.917524987214437093e+00,3.937548352408790642e+00,3.958360033063825334e+00,3.979538958498030521e+00,4.001120744805210627e+00,4.023158724497632122e+00,4.045685238838429676e+00,4.068739589224396269e+00,4.092342037710452907e+00,4.116519036919021879e+00,4.141260360349734881e+00,4.166699212605992741e+00,4.193380464290423326e+00,4.220689412244678529e+00,4.248522616643690242e+00,4.277521372110575371e+00,4.307794344718185897e+00,4.338743853740302470e+00,4.371568576081588553e+00,4.405744634286443251e+00,4.441374424341440807e+00,4.479148456115914279e+00,4.519810433950640416e+00,4.563874743006871348e+00,4.611494554914073341e+00,4.666504310067312922e+00,4.734833867464717017e+00,9.999872807303001210e+00,9.999899800075876755e+00,9.999899946951664731e+00,9.999899996278939440e+00,9.999900021009963780e+00,9.999900035870146198e+00,9.999900045785933500e+00,9.999900052873053724e+00,9.999900058190803520e+00,9.999900062328256567e+00,9.999900065639129920e+00,9.999900068348617665e+00,9.999900070606933866e+00,9.999900072518107308e+00,9.999900074156471419e+00,9.999900075576542591e+00,9.999900076819226769e+00,9.999900077915807373e+00,9.999900078890618715e+00,9.999900079762877425e+00,9.999900080547957870e+00,9.999900081258306983e+00,9.999900081904110394e+00,9.999900082493784481e+00,9.999900083034342302e+00,9.999900083531672479e+00,9.999900083990763022e+00,9.999900084415861201e+00,9.999900084810606771e+00,9.999900085178138553e+00,9.999900085521177928e+00,9.999900085842092778e+00,9.999900086142956113e+00,9.999900086425592249e+00,9.999900086691608792e+00
3.314233974139843664e+00,3.326105651249365192e+00,3.337365704586209514e+00,3.349690312869154862e+00,3.361531051599345510e+00,3.373673124051892902e+00,3.386097614319685256e+00,3.398133716754273337e+00,3.411136452973157152e+00,3.423369866100593573e+00,3.436716597091761471e+00,3.449421511682053687e+00,3.462905796954996340e+00,3.476053030345104045e+00,3.489768174108240473e+00,3.503311303653545483e+00,3.517354913435619679e+00,3.531238836855971730e+00,3.545707068364060799e+00,3.559866360147055708e+00,3.574849411649647202e+00,3.589213776682451229e+00,3.604789386905129511e+00,3.619742635847649659e+00,3.635514746750101001e+00,3.651271651755406022e+00,3.666995532326577933e+00,3.683602067939804048e+00,3.699838470308934646e+00,3.716661587414270773e+00,3.733919894791723593e+00,3.750961396325657837e+00,3.768623159599842953e+00,3.786808677672838908e+00,3.804952725545250214e+00,3.823112108995051273e+00,3.842415994118735245e+00,3.861872819422885073e+00,3.881505565919513234e+00,3.901371931112574742e+00,3.921545779603482274e+00,3.942648262182355534e+00,3.964152272290596191e+00,3.986061991259444603e+00,4.008432074510747789e+00,4.031294959528535671e+00,4.054701668079764509e+00,4.078665607580033381e+00,4.103218366699372233e+00,4.128355622524173540e+00,4.154144948266377924e+00,4.181296664787645945e+00,4.209073764039365173e+00,4.237385303567841710e+00,4.266817603946204684e+00,4.297668642866138811e+00,4.329083104797829762e+00,4.362573860851588492e+00,4.397323165682784030e+00,4.433555031352515385e+00,4.471999893992626873e+00,4.513433324263971258e+00,4.558371113384383833e+00,4.606863426676087059e+00,4.662918477311952969e+00,4.732474948320174235e+00,9.999872936530813661e+00,9.999899795621516319e+00,9.999899944714027100e+00,9.999899994781737078e+00,9.999900019884792712e+00,9.999900034969110507e+00,9.999900045034506135e+00,9.999900052228611003e+00,9.999900057626696537e+00,9.999900061826688002e+00,9.999900065187603104e+00,9.999900067938057191e+00,9.999900070230523852e+00,9.999900072170603949e+00,9.999900073833748237e+00,9.999900075275304445e+00,9.999900076536789584e+00,9.999900077649963137e+00,9.999900078639525347e+00,9.999900079524984164e+00,9.999900080321944884e+00,9.999900081043046285e+00,9.999900081698624987e+00,9.999900082297225268e+00,9.999900082845963212e+00,9.999900083350823365e+00,9.999900083816864793e+00,9.999900084248396936e+00,9.999900084649119947e+00,9.999900085022215279e+00,9.999900085370446945e+00,9.999900085696221907e+00,9.999900086001641597e+00,9.999900086288556977e+00
3.278747957295939486e+00,3.290934127299829814e+00,3.302459145664687679e+00,3.314274841745993960e+00,3.326468249598197424e+00,3.338002647722093652e+00,3.350843130410250392e+00,3.362958496407590925e+00,3.375664699498526655e+00,3.388364053348375649e+00,3.401016232032445075e+00,3.414285486570894701e+00,3.426983468634129615e+00,3.440793432341000546e+00,3.453705943278842838e+00,3.467952454797826878e+00,3.481268725010976173e+00,3.495822144276652832e+00,3.509503275597633642e+00,3.524448427561100772e+00,3.538471532121856722e+00,3.553860061926621849e+00,3.568495495463403167e+00,3.584069240420304503e+00,3.599417905095750658e+00,3.615071256463818106e+00,3.631208727384014789e+00,3.646856694375395946e+00,3.663818108910660065e+00,3.680389356981211613e+00,3.697177416160791541e+00,3.714772608140280319e+00,3.732119283065908899e+00,3.749804963155523474e+00,3.768310728063670734e+00,3.786750121394387936e+00,3.805161523424416270e+00,3.824611060053962230e+00,3.844374594445106208e+00,3.864299867445602832e+00,3.884443987537852472e+00,3.904898258997870908e+00,3.926260466050072839e+00,3.948093076885148545e+00,3.970334669052796084e+00,3.993043474163260775e+00,4.016258626974233970e+00,4.040024728955390998e+00,4.064368847463303069e+00,4.089316320899294865e+00,4.114872321802062416e+00,4.141047761096265489e+00,4.168594693206274293e+00,4.196895425368547095e+00,4.225747429843723424e+00,4.255543745238090203e+00,4.287052625980645182e+00,4.318889086631457985e+00,4.353147354283363413e+00,4.388461665380951615e+00,4.425302689722827587e+00,4.464476227139551057e+00,4.506696045560039110e+00,4.552580746135007850e+00,4.602064198547600071e+00,4.659180319849913765e+00,4.730016300159969767e+00,9.999872675413822520e+00,9.999899791199565513e+00,9.999899942476428549e+00,9.999899993284717681e+00,9.999900018759962705e+00,9.999900034068105015e+00,9.999900044283108969e+00,9.999900051584225125e+00,9.999900057062630410e+00,9.999900061325131873e+00,9.999900064736090499e+00,9.999900067527507375e+00,9.999900069854122719e+00,9.999900071823107695e+00,9.999900073511033938e+00,9.999900074974071629e+00,9.999900076254359504e+00,9.999900077384122454e+00,9.999900078388435531e+00,9.999900079287094457e+00,9.999900080095937227e+00,9.999900080827789139e+00,9.999900081493143134e+00,9.999900082100667831e+00,9.999900082657589451e+00,9.999900083169976028e+00,9.999900083642966564e+00,9.999900084080936224e+00,9.999900084487633123e+00,9.999900084866293781e+00,9.999900085219719514e+00,9.999900085550351037e+00,9.999900085860327081e+00
3.242882604337888441e+00,3.254548131201774552e+00,3.266417758439739583e+00,3.277656405902714898e+00,3.290185240114564813e+00,3.302093158755952551e+00,3.314267488387270255e+00,3.326865427074166881e+00,3.338760944094680383e+00,3.352054998379489170e+00,3.364513377066894240e+00,3.377746254576840190e+00,3.390789551492362719e+00,3.404026332196406823e+00,3.417630492783975793e+00,3.430979981584525440e+00,3.445106684228791849e+00,3.458689229964027501e+00,3.473280625146980771e+00,3.487218153110739127e+00,3.502203607787574668e+00,3.516617847266298558e+00,3.531911955678869397e+00,3.546919292282973313e+00,3.562424121345010075e+00,3.578126402430946928e+00,3.593738082591774852e+00,3.610218930145273841e+00,3.626069588792820486e+00,3.643150859842437583e+00,3.660021341912823800e+00,3.676858429282220175e+00,3.694762035846486992e+00,3.712380293485491034e+00,3.730181162751832868e+00,3.748984083264704115e+00,3.767692824867386214e+00,3.786339311419035347e+00,3.806029111782224472e+00,3.826083545319459045e+00,3.846284129543499741e+00,3.866692919921099314e+00,3.887395248660733049e+00,3.909154029077989367e+00,3.931313028173633040e+00,3.953893729959143677e+00,3.976942044498142259e+00,4.000514985461030903e+00,4.024656660134883879e+00,4.049402547360577032e+00,4.074772296399611804e+00,4.100768595169776987e+00,4.127378389443197904e+00,4.155210390171868440e+00,4.184093969920764877e+00,4.213541615381878103e+00,4.243626675027797113e+00,4.275892772795231167e+00,4.308274684457507497e+00,4.343242018276971983e+00,4.379099077102335258e+00,4.416547609165394128e+00,4.456722543742822396e+00,4.499550119819615723e+00,4.546468906695790402e+00,4.597071210730772961e+00,4.655293528708979167e+00,4.727443644211424711e+00,9.999872676438386065e+00,9.999899786766876630e+00,9.999899940239394880e+00,9.999899991787346565e+00,9.999900017635020788e+00,9.999900033167140379e+00,9.999900043531740224e+00,9.999900050939853458e+00,9.999900056498576717e+00,9.999900060823588177e+00,9.999900064284590329e+00,9.999900067116968216e+00,9.999900069477732245e+00,9.999900071475620322e+00,9.999900073188328520e+00,9.999900074672847694e+00,9.999900075971932978e+00,9.999900077118288877e+00,9.999900078137351045e+00,9.999900079049210078e+00,9.999900079869933123e+00,9.999900080612535547e+00,9.999900081287663056e+00,9.999900081904112170e+00,9.999900082469215690e+00,9.999900082989132244e+00,9.999900083469071888e+00,9.999900083913475513e+00,9.999900084326149852e+00,9.999900084710374060e+00,9.999900085068992084e+00,9.999900085404483718e+00
3.205831176005880856e+00,3.216766877239629618e+00,3.229084803873674581e+00,3.240698026665170595e+00,3.252490091575454656e+00,3.264889231268771841e+00,3.276572009966117527e+00,3.289360339875750938e+00,3.301744105694789155e+00,3.314203394516201495e+00,3.327303947003790174e+00,3.339590761729243074e+00,3.353340262102100677e+00,3.366221017126460602e+00,3.379942208017938654e+00,3.393407306773925658e+00,3.407200159330537215e+00,3.421213611039557456e+00,3.435199662201518844e+00,3.449708651841396190e+00,3.464015345883360908e+00,3.478949623308624783e+00,3.493705149712693636e+00,3.508979061057942328e+00,3.524306510998663100e+00,3.539820866197924687e+00,3.555831423123831936e+00,3.571480122099331300e+00,3.588263862507000912e+00,3.604354102321672304e+00,3.621561653280694237e+00,3.638687451160097730e+00,3.655656424520012049e+00,3.673842241909587969e+00,3.691690019786932009e+00,3.709705835721485823e+00,3.728778279450609023e+00,3.747721101481446659e+00,3.766566308356372517e+00,3.786616506311568209e+00,3.806941569555870597e+00,3.827392068603041597e+00,3.848035872302687288e+00,3.869158338562443511e+00,3.891275552294932716e+00,3.913761217907491652e+00,3.936667932786957813e+00,3.960060927182734503e+00,3.983997450884209535e+00,4.008527763213308504e+00,4.033689574286921875e+00,4.059506465150082732e+00,4.085977137077565047e+00,4.113099913719764800e+00,4.141055520234178111e+00,4.170590237620152685e+00,4.200710683731875505e+00,4.231285903952740846e+00,4.264117814356694680e+00,4.297314286745299583e+00,4.332795562992522775e+00,4.369177268000703052e+00,4.407570033239098350e+00,4.448663076138233308e+00,4.492155463094481327e+00,4.539990777215291651e+00,4.591801987126665985e+00,4.651200030858446688e+00,4.724745665939357409e+00,9.999872750955763223e+00,9.999899782352288824e+00,9.999899938003020239e+00,9.999899990290602503e+00,9.999900016510162359e+00,9.999900032266243244e+00,9.999900042780433651e+00,9.999900050295501330e+00,9.999900055934553222e+00,9.999900060322078232e+00,9.999900063833111474e+00,9.999900066706446822e+00,9.999900069101355982e+00,9.999900071128143608e+00,9.999900072865628431e+00,9.999900074371629088e+00,9.999900075689513557e+00,9.999900076852458852e+00,9.999900077886271887e+00,9.999900078811329251e+00,9.999900079643932571e+00,9.999900080397285507e+00,9.999900081082186531e+00,9.999900081707561839e+00,9.999900082280847258e+00,9.999900082808290236e+00,9.999900083295178987e+00,9.999900083746018353e+00,9.999900084164666580e+00,9.999900084554456114e+00,9.999900084918268206e+00
3.167420580742663194e+00,3.178660437859496035e+00,3.190252373865669622e+00,3.202357178038613306e+00,3.213774376059475468e+00,3.226165129655289565e+00,3.238381625147812581e+00,3.250170384254778444e+00,3.263234289438676772e+00,3.275467445448011716e+00,3.288424353506339326e+00,3.301397226205234237e+00,3.314054557403715240e+00,3.327778306226549798e+00,3.340564500649980229e+00,3.354703491197285725e+00,3.368100040273315887e+00,3.382268406264619998e+00,3.396245511814641294e+00,3.410568005483307630e+00,3.425074240619824018e+00,3.439681275422814988e+00,3.454649683285770490e+00,3.469680007922599341e+00,3.485021045275327634e+00,3.500605885166053977e+00,3.516216873170700641e+00,3.532477653201945955e+00,3.548253361678066931e+00,3.565288752225846292e+00,3.581555027972883387e+00,3.598995287121713460e+00,3.616320070910047146e+00,3.633536373723583957e+00,3.651949919729120086e+00,3.669970897659398545e+00,3.688319041954409627e+00,3.707624656887214876e+00,3.726753302691531822e+00,3.745830359841518575e+00,3.766313274243285658e+00,3.786870098755645397e+00,3.807533470627819217e+00,3.828372420578135316e+00,3.850121990754550083e+00,3.872547265992146048e+00,3.895345500473901712e+00,3.918575120720767746e+00,3.942309026888527246e+00,3.966612478040848710e+00,3.991541973497983786e+00,4.017140348455777499e+00,4.043432306485335914e+00,4.070422014779220277e+00,4.098092450791133601e+00,4.126411010221184839e+00,4.156269971230065252e+00,4.187165345976636033e+00,4.218506076156121054e+00,4.251631456652824603e+00,4.285767956218112573e+00,4.321723700770856880e+00,4.358576629362302057e+00,4.398267223352396726e+00,4.440162069010987089e+00,4.484600712326156646e+00,4.533070604605407006e+00,4.586276195754958707e+00,4.646905055896096925e+00,4.721906396707260534e+00,9.999872679391591745e+00,9.999899777955643998e+00,9.999899935767933457e+00,9.999899988794155092e+00,9.999900015385323471e+00,9.999900031365358544e+00,9.999900042029160829e+00,9.999900049651213152e+00,9.999900055370549268e+00,9.999900059820577169e+00,9.999900063381645055e+00,9.999900066295936085e+00,9.999900068724986824e+00,9.999900070780674000e+00,9.999900072542937224e+00,9.999900074070415812e+00,9.999900075407101241e+00,9.999900076586635933e+00,9.999900077635198059e+00,9.999900078573451978e+00,9.999900079417935572e+00,9.999900080182037243e+00,9.999900080876713560e+00,9.999900081511011507e+00,9.999900082092478826e+00,9.999900082627450004e+00,9.999900083121289640e+00,9.999900083578562970e+00,9.999900084003186862e+00,9.999900084398539946e+00
3.127428431134084086e+00,3.139151407768665969e+00,3.150228502663292574e+00,3.162391295246365974e+00,3.174350759457185145e+00,3.185638401967446853e+00,3.198540891473194758e+00,3.210643022875276920e+00,3.222882917966491068e+00,3.235862828425257742e+00,3.248010528480316239e+00,3.261384937364088632e+00,3.274304061894439677e+00,3.287315094709268415e+00,3.301023012103784016e+00,3.313793386891058290e+00,3.328266442945496006e+00,3.341668295035256531e+00,3.356137481175739623e+00,3.370158073799269793e+00,3.384736216041164703e+00,3.399328111003587338e+00,3.414155715571186356e+00,3.429250013085573201e+00,3.444473065134468381e+00,3.459980473896827391e+00,3.475743307182177499e+00,3.491557555002067215e+00,3.507991721454365663e+00,3.523994317813731847e+00,3.541217278598173035e+00,3.557564475935564019e+00,3.575377917474122924e+00,3.592825901356135887e+00,3.610408926770485749e+00,3.628998618906536411e+00,3.647114665316754767e+00,3.665947765411393000e+00,3.685429997414240599e+00,3.704673679664090002e+00,3.724293297969595518e+00,3.745017082420998733e+00,3.765762050649818171e+00,3.786583345429155756e+00,3.807759480474996128e+00,3.830163253107793153e+00,3.852876948916530875e+00,3.875961930535045674e+00,3.899497428327538984e+00,3.923562232793441851e+00,3.948231733104834884e+00,3.973569290088255102e+00,3.999624549498099757e+00,4.026425562381920287e+00,4.053972407604979011e+00,4.082251157230924576e+00,4.111200831369283826e+00,4.141001855829871126e+00,4.172783149214573051e+00,4.205006482126167455e+00,4.238294453221644886e+00,4.273563499944114774e+00,4.309903259698517175e+00,4.347775851207551057e+00,4.388426112968406123e+00,4.431177013654171937e+00,4.476607145644147856e+00,4.525656519774326370e+00,4.580444464880644162e+00,4.642369998621793670e+00,4.718908182546419638e+00,9.999872681253732409e+00,9.999899773506658818e+00,9.999899933529528440e+00,9.999899987296945625e+00,9.999900014260884262e+00,9.999900030464655032e+00,9.999900041277927087e+00,9.999900049006910763e+00,9.999900054806566629e+00,9.999900059319095647e+00,9.999900062930192846e+00,9.999900065885437783e+00,9.999900068348628324e+00,9.999900070433213273e+00,9.999900072220254899e+00,9.999900073769211417e+00,9.999900075124692478e+00,9.999900076320816567e+00,9.999900077384126007e+00,9.999900078335578257e+00,9.999900079191942126e+00,9.999900079966794308e+00,9.999900080671242364e+00,9.999900081314466505e+00,9.999900081904113947e+00,9.999900082446613325e+00,9.999900082947400293e+00,9.999900083411109364e+00,9.999900083841708920e+00
3.085784332579072142e+00,3.097916570626568777e+00,3.109534474261315573e+00,3.120510106065783162e+00,3.133147536234796693e+00,3.145032585581766682e+00,3.156683446828888684e+00,3.169576449015359731e+00,3.181634566032398137e+00,3.194222045857324499e+00,3.207199562513741498e+00,3.219330419039488245e+00,3.233030077245702127e+00,3.245974085341110982e+00,3.259233661123913883e+00,3.273016021789388219e+00,3.285940034612108374e+00,3.300564978319462828e+00,3.314056157830175486e+00,3.328729264979541469e+00,3.342887518023925253e+00,3.357620065295597644e+00,3.372400351057871948e+00,3.387342204449356409e+00,3.402675210914703374e+00,3.417985072673437763e+00,3.433777717039942168e+00,3.449614791492365828e+00,3.465753493421224185e+00,3.482267661983011742e+00,3.498622563662306284e+00,3.515942333982772894e+00,3.532391977954344675e+00,3.550607245621880015e+00,3.568072046287489751e+00,3.586185943898238637e+00,3.604869434854004684e+00,3.622969326785066446e+00,3.642485514208621655e+00,3.662065782587907492e+00,3.681328696642476306e+00,3.701721263987739707e+00,3.722606619662086391e+00,3.743468463125495749e+00,3.764369143649048066e+00,3.786493711649175253e+00,3.809156613898415866e+00,3.832116266997446452e+00,3.855457254214419205e+00,3.879265969645497858e+00,3.903643506238703154e+00,3.928668233263468146e+00,3.954419898471789097e+00,3.980955985468153102e+00,4.008308657487066995e+00,4.036475397389876818e+00,4.065429106912838542e+00,4.095107849656306698e+00,4.125430751339728808e+00,4.157382955102047362e+00,4.190657784074878656e+00,4.224164906538492303e+00,4.260556767003354395e+00,4.297171797085084677e+00,4.336565196404051470e+00,4.377952134551263974e+00,4.421596130531826319e+00,4.468116489261108271e+00,4.517792760384383044e+00,4.574240396993469737e+00,4.637574448099211821e+00,4.715727293330044922e+00,9.999872856462385329e+00,9.999899769145452311e+00,9.999899931296445388e+00,9.999899985801137703e+00,9.999900013136345578e+00,9.999900029563972836e+00,9.999900040526737754e+00,9.999900048362690086e+00,9.999900054242610636e+00,9.999900058817633663e+00,9.999900062478756624e+00,9.999900065474950139e+00,9.999900067972280482e+00,9.999900070085763204e+00,9.999900071897577902e+00,9.999900073468012351e+00,9.999900074842290820e+00,9.999900076055004305e+00,9.999900077133061060e+00,9.999900078097709866e+00,9.999900078965954009e+00,9.999900079751553150e+00,9.999900080465774721e+00,9.999900081117923278e+00,9.999900081715752620e+00,9.999900082265778423e+00,9.999900082773514498e+00,9.999900083243657534e+00
3.043777987000950258e+00,3.054580896120039579e+00,3.066935244435806673e+00,3.078522436637740611e+00,3.089751966816007389e+00,3.102462223623771997e+00,3.114350092741891007e+00,3.126253387239360748e+00,3.139206575222175832e+00,3.151298199276668655e+00,3.164107305139022497e+00,3.177176698892713258e+00,3.189367370054645878e+00,3.203277049522022857e+00,3.216336373844391971e+00,3.229712435696484363e+00,3.243676851971195596e+00,3.256633136193555433e+00,3.271504599190567575e+00,3.285181731527063054e+00,3.299936445492217985e+00,3.314345186286262290e+00,3.329100007330100919e+00,3.344194265976088598e+00,3.359111792862887746e+00,3.374821466350533150e+00,3.390075010721463222e+00,3.406303401661461283e+00,3.422071515172896206e+00,3.438695232093862408e+00,3.455153609542862103e+00,3.472025142591458557e+00,3.489321403135721145e+00,3.506289156300850252e+00,3.524542047750900409e+00,3.541877593713034234e+00,3.560740484376850645e+00,3.579395531288394494e+00,3.597809409225813493e+00,3.617783320188178386e+00,3.637350596412057158e+00,3.656867505438161636e+00,3.677949262285556298e+00,3.698903712249006048e+00,3.719775037060495837e+00,3.741430056473571852e+00,3.764070959209901091e+00,3.786923118063338478e+00,3.810070980657958906e+00,3.833610302576543560e+00,3.857643270919611123e+00,3.882352822886471433e+00,3.908045778160177175e+00,3.934346596788160344e+00,3.961239962490251898e+00,3.988864946568079439e+00,4.017675685332908309e+00,4.047406583095762400e+00,4.077923090582014964e+00,4.109119253487403256e+00,4.140900751388442380e+00,4.175271078715166340e+00,4.209956354802820933e+00,4.246566448779006464e+00,4.284149733044517738e+00,4.324594173284883603e+00,4.366706671486352498e+00,4.411292843838660716e+00,4.459023122558892993e+00,4.510086857181855535e+00,4.567600291691138459e+00,4.632469146837300045e+00,4.712331300099892317e+00,9.999872684517409738e+00,9.999899764733642726e+00,9.999899929061466963e+00,9.999899984304942535e+00,9.999900012011922357e+00,9.999900028663326168e+00,9.999900039775589278e+00,9.999900047718474738e+00,9.999900053678675960e+00,9.999900058316189444e+00,9.999900062027334613e+00,9.999900065064476706e+00,9.999900067595943298e+00,9.999900069738320241e+00,9.999900071574909788e+00,9.999900073166820391e+00,9.999900074559894492e+00,9.999900075789195597e+00,9.999900076881999667e+00,9.999900077859846803e+00,9.999900078739967668e+00,9.999900079536317321e+00,9.999900080260310631e+00,9.999900080921383605e+00,9.999900081527393070e+00,9.999900082084945296e+00,9.999900082599630480e+00
2.999742277310261773e+00,3.010958830527528995e+00,3.021967693976330249e+00,3.034403407904941563e+00,3.046042690212390269e+00,3.057407473512710361e+00,3.070245748909515626e+00,3.082223159942391266e+00,3.094213588587756636e+00,3.107335226084778856e+00,3.119549763243866014e+00,3.132421131173152684e+00,3.145692736129776179e+00,3.158034417041326591e+00,3.172007073305261660e+00,3.185290310555959348e+00,3.198610438412668344e+00,3.212889335758605469e+00,3.226057354129366228e+00,3.240951728416213928e+00,3.254938928373974694e+00,3.269610507261955679e+00,3.284408692197264834e+00,3.299003679451421700e+00,3.314575514853780991e+00,3.329275614825833784e+00,3.345544132782594549e+00,3.360544737134596893e+00,3.377405037171986368e+00,3.392906439301150545e+00,3.410225610880024405e+00,3.426436077870957053e+00,3.444042497196689201e+00,3.461139409524376376e+00,3.478857020274804146e+00,3.496981542169223189e+00,3.514630535526805488e+00,3.533880261009877177e+00,3.552334875160997996e+00,3.571716016385735326e+00,3.591633673803503068e+00,3.611020377173006946e+00,3.631664857122403056e+00,3.652762202634949773e+00,3.673644996213624836e+00,3.694844112774392730e+00,3.717497121637977742e+00,3.740255767793108532e+00,3.763205838138829584e+00,3.786443835700917138e+00,3.810266692987850146e+00,3.835326154790077879e+00,3.860897284178730349e+00,3.887023714459309609e+00,3.913773816256015614e+00,3.941197714781488948e+00,3.969327684521037014e+00,3.998166294500047346e+00,4.027866695098932581e+00,4.059360257068439282e+00,4.091609312292291634e+00,4.124421465049955771e+00,4.158550469086543799e+00,4.194722534935196201e+00,4.231308333231012853e+00,4.270688253205360496e+00,4.311665927367348772e+00,4.354477173296637638e+00,4.400057247931770554e+00,4.449170558762437722e+00,4.501871808476436421e+00,4.560413738057674138e+00,4.626970902002483399e+00,4.708676554021741012e+00,9.999872693749374264e+00,9.999899760323780029e+00,9.999899926828048180e+00,9.999899982809122179e+00,9.999900010887621704e+00,9.999900027762739896e+00,9.999900039024481657e+00,9.999900047074289589e+00,9.999900053114766152e+00,9.999900057814764764e+00,9.999900061575928589e+00,9.999900064654015708e+00,9.999900067219616773e+00,9.999900069390886159e+00,9.999900071252248779e+00,9.999900072865635536e+00,9.999900074277505269e+00,9.999900075523392218e+00,9.999900076630943602e+00,9.999900077621985517e+00,9.999900078513986657e+00,9.999900079321083268e+00,9.999900080054850093e+00,9.999900080724845708e+00,9.999900081339037072e+00,9.999900081904115723e+00
2.953164555389934609e+00,2.965241306925413767e+00,2.976560537783901950e+00,2.987565195648115068e+00,3.000201277491227891e+00,3.011990340254610210e+00,3.023273508217113825e+00,3.036367714002326412e+00,3.048539214228950023e+00,3.060396368166871106e+00,3.073824475200623407e+00,3.086271009734592674e+00,3.098992945926684506e+00,3.112606730426133339e+00,3.125206669156349371e+00,3.139048756155075282e+00,3.152694234884869662e+00,3.165722561668083745e+00,3.180487010545362647e+00,3.194016222799716420e+00,3.208714120947221193e+00,3.223169462680783415e+00,3.237526687710398754e+00,3.252904778534742025e+00,3.267094950164937117e+00,3.283353067708427275e+00,3.298064386472676635e+00,3.314638166600932134e+00,3.329963262886943554e+00,3.346865517678611290e+00,3.362710439351382696e+00,3.380120757137123899e+00,3.396363450214503032e+00,3.414449393721150194e+00,3.431098238933259825e+00,3.449864084168208223e+00,3.467626190674217845e+00,3.486320787340071004e+00,3.505337193591028910e+00,3.523740752652917863e+00,3.544062329904204223e+00,3.563733483849409911e+00,3.583636257128518299e+00,3.604910043609745873e+00,3.625844220301694953e+00,3.646641103306606180e+00,3.669301201424346459e+00,3.691973765135110774e+00,3.714711064601599055e+00,3.737610939800666721e+00,3.761762175989612267e+00,3.786697170915618749e+00,3.812065548684507643e+00,3.837957761821432889e+00,3.864470815255334646e+00,3.891682193991997885e+00,3.919653709147816301e+00,3.948420468750970080e+00,3.977989344743197986e+00,4.008324308512387191e+00,4.039364375402615615e+00,4.072529203292461375e+00,4.106656637720211833e+00,4.141146621588174703e+00,4.178140389834461565e+00,4.215773205029175408e+00,4.256090878454793724e+00,4.297460953386298854e+00,4.340957440050938310e+00,4.387709259433286491e+00,4.438312719216888524e+00,4.492978497114902936e+00,4.552515230286553916e+00,4.620988335283201742e+00,4.704678535052785548e+00,9.999872688245829977e+00,9.999899755913203236e+00,9.999899924593858458e+00,9.999899981313298269e+00,9.999900009763093678e+00,9.999900026862100333e+00,9.999900038273361602e+00,9.999900046430106215e+00,9.999900052550863450e+00,9.999900057313347190e+00,9.999900061124531447e+00,9.999900064243561815e+00,9.999900066843297353e+00,9.999900069043460960e+00,9.999900070929596652e+00,9.999900072564457787e+00,9.999900073995119598e+00,9.999900075257594168e+00,9.999900076379891090e+00,9.999900077384131336e+00,9.999900078288009198e+00,9.999900079105854545e+00,9.999900079849393109e+00,9.999900080528311364e+00,9.999900081150682851e+00
2.905714631779499069e+00,2.916564104035746396e+00,2.928915467723569588e+00,2.940446696173454999e+00,2.951293866219014905e+00,2.964154795346110038e+00,2.976215827935246416e+00,2.987510372261228397e+00,3.000639409237416899e+00,3.013138478554290955e+00,3.024800238381295081e+00,3.038475673278110634e+00,3.051295750502336368e+00,3.063573668482729939e+00,3.077716171330966421e+00,3.090720971017820062e+00,3.104156165208728169e+00,3.118350989680558349e+00,3.131402102842836044e+00,3.146234102504289698e+00,3.160307611670400973e+00,3.174515486186886726e+00,3.189657037969341413e+00,3.203481101747029047e+00,3.219589378345379949e+00,3.234228969902917417e+00,3.250252496755166032e+00,3.265693900469151867e+00,3.281799021742481948e+00,3.297962519567939843e+00,3.314359696666434374e+00,3.331134110875542120e+00,3.348043242935805353e+00,3.365279837812199748e+00,3.382914441147453211e+00,3.400434813213545127e+00,3.418985440100011264e+00,3.436602795050218706e+00,3.456211872516000483e+00,3.474693557888629769e+00,3.494499379772609604e+00,3.514493636544955724e+00,3.533746115517220510e+00,3.555204682918875925e+00,3.576209679008388598e+00,3.596702165082728442e+00,3.619336410163860762e+00,3.641919160772535857e+00,3.664409011696781349e+00,3.687077009529488247e+00,3.711528494802207145e+00,3.736263217094715205e+00,3.761352044263083449e+00,3.786915576136789419e+00,3.813063397763610585e+00,3.839917279583416665e+00,3.867573197336562796e+00,3.896124611925813941e+00,3.925612338707423543e+00,3.956021325038099778e+00,3.987307549716598842e+00,4.019380833123972430e+00,4.052130160862674302e+00,4.087134453292476266e+00,4.123240185320060647e+00,4.159688833756901793e+00,4.199531926157547446e+00,4.239936880837625210e+00,4.282333879876952132e+00,4.327919808612563202e+00,4.375878228873354203e+00,4.426681112745698421e+00,4.483203188672992390e+00,4.543649044863695252e+00,4.614353035773449463e+00,4.700277960198293137e+00,9.999872688947819555e+00,9.999899751437386186e+00,9.999899922355403703e+00,9.999899979816685658e+00,9.999900008639231785e+00,9.999900025961752092e+00,9.999900037522394314e+00,9.999900045786011660e+00,9.999900051986999827e+00,9.999900056811959814e+00,9.999900060673160951e+00,9.999900063833129238e+00,9.999900066466993920e+00,9.999900068696046418e+00,9.999900070606951630e+00,9.999900072263285367e+00,9.999900073712742810e+00,9.999900074991801446e+00,9.999900076128843907e+00,9.999900077146278932e+00,9.999900078062033515e+00,9.999900078890627597e+00,9.999900079643937900e+00,9.999900080331778796e+00
2.856188661361384273e+00,2.867401541867028669e+00,2.877958853643066028e+00,2.890535843665397842e+00,2.902422129785592553e+00,2.913549267912247664e+00,2.926008147479072008e+00,2.938505123663558205e+00,2.950142671726825316e+00,2.962782348110224007e+00,2.975791491579175219e+00,2.987852583298820086e+00,3.000995330406441841e+00,3.014384388753039712e+00,3.026756994386238908e+00,3.040721796579536118e+00,3.054335022443238845e+00,3.066974671877247260e+00,3.081965402303745272e+00,3.095634448343405953e+00,3.109773892464555267e+00,3.124648500015855479e+00,3.138217956255719532e+00,3.154077629726057097e+00,3.168631473313687330e+00,3.184084724867346061e+00,3.199632462097945051e+00,3.214846636142325575e+00,3.231356884469749335e+00,3.246552809780117510e+00,3.263944380411604840e+00,3.279446559910784487e+00,3.297514821750618719e+00,3.313582243427022345e+00,3.332160379751426316e+00,3.348901641273238194e+00,3.367933613768505641e+00,3.385704020695328165e+00,3.404831724923158109e+00,3.423829650883967179e+00,3.442807141719027353e+00,3.463146896011263021e+00,3.482421713319530543e+00,3.503492163400424353e+00,3.524576809430043145e+00,3.544935165057269355e+00,3.567437228855369291e+00,3.589908456893095678e+00,3.612098692215924167e+00,3.635027986686557799e+00,3.659347912605788622e+00,3.683803418965149845e+00,3.708505347517127682e+00,3.733564772249308827e+00,3.759176621235011062e+00,3.786172651785078447e+00,3.813872534214767462e+00,3.842219443992552996e+00,3.871263850037525156e+00,3.901048053066267673e+00,3.931619601517191143e+00,3.963995017636667839e+00,3.997387697294406905e+00,4.031492133659563493e+00,4.066145404489073023e+00,4.103400430291038070e+00,4.141522280126435973e+00,4.181473548445550747e+00,4.222701354221540804e+00,4.267217391453820952e+00,4.313679375291484597e+00,4.362905545054814205e+00,4.415356202422163534e+00,4.472179578464478666e+00,4.535056984761656196e+00,4.606808132983100101e+00,4.695275537687766843e+00,9.999873036160726869e+00,9.999899747103373926e+00,9.999899920126583908e+00,9.999899978322115857e+00,9.999900007515176270e+00,9.999900025061347009e+00,9.999900036771412815e+00,9.999900045141883353e+00,9.999900051423177061e+00,9.999900056310588425e+00,9.999900060221799336e+00,9.999900063422700214e+00,9.999900066090695816e+00,9.999900068348638982e+00,9.999900070284311937e+00,9.999900071962120052e+00,9.999900073430369574e+00,9.999900074726014054e+00,9.999900075877802053e+00,9.999900076908431856e+00,9.999900077836063161e+00,9.999900078675404202e+00,9.999900079438486244e+00
2.802853007517298600e+00,2.815306488894307790e+00,2.826960813884225932e+00,2.837872657093058137e+00,2.849758254756727283e+00,2.862201350409768530e+00,2.873769903639019851e+00,2.885370670952154271e+00,2.898541932374520513e+00,2.910705947918337255e+00,2.922367425295334886e+00,2.936157206970790412e+00,2.948820609978386464e+00,2.960928345401978135e+00,2.975181349562715294e+00,2.988214776898536318e+00,3.001164036886661890e+00,3.015687911707086943e+00,3.028941380375204329e+00,3.043087934023626762e+00,3.057676919768128165e+00,3.070987239290577264e+00,3.086618862697795063e+00,3.101072932085952250e+00,3.115925885165478082e+00,3.131589432171975940e+00,3.145804334463222940e+00,3.162696664835555893e+00,3.177777123896183387e+00,3.194566501428566241e+00,3.210539180821279537e+00,3.227378315894452676e+00,3.244153795643300420e+00,3.261287245698898829e+00,3.278732215104683601e+00,3.296420001799546640e+00,3.314354161943543264e+00,3.332848354081241915e+00,3.351055022278205620e+00,3.370575465789588332e+00,3.388839222207080226e+00,3.409535046742281139e+00,3.428979059762714332e+00,3.449602406442112912e+00,3.470756629966600837e+00,3.490933795634073356e+00,3.513418402534424612e+00,3.535737606989288295e+00,3.557528049237371981e+00,3.580901336065746676e+00,3.604990733313794937e+00,3.629047379684795072e+00,3.653165291758431188e+00,3.678223156352623313e+00,3.704665755021769424e+00,3.731543816552885584e+00,3.758963204558424920e+00,3.787043196186285599e+00,3.815881595442087715e+00,3.845555876748687485e+00,3.876107965180003667e+00,3.907536709439712208e+00,3.939802896211227701e+00,3.972812369294817625e+00,4.008389102999537101e+00,4.044871267005154536e+00,4.081614160376193290e+00,4.121578026340530165e+00,4.161629777680618147e+00,4.205304499876487689e+00,4.250254152568581745e+00,4.297527836853297423e+00,4.348228165612734841e+00,4.402775262850719962e+00,4.460621721998158762e+00,4.526231801916013708e+00,4.599398360381292683e+00,4.689608739989830966e+00,9.999872692176433375e+00,9.999899742694001503e+00,9.999899917888503964e+00,9.999899976826773340e+00,9.999900006391222007e+00,9.999900024161004097e+00,9.999900036020472172e+00,9.999900044497858076e+00,9.999900050859340084e+00,9.999900055809236576e+00,9.999900059770453709e+00,9.999900063012292506e+00,9.999900065714413699e+00,9.999900068001242204e+00,9.999900069961682902e+00,9.999900071660961842e+00,9.999900073148003443e+00,9.999900074460231991e+00,9.999900075626763751e+00,9.999900076670588334e+00,9.999900077610096361e+00,9.999900078460184361e+00
2.749593627152944197e+00,2.760250641580361375e+00,2.771669778609798573e+00,2.784013926927327187e+00,2.795474878132647056e+00,2.806210701885521352e+00,2.819348327937034160e+00,2.831593059052812222e+00,2.842980503813099080e+00,2.855834488053820674e+00,2.868802968640944862e+00,2.880781790640162043e+00,2.893698998932956457e+00,2.907279795952983026e+00,2.919753846862428226e+00,2.933121739382087867e+00,2.947158625867430715e+00,2.959999154203982297e+00,2.974210836343400111e+00,2.988511837473974531e+00,3.001569386206268231e+00,3.016977009615984695e+00,3.031336057531091477e+00,3.045527781730838157e+00,3.061335645363653324e+00,3.075553522169919507e+00,3.091725994428600632e+00,3.107110824891301082e+00,3.122706920256693497e+00,3.139277581537680994e+00,3.154491574996787673e+00,3.172223927848375702e+00,3.187865746933744138e+00,3.206117474381930510e+00,3.222510487152617564e+00,3.241106590925175723e+00,3.258110704972659644e+00,3.277301348482426047e+00,3.294732803793466225e+00,3.314761677352727531e+00,3.332851904881476202e+00,3.353467243873331949e+00,3.373049140545913094e+00,3.393342683317833064e+00,3.414530930309457535e+00,3.434445355149725820e+00,3.457061971544090007e+00,3.479140272778371124e+00,3.500454922622820764e+00,3.524424324244264994e+00,3.548151868567127387e+00,3.571603084136242945e+00,3.595749294962474529e+00,3.621591578449523841e+00,3.647649114085234068e+00,3.674036893372127466e+00,3.700904871121223128e+00,3.728412015476878061e+00,3.756732258566413130e+00,3.785998345090675787e+00,3.816349647173782778e+00,3.847839917139997290e+00,3.880434947751586261e+00,3.914043907007548562e+00,3.948516672442641706e+00,3.983692014895480416e+00,4.020543168688004876e+00,4.059774991006166012e+00,4.098732256514804106e+00,4.141854800468975029e+00,4.185352885200003925e+00,4.231043836277264880e+00,4.280333586194778661e+00,4.332148113349304275e+00,4.388207606774088276e+00,4.449253933179667442e+00,4.516322556497949670e+00,4.592156852634601272e+00,4.684923098331971403e+00,9.999872828679393422e+00,9.999899738299806273e+00,9.999899915655364069e+00,9.999899975330528434e+00,9.999900005267356562e+00,9.999900023260719806e+00,9.999900035269506660e+00,9.999900043853825693e+00,9.999900050295547516e+00,9.999900055307916702e+00,9.999900059319122292e+00,9.999900062601891904e+00,9.999900065338138688e+00,9.999900067653852531e+00,9.999900069639060973e+00,9.999900071359810738e+00,9.999900072865642642e+00,9.999900074194455257e+00,9.999900075375730779e+00,9.999900076432748364e+00,9.999900077384134889e+00
2.691469676810350542e+00,2.703681673969431376e+00,2.715006248117379783e+00,2.725602954086709495e+00,2.737958063534506881e+00,2.750273200677550989e+00,2.761689103415894575e+00,2.773146857999784221e+00,2.786454343227457553e+00,2.798669523877904908e+00,2.810015573878033024e+00,2.823798140046699601e+00,2.836749841912679759e+00,2.848692089922352899e+00,2.862538471917771332e+00,2.876111274396568884e+00,2.888552878987050043e+00,2.902863581395376702e+00,2.916892621254767892e+00,2.929701721861462271e+00,2.944880294210864502e+00,2.959164085387647969e+00,2.972583268463624417e+00,2.988597520947029018e+00,3.002921337771166321e+00,3.018135410438370414e+00,3.033911921884970386e+00,3.048106124746042589e+00,3.065321675754162367e+00,3.080637970476880039e+00,3.097353067545709493e+00,3.113835769365871364e+00,3.130232434824157917e+00,3.147838405267926909e+00,3.164199929755428187e+00,3.182809512723011380e+00,3.199474225942438466e+00,3.218894657837803042e+00,3.236226422595696484e+00,3.256191985082467433e+00,3.274529364587973390e+00,3.294734334019954414e+00,3.314378538068274427e+00,3.334493234953508800e+00,3.355635629027304390e+00,3.375378987663299135e+00,3.398105087460348006e+00,3.419790162142701817e+00,3.441532987561540580e+00,3.465286598971041521e+00,3.488443705532315864e+00,3.511257502150137100e+00,3.536683834110732505e+00,3.562031305317125529e+00,3.587392789665327708e+00,3.612882543172158734e+00,3.639853433363600566e+00,3.667992475331343982e+00,3.696666443148536541e+00,3.725991748443412632e+00,3.756085568424913923e+00,3.787027963655587914e+00,3.818863792292466641e+00,3.851595103049005431e+00,3.885157016743173930e+00,3.920337603290348305e+00,3.957768455211435832e+00,3.995596218446948900e+00,4.034216484774365341e+00,4.076490644494162652e+00,4.118687873994666404e+00,4.164319571084076799e+00,4.212344473114544741e+00,4.262731001655788887e+00,4.316285837601256503e+00,4.373160707929422131e+00,4.436162024574437091e+00,4.504703552182310666e+00,4.584032679736658622e+00,4.679952145027054478e+00,9.999872693917868816e+00,9.999899733896544518e+00,9.999899913428603071e+00,9.999899973836631872e+00,9.999900004143585264e+00,9.999900022360497687e+00,9.999900034518718783e+00,9.999900043209827061e+00,9.999900049731799356e+00,9.999900054806602157e+00,9.999900058867805086e+00,9.999900062191505512e+00,9.999900064961876112e+00,9.999900067306471740e+00,9.999900069316447926e+00,9.999900071058664963e+00,9.999900072583287169e+00,9.999900073928683852e+00,9.999900075124703136e+00,9.999900076194913723e+00
2.632063876954858106e+00,2.642510162938274565e+00,2.654052267509712237e+00,2.666444506009075344e+00,2.677890822148516037e+00,2.688570410283158463e+00,2.701449395570993062e+00,2.713944221313410399e+00,2.725482120339660419e+00,2.737377111145132158e+00,2.750925532050721767e+00,2.763303295326371867e+00,2.774763348172783584e+00,2.789102364672468415e+00,2.802251731340155594e+00,2.814328043637124299e+00,2.828727394217648961e+00,2.842522306328076898e+00,2.855112217967930910e+00,2.870000769613132441e+00,2.884260514124374453e+00,2.897216153581481102e+00,2.913035178695645655e+00,2.927535819137909279e+00,2.941506523773000925e+00,2.957825899305733586e+00,2.972336103985360634e+00,2.988231862274789208e+00,3.004247156441407718e+00,3.018958907337676134e+00,3.036612583867559945e+00,3.052094439766567024e+00,3.069640375696588652e+00,3.086302774478830280e+00,3.103572645782755046e+00,3.121356942339185370e+00,3.138654930969412504e+00,3.157422112747372278e+00,3.175105127099875357e+00,3.194636018798823418e+00,3.213086840385518617e+00,3.233082574819083455e+00,3.252657466797747698e+00,3.272787825318842270e+00,3.293751033180793542e+00,3.313693572626016159e+00,3.336209655027921439e+00,3.357235020914550283e+00,3.379802133521454532e+00,3.403057244747032417e+00,3.425264777244859449e+00,3.449542298643126337e+00,3.474401933001665554e+00,3.498864413975987020e+00,3.523366344764128133e+00,3.550400840333576280e+00,3.577603000362362007e+00,3.605103548453537865e+00,3.633069557172705188e+00,3.661691013626885649e+00,3.691159746950499088e+00,3.721682752385792714e+00,3.753375283312405220e+00,3.786310488817851372e+00,3.820463981351454930e+00,3.855696058927639669e+00,3.891814575162940937e+00,3.928623519639395489e+00,3.967625185944389621e+00,4.008795429731243587e+00,4.049823625661346682e+00,4.095323865190831469e+00,4.141774609769177218e+00,4.189931111979428024e+00,4.241371362787369037e+00,4.297277686642706485e+00,4.357462726842819656e+00,4.420374768726077264e+00,4.492146947983850502e+00,4.574508928491083815e+00,4.674403339587725803e+00,9.999873019666013718e+00,9.999899729479375665e+00,9.999899911196230562e+00,9.999899972341559362e+00,9.999900003019511985e+00,9.999900021460334187e+00,9.999900033767831431e+00,9.999900042565856850e+00,9.999900049168052973e+00,9.999900054305307151e+00,9.999900058416503867e+00,9.999900061781131555e+00,9.999900064585622417e+00,9.999900066959101608e+00,9.999900068993840208e+00,9.999900070757526294e+00,9.999900072300938803e+00,9.999900073662917777e+00,9.999900074873679046e+00
2.567229113515566929e+00,2.579733352997296336e+00,2.591233179765849659e+00,2.601927505920024863e+00,2.613358054204332426e+00,2.626215008492672975e+00,2.638003209893755585e+00,2.648940787244302708e+00,2.661806765843058642e+00,2.674754486935726483e+00,2.686625127705731142e+00,2.698340805717648561e+00,2.712463541490041763e+00,2.725249938680896822e+00,2.737005816092532129e+00,2.751429723945328920e+00,2.765056736443424423e+00,2.777477868736654365e+00,2.791941873229645044e+00,2.806261093766790449e+00,2.819223086405347800e+00,2.834222014186839278e+00,2.849020946539854826e+00,2.862355285246097836e+00,2.878386517948671397e+00,2.893406563458041258e+00,2.907377797538815312e+00,2.924412147385655469e+00,2.939386287035900658e+00,2.955530829371447066e+00,2.972137879392233728e+00,2.986990137629598419e+00,3.005379682009682529e+00,3.021312712800906741e+00,3.039342207285415487e+00,3.056514063908474466e+00,3.074290652339195073e+00,3.092623388926753147e+00,3.110491345571406274e+00,3.129810188178445252e+00,3.148172968738795596e+00,3.168210093112905135e+00,3.187477633236206476e+00,3.207892087013229254e+00,3.228431612120852279e+00,3.248862899007260108e+00,3.270925019279789847e+00,3.291047982587979703e+00,3.314756483143546095e+00,3.337124894566188438e+00,3.359651915437752212e+00,3.384309558710223875e+00,3.408115847455984060e+00,3.432004027094946341e+00,3.458404614365915730e+00,3.484608491932520646e+00,3.510673928773609731e+00,3.536971241184745818e+00,3.565803293506810689e+00,3.595076211882186179e+00,3.624916034843085111e+00,3.655469688944976703e+00,3.686877510571172412e+00,3.719246275564838555e+00,3.752628557117849706e+00,3.787010553621861231e+00,3.822320014847633285e+00,3.858431090236111860e+00,3.898130454407530365e+00,3.938317336757771958e+00,3.978512809796956429e+00,4.023619143653993646e+00,4.068018931322917808e+00,4.116514095000099793e+00,4.167511628298766091e+00,4.221101555412732687e+00,4.277921975460107440e+00,4.337899857366743106e+00,4.406129414114348997e+00,4.480064291597212645e+00,4.562557292945815135e+00,4.667989336001413747e+00,6.583245032706784627e+00,9.999899725011449192e+00,9.999899908965209860e+00,9.999899970846882979e+00,9.999900001896328661e+00,9.999900020560202663e+00,9.999900033017132372e+00,9.999900041921918614e+00,9.999900048604331460e+00,9.999900053804029909e+00,9.999900057965218636e+00,9.999900061370770032e+00,9.999900064209379380e+00,9.999900066611738580e+00,9.999900068671241371e+00,9.999900070456394729e+00,9.999900072018595765e+00,9.999900073397155253e+00
2.501278348900471293e+00,2.512030062455787416e+00,2.522082055730648253e+00,2.534965862325936126e+00,2.547109997291559402e+00,2.558298753058576569e+00,2.568737070559845570e+00,2.582466837078774891e+00,2.594918640073250238e+00,2.606362184125121217e+00,2.618402347299457755e+00,2.632218620746408444e+00,2.644726258287633858e+00,2.656226010300069440e+00,2.670524477300995514e+00,2.684085943752442915e+00,2.696413343223482695e+00,2.710196014764870931e+00,2.724720315865253095e+00,2.737786296930537766e+00,2.751573934249435194e+00,2.766880283259980366e+00,2.780533083639592729e+00,2.794930950703612638e+00,2.810744820312939929e+00,2.824779383690076973e+00,2.840391342853717305e+00,2.856382271224088498e+00,2.870565889072517862e+00,2.887890971155461450e+00,2.903734256348216469e+00,2.919477702140643061e+00,2.937207145068068126e+00,2.952628620096039658e+00,2.971210128553608332e+00,2.988007796707144781e+00,3.006016577492471420e+00,3.024179761491746277e+00,3.041933744819151020e+00,3.061348861457690695e+00,3.079262991730571386e+00,3.099702895636915478e+00,3.118256689483660082e+00,3.139375478705380029e+00,3.159046413107507778e+00,3.180422288144359122e+00,3.201595643378626566e+00,3.222803145485231724e+00,3.245728287600512907e+00,3.266519026873974774e+00,3.291168345004479079e+00,3.314639789815748472e+00,3.337589019329153750e+00,3.363506053096661841e+00,3.388717168464704610e+00,3.413092198300659241e+00,3.440513620804114936e+00,3.468306226913349999e+00,3.496158287149548904e+00,3.524231503257753140e+00,3.552728451183025715e+00,3.583127155695930988e+00,3.614669125602735011e+00,3.646948688257140248e+00,3.680058843119852874e+00,3.714052401456625407e+00,3.748911629965785863e+00,3.786363732828071704e+00,3.825177358030024788e+00,3.864595521225623109e+00,3.904371981789232393e+00,3.948684391474233113e+00,3.992455996342437086e+00,4.040518785690619730e+00,4.089288072204896096e+00,4.140326374368092033e+00,4.195615314936759432e+00,4.255682437724884970e+00,4.319907599273795640e+00,4.388421755913030076e+00,4.465031719341348904e+00,4.552660047498659601e+00,4.660047787424812960e+00,9.999873038321771546e+00,9.999899720691809435e+00,9.999899906733121568e+00,9.999899969352489038e+00,9.999900000772790065e+00,9.999900019660170614e+00,9.999900032266396011e+00,9.999900041278007023e+00,9.999900048040631262e+00,9.999900053302772207e+00,9.999900057513945839e+00,9.999900060960419168e+00,9.999900063833145225e+00,9.999900066264386211e+00,9.999900068348649640e+00,9.999900070155270271e+00,9.999900071736258056e+00
2.428496434371612445e+00,2.439474044510619777e+00,2.452170758816525797e+00,2.463749151887713484e+00,2.474450786628213272e+00,2.485571915863982184e+00,2.498909472080820926e+00,2.510991556950822101e+00,2.522105202097116194e+00,2.534212183568913535e+00,2.547881283697777555e+00,2.560228086550908611e+00,2.571564003280618849e+00,2.585442802537657681e+00,2.599100417074004188e+00,2.611453434116994377e+00,2.624078281301362559e+00,2.639053572739995079e+00,2.652393341851980058e+00,2.664535757245632741e+00,2.680433908172752400e+00,2.694646959156635990e+00,2.707449263326151101e+00,2.723561170274570120e+00,2.738441641952503058e+00,2.751753347739071209e+00,2.768649028171640936e+00,2.783919590620156814e+00,2.798001465426518397e+00,2.815758520527866349e+00,2.831106748812950435e+00,2.847380319865038700e+00,2.864781626639068879e+00,2.879911707098024021e+00,2.898762573078244031e+00,2.915454115100679644e+00,2.933321023779578152e+00,2.951658388699674784e+00,2.968798749133038317e+00,2.988757677378041322e+00,3.005691187146250165e+00,3.027000752768962410e+00,3.044765621409956768e+00,3.066598259460392217e+00,3.085019774971121453e+00,3.107684574100571417e+00,3.127088881350485572e+00,3.150285776535991733e+00,3.171616576608400351e+00,3.194307748214631815e+00,3.217782005914465060e+00,3.239593377639945704e+00,3.265193381902494973e+00,3.289488232217487873e+00,3.313450202617860274e+00,3.340498681758988564e+00,3.366932998214162254e+00,3.392688851321800758e+00,3.420684535198998955e+00,3.449972297420331291e+00,3.479483435797073643e+00,3.509418743053956291e+00,3.539994505642710010e+00,3.571464725430088194e+00,3.604108545913874195e+00,3.638099041773157349e+00,3.673513620616007724e+00,3.710304009062299624e+00,3.748249362552115826e+00,3.787094454450597780e+00,3.826564128632877537e+00,3.869840940595947743e+00,3.913999475264853700e+00,3.959907897549687306e+00,4.008167412268079488e+00,4.059988686367894672e+00,4.113923645270484819e+00,4.171194634103018828e+00,4.232242777249299870e+00,4.296334423642329092e+00,4.369627761705090485e+00,4.448955876303742230e+00,4.540812002820819870e+00,4.650081607184779919e+00,9.999873034644485514e+00,9.999899716237244718e+00,9.999899904499363501e+00,9.999899967857636796e+00,9.999899999649240812e+00,9.999900018760127907e+00,9.999900031515631227e+00,9.999900040634088327e+00,9.999900047476931064e+00,9.999900052801518058e+00,9.999900057062680148e+00,9.999900060550077185e+00,9.999900063456923505e+00,9.999900065917040948e+00,9.999900068026066791e+00,9.999900069854151141e+00
2.352267766623524547e+00,2.364496686780115819e+00,2.375668666133500917e+00,2.386009229507227491e+00,2.397451370260533565e+00,2.410580383844361574e+00,2.422453182727862586e+00,2.433362609218705508e+00,2.445070946006574708e+00,2.458829398005610845e+00,2.471187808188443302e+00,2.482489649780621921e+00,2.495402232323021163e+00,2.509425694325416067e+00,2.521997076636871782e+00,2.533480344055782041e+00,2.548430555406916653e+00,2.562336562551619679e+00,2.574839528440484138e+00,2.588643947663364475e+00,2.603858175304850864e+00,2.617325979771693234e+00,2.630552218394028863e+00,2.646916283761483690e+00,2.661201958077918039e+00,2.674612935415471515e+00,2.691808895366944565e+00,2.706674349776054811e+00,2.721125415843101969e+00,2.738709935773218529e+00,2.753853852056273865e+00,2.770132592913364888e+00,2.787615648381478461e+00,2.802719190467626742e+00,2.821383623031679999e+00,2.838348294808245242e+00,2.855412087523160558e+00,2.874447439562866080e+00,2.890604052443838334e+00,2.911302337002064977e+00,2.928823561353068428e+00,2.949228114402568934e+00,2.968007586086689908e+00,2.988545418078087934e+00,3.008350590417501191e+00,3.029514742219253431e+00,3.050002209755683147e+00,3.072270581622663865e+00,3.093011070981285471e+00,3.116774010586658594e+00,3.137432925837283282e+00,3.162840822985698797e+00,3.186310749095373929e+00,3.210163525679837537e+00,3.236337173082566743e+00,3.261028565287035441e+00,3.286951760160722547e+00,3.314954276484409768e+00,3.342401733305071510e+00,3.369262142833294948e+00,3.398767339549732203e+00,3.429496319266473137e+00,3.460608683037753597e+00,3.492326069621935147e+00,3.524866425312589868e+00,3.558459880517438556e+00,3.593279892284423571e+00,3.629399981857165614e+00,3.666768847401237874e+00,3.705219600930646617e+00,3.744544496556588165e+00,3.786099086554971294e+00,3.830951070385161028e+00,3.875034470298240663e+00,3.924139294066054440e+00,3.972379422368326196e+00,4.026101197522811148e+00,4.082427672058008383e+00,4.141649875152260130e+00,4.203991005260959923e+00,4.274222147102446634e+00,4.347969049651783102e+00,4.431714700980751154e+00,4.524637923569280851e+00,4.642699108764893445e+00,9.999872699520825137e+00,9.999899711925698043e+00,9.999899902273051921e+00,9.999899966364200310e+00,9.999899998526151634e+00,9.999900017860285928e+00,9.999900030765067172e+00,9.999900039990285094e+00,9.999900046913305474e+00,9.999900052300310094e+00,9.999900056611449983e+00,9.999900060139758295e+00,9.999900063080712442e+00,9.999900065569706342e+00,9.999900067703491047e+00
2.271322132154735218e+00,2.282278685089932146e+00,2.292409383910291698e+00,2.303510890899131525e+00,2.316737520431934705e+00,2.328625763439005514e+00,2.339503819842361221e+00,2.349951425332168053e+00,2.364195504301136452e+00,2.376840341178438454e+00,2.388313939404754116e+00,2.399201131078742666e+00,2.414079926269327103e+00,2.427198958788265415e+00,2.439047459601242807e+00,2.451518634956484366e+00,2.466554404556150715e+00,2.479803112813869781e+00,2.491764452028332855e+00,2.506793079343970554e+00,2.521504307058774152e+00,2.534549377234977197e+00,2.548426977200913157e+00,2.564542305040541148e+00,2.578579567338530332e+00,2.592020627227997309e+00,2.609296583861404173e+00,2.624131240271590393e+00,2.638059000299331380e+00,2.656066608313266020e+00,2.671397268484193344e+00,2.686772114424914371e+00,2.704968049838650135e+00,2.720441539617211468e+00,2.738087053032527862e+00,2.755912496249036447e+00,2.771196302003165801e+00,2.791579101147180886e+00,2.808629188752685302e+00,2.827738515640877193e+00,2.846698373654021896e+00,2.864794656553259156e+00,2.885678679443920203e+00,2.903235823400384330e+00,2.925864159967005218e+00,2.944103567745276262e+00,2.967511003410777004e+00,2.986500332850059447e+00,3.010779156182942451e+00,3.031182166391053201e+00,3.055687110073447954e+00,3.078375257584503366e+00,3.102101952624416015e+00,3.127289718644394423e+00,3.149825149414557490e+00,3.177408914030445342e+00,3.203608993874030642e+00,3.228263361584692515e+00,3.257506193444595688e+00,3.286204262640346485e+00,3.314324447001292029e+00,3.342679118944345440e+00,3.374444145239021253e+00,3.406586549759427651e+00,3.439298436616772481e+00,3.472809547748947789e+00,3.507334558527195334e+00,3.543052991444661792e+00,3.580041462657221008e+00,3.618253212028046839e+00,3.657532171358250928e+00,3.697662733344319719e+00,3.741913072569336141e+00,3.787315903202324474e+00,3.832162635931305683e+00,3.883627971766705489e+00,3.934865006302614709e+00,3.988213696456075041e+00,4.046742709361673462e+00,4.107963888019542154e+00,4.175294427285266785e+00,4.246665964239040747e+00,4.325240430785548540e+00,4.411198123822389405e+00,4.511280497114329435e+00,4.633513811199887478e+00,9.999873023800176952e+00,9.999899707417389649e+00,9.999899900043041967e+00,9.999899964870216706e+00,9.999899997402454943e+00,9.999900016960339144e+00,9.999900030014464036e+00,9.999900039346469427e+00,9.999900046349644356e+00,9.999900051799109235e+00,9.999900056160223372e+00,9.999900059729446511e+00,9.999900062704510262e+00,9.999900065222378842e+00
2.182772304701982247e+00,2.192900747666150618e+00,2.202439115757129695e+00,2.216276815408524836e+00,2.228543167305792494e+00,2.239659801553039564e+00,2.249891590729403923e+00,2.262601527912999622e+00,2.276038208668468510e+00,2.288037772598940034e+00,2.298969686704454229e+00,2.311399558272443588e+00,2.325733431523595574e+00,2.338394041423295100e+00,2.349845121511201285e+00,2.363160776632697413e+00,2.377948444880809475e+00,2.390950110886870039e+00,2.402676610759296061e+00,2.418007991468462237e+00,2.432737905148533830e+00,2.445726257441601437e+00,2.459093128819720420e+00,2.475638142283937970e+00,2.489872785130957666e+00,2.502551649421082214e+00,2.520138178630374703e+00,2.535469549923029309e+00,2.548923513195562762e+00,2.566683974223994191e+00,2.582816407389088909e+00,2.596844274331191471e+00,2.615574846203220893e+00,2.632087958153360496e+00,2.646959042548310048e+00,2.666853504237065131e+00,2.683284951491050840e+00,2.701239285762152775e+00,2.720270794365190259e+00,2.736250641255161042e+00,2.757625315027758983e+00,2.775402691263646915e+00,2.795721102167392669e+00,2.815377680689881590e+00,2.835009825117101201e+00,2.856436895732012538e+00,2.875996212664471585e+00,2.898856547707401976e+00,2.919130235566504972e+00,2.942828835388494380e+00,2.964615946954237025e+00,2.988415289903438410e+00,3.012302310760381463e+00,3.035526143165856894e+00,3.061795398175972238e+00,3.084940281156431041e+00,3.112596084773749716e+00,3.139694413987307531e+00,3.164504040965948839e+00,3.194402748084942623e+00,3.223938317853796143e+00,3.252746323855796984e+00,3.281427081799805467e+00,3.314070172352578503e+00,3.347086042179701515e+00,3.380645280273617992e+00,3.415017520759844327e+00,3.450441695149054411e+00,3.487124629806905407e+00,3.525154569976979513e+00,3.564474318912397521e+00,3.604900708230570405e+00,3.646175732855208462e+00,3.691861687446893914e+00,3.738779966759295359e+00,3.785087483671106590e+00,3.838374360926365636e+00,3.891797729912860326e+00,3.946587902083117605e+00,4.007052309135434420e+00,4.071400251795147085e+00,4.142358898184272498e+00,4.214895839120242016e+00,4.297286000002704220e+00,4.387941426681565282e+00,4.490908405703922135e+00,4.618898102540744510e+00,9.999872728139141742e+00,9.999899703033362286e+00,9.999899897805951454e+00,9.999899963374867085e+00,9.999899996279344450e+00,9.999900016060417229e+00,9.999900029263802281e+00,9.999900038702630667e+00,9.999900045786043634e+00,9.999900051297926140e+00,9.999900055709002089e+00,9.999900059319145385e+00,9.999900062328320516e+00
2.086380797335996906e+00,2.096035552317276895e+00,2.107256259277969335e+00,2.120625074917251496e+00,2.132479759621311199e+00,2.143231265563432242e+00,2.153133752626950059e+00,2.166738031230264205e+00,2.180008256968958946e+00,2.191820031610283603e+00,2.202557914254946514e+00,2.215034506156719818e+00,2.229548470137276528e+00,2.242253042872163871e+00,2.253677964831965586e+00,2.266260667933281514e+00,2.281599799253138272e+00,2.294885816193027228e+00,2.306756829004786624e+00,2.320858471099374931e+00,2.336413822804437324e+00,2.349876700753010805e+00,2.361903184139258371e+00,2.378719281263148577e+00,2.393894189347486101e+00,2.407133101898637051e+00,2.422418408633428388e+00,2.439273158425977250e+00,2.453640777058100575e+00,2.468219712428387336e+00,2.486480115615178565e+00,2.501742110207585856e+00,2.516790577300441534e+00,2.535875969591471879e+00,2.551665703911049299e+00,2.568429850402718539e+00,2.587596036102266517e+00,2.603477266299246029e+00,2.622942413675088513e+00,2.641499031696928235e+00,2.657813295808598042e+00,2.679732288647825644e+00,2.697224120363482136e+00,2.718532720579212025e+00,2.738080907055726598e+00,2.758382341251226499e+00,2.779956329471855891e+00,2.799855519469356402e+00,2.823166530154309406e+00,2.843538122141799462e+00,2.867953453843604894e+00,2.889749286851435617e+00,2.914438413673188677e+00,2.938412280200771498e+00,2.962545593270440314e+00,2.989095887588733458e+00,3.012070419739471649e+00,3.041211750966575700e+00,3.068331805252328515e+00,3.094204665123654330e+00,3.124902506485693454e+00,3.154631650130834242e+00,3.183107462210759131e+00,3.214241971772553441e+00,3.247564542241085483e+00,3.281154734904836445e+00,3.315291212058296466e+00,3.350282578442532966e+00,3.386484046499188771e+00,3.424184979245413540e+00,3.463506245054079447e+00,3.504344536404555566e+00,3.546416510408202605e+00,3.589369290246318123e+00,3.634320689162170215e+00,3.684437079158415340e+00,3.732647875905553470e+00,3.787643205600620622e+00,3.842242690142798622e+00,3.900000713441972522e+00,3.963037860207649477e+00,4.029901390284074125e+00,4.104296456481600686e+00,4.179693527856963797e+00,4.265281656391132437e+00,4.363729124483119115e+00,4.473702609450113776e+00,4.608117740484509284e+00,9.999872701244317597e+00,9.999899698739211473e+00,9.999899895583075349e+00,9.999899961882778854e+00,9.999899995156829036e+00,9.999900015160884337e+00,9.999900028513380335e+00,9.999900038058930463e+00,9.999900045222490874e+00,9.999900050796760809e+00,9.999900055257818110e+00,9.999900058908858469e+00
1.981360730947749227e+00,1.990910212902770926e+00,2.001586595782143263e+00,2.015419626794938690e+00,2.027510789514167300e+00,2.038377596096645483e+00,2.048323868185007779e+00,2.060709743303444696e+00,2.074735570371486038e+00,2.086990338218642105e+00,2.098001001729908221e+00,2.108092543843910871e+00,2.123763643879758245e+00,2.137325943999766054e+00,2.149294594721122831e+00,2.160115584446810733e+00,2.175382898919256291e+00,2.189936946862329759e+00,2.202613436060393060e+00,2.213984571756157482e+00,2.230177172355397364e+00,2.245192106734799076e+00,2.258206365865939258e+00,2.270332426326347797e+00,2.288274570322439416e+00,2.303135186787458100e+00,2.316082555358990103e+00,2.332463414323392215e+00,2.349251170917063369e+00,2.363470374769752080e+00,2.378549606066946875e+00,2.397087872582884138e+00,2.412384473722583689e+00,2.427395930921394385e+00,2.447112990764985785e+00,2.463123510234975555e+00,2.479548035539316686e+00,2.499589851526942130e+00,2.515824097882836785e+00,2.534959559725234790e+00,2.554439908191195929e+00,2.570427306923271260e+00,2.592985883479240972e+00,2.611303757671164849e+00,2.631812471808570475e+00,2.652792947134202883e+00,2.671455556927865072e+00,2.695260842529488610e+00,2.713651086376774657e+00,2.739121371376929570e+00,2.758702083908133762e+00,2.784744629906009905e+00,2.805137292182695585e+00,2.832319816242309773e+00,2.853987474925900880e+00,2.881796422065663776e+00,2.906930339896940385e+00,2.932907901701036657e+00,2.961485600913936977e+00,2.986398478827581027e+00,3.016848300071902855e+00,3.047066108667128681e+00,3.075258081970471569e+00,3.106204149616915711e+00,3.139630347882814032e+00,3.172911440653952031e+00,3.206249131252926876e+00,3.239970328418344536e+00,3.274693531606363894e+00,3.312460119887464582e+00,3.351335386929169324e+00,3.391225306860821576e+00,3.434433343636352998e+00,3.479505649555080460e+00,3.525343822952146766e+00,3.571470475984301007e+00,3.621382014632124946e+00,3.674271107551072113e+00,3.728987703178791691e+00,3.785444936873012978e+00,3.848234679109145961e+00,3.913806001001843615e+00,3.982617283192542601e+00,4.060386752383449149e+00,4.139530428568904519e+00,4.229730765654422520e+00,4.333704264525526817e+00,4.448964461736934162e+00,4.592810992456645813e+00,9.999872876555297552e+00,9.999899694351668700e+00,9.999899893354221803e+00,9.999899960389065257e+00,9.999899994033842887e+00,9.999900014261179138e+00,9.999900027762890886e+00,9.999900037415201837e+00,9.999900044658904363e+00,9.999900050295595477e+00,9.999900054806635907e+00
1.866026544347104910e+00,1.876016423000133715e+00,1.885212953786939094e+00,1.897729504259512812e+00,1.911318956828576665e+00,1.923153232754006181e+00,1.933765833926885946e+00,1.943465256970160704e+00,1.956937289031936755e+00,1.971011827306650810e+00,1.983203735138540758e+00,1.994101513022206618e+00,2.004066355023149892e+00,2.020359665672075256e+00,2.034158909383307456e+00,2.046204961293461189e+00,2.057023713139994214e+00,2.072152316520476489e+00,2.087313896423938608e+00,2.100284936242629463e+00,2.111793765459996752e+00,2.127290220716638203e+00,2.143221333088815239e+00,2.156714259236671261e+00,2.168623866593905714e+00,2.186169934867789433e+00,2.202080324705047776e+00,2.215602969769817854e+00,2.229716267177379585e+00,2.248441513667302161e+00,2.263643979380260518e+00,2.276758130255432722e+00,2.296492950115081033e+00,2.313228487646446840e+00,2.327349595825144668e+00,2.346975145150998809e+00,2.364803135979191229e+00,2.379614134965798211e+00,2.400392427544254748e+00,2.418614200759962252e+00,2.433708826550035287e+00,2.456757122977237362e+00,2.474636068318208704e+00,2.494010028289764147e+00,2.515588999078445465e+00,2.532572367699968741e+00,2.556910143804928204e+00,2.576161566801696612e+00,2.599128664754409179e+00,2.620698122084838655e+00,2.642919563697904373e+00,2.666550736276658284e+00,2.689028646040186210e+00,2.714024111386299509e+00,2.737940696920330819e+00,2.763270130543077130e+00,2.789591794029146588e+00,2.814216730714429904e+00,2.843407530379088666e+00,2.867494875546116706e+00,2.898640547903365672e+00,2.928442131795955472e+00,2.954694691004549512e+00,2.988385773613611462e+00,3.021166769949727993e+00,3.052766992511311006e+00,3.083954427161352818e+00,3.120528714740617549e+00,3.157549792006768108e+00,3.195268020654126406e+00,3.233994462240604495e+00,3.273999653373690588e+00,3.315425818930466395e+00,3.358228816852312892e+00,3.402197593323704528e+00,3.447157576696573855e+00,3.499847957570257684e+00,3.550679119796624761e+00,3.604723753517399931e+00,3.661659419445596253e+00,3.723600296922828345e+00,3.787832258746087088e+00,3.856500700210147237e+00,3.929821594711445876e+00,4.006081935711423014e+00,4.094648133992965455e+00,4.189015431534667933e+00,4.298709729133530999e+00,4.419771385582498269e+00,4.575148198566293622e+00,9.999872701967726485e+00,9.999899689976638584e+00,9.999899891126359464e+00,9.999899958895181129e+00,9.999899992910847857e+00,9.999900013361493478e+00,9.999900027012424530e+00,9.999900036771494527e+00,9.999900044095392460e+00,9.999900049794481660e+00
1.736291803462754357e+00,1.748028335028120273e+00,1.758469038584127064e+00,1.767960959920191089e+00,1.777006898224134046e+00,1.792632949851298507e+00,1.805615680826601510e+00,1.816948716867019975e+00,1.827128018237708540e+00,1.836461447131590763e+00,1.852790787464961841e+00,1.866431326229482490e+00,1.878238269296799601e+00,1.888788351234805374e+00,1.900781930534555686e+00,1.917168066760926992e+00,1.930696002974153780e+00,1.942467344393945750e+00,1.953022522916042059e+00,1.970171014924742003e+00,1.985238622812194764e+00,1.998036155689284277e+00,2.009348219313312089e+00,2.026501605367698300e+00,2.042514837307882747e+00,2.055933815105375650e+00,2.067708970167793758e+00,2.086731623308288430e+00,2.102819333997742124e+00,2.116331186314568402e+00,2.131209135252762010e+00,2.150576222706790830e+00,2.165945257875457219e+00,2.179072114996483567e+00,2.199979399277054437e+00,2.217090498631578033e+00,2.231307954264921012e+00,2.251903616364629102e+00,2.270272996407900923e+00,2.285252785510553775e+00,2.306990578341667764e+00,2.325797267929624379e+00,2.341096452142632067e+00,2.365267717779134582e+00,2.383639234228275505e+00,2.403485318512558422e+00,2.426149714909239918e+00,2.443460591960309625e+00,2.468997217652549647e+00,2.488787141246761259e+00,2.512752037926405890e+00,2.535103231950184277e+00,2.558227771272442830e+00,2.582813694697222218e+00,2.606306697047239052e+00,2.632244422990449362e+00,2.657498262878950079e+00,2.683512193927167555e+00,2.711570161247695232e+00,2.736505993614073873e+00,2.767728993032647189e+00,2.793960485825760287e+00,2.825118044917470872e+00,2.857346977917860187e+00,2.886134593888785904e+00,2.919190172287492668e+00,2.954665982965248183e+00,2.989514297021943268e+00,3.023715779033830486e+00,3.057951165323207210e+00,3.097544325803055720e+00,3.137989441113704814e+00,3.179425646154040219e+00,3.221981960085571917e+00,3.265656602306923340e+00,3.312990257160850494e+00,3.364319787374883575e+00,3.414986396174969130e+00,3.465075266998028702e+00,3.525639109946782312e+00,3.582586780376428859e+00,3.646552986262451501e+00,3.714940674867787340e+00,3.786585663347213249e+00,3.861567608325888301e+00,3.949403997584584491e+00,4.041443778032191680e+00,4.142460499655677530e+00,4.257488215475243365e+00,4.386395177369487364e+00,4.550688329873373128e+00,9.999872976243027622e+00,9.999899685590802889e+00,9.999899888898113431e+00,9.999899957402892170e+00,9.999899991788360865e+00,9.999900012462017429e+00,9.999900026262071862e+00,9.999900036127852943e+00,9.999900043531894767e+00
1.587079184758011463e+00,1.595310727348550950e+00,1.611097397112059015e+00,1.624175733728517201e+00,1.635425867680038170e+00,1.645443120419305183e+00,1.654557010077440715e+00,1.667439970872176547e+00,1.682543703181767825e+00,1.695072362361860874e+00,1.706005163218152543e+00,1.715822788886283368e+00,1.728364426645485175e+00,1.744626276177903446e+00,1.757862507268274976e+00,1.769301698858092964e+00,1.779515540219868575e+00,1.794893928156027885e+00,1.810903276328240663e+00,1.824065194815917224e+00,1.835496910348547672e+00,1.847324173489889976e+00,1.866176238566243484e+00,1.880874749522699396e+00,1.893326892997530209e+00,1.904378870339696661e+00,1.924773328803192518e+00,1.940396835396166697e+00,1.953454566479370991e+00,1.966714638657669267e+00,1.987270606744456547e+00,2.002919896492865171e+00,2.016046063734751925e+00,2.034547963983539098e+00,2.053316860807385957e+00,2.068206825223606771e+00,2.083356844837632504e+00,2.105432029321962606e+00,2.121915753467594534e+00,2.135796596704732320e+00,2.160106408177012050e+00,2.177654169977284226e+00,2.192888362033579064e+00,2.217860237791358546e+00,2.235662543461683249e+00,2.255309225145081253e+00,2.278587323972107281e+00,2.295857046367421272e+00,2.320936804655724828e+00,2.341641433708547382e+00,2.362956342543919508e+00,2.388032548690341095e+00,2.406252183418462476e+00,2.435608910852911535e+00,2.455591022083996489e+00,2.484984020292324125e+00,2.506325085912083139e+00,2.536650457789556778e+00,2.558606905829597267e+00,2.590708869063125697e+00,2.615294036716729220e+00,2.646817378321999925e+00,2.677238755794175251e+00,2.704395830709548587e+00,2.739325886966982093e+00,2.771314699064399534e+00,2.801105728089543945e+00,2.838652637816947433e+00,2.875513580483170184e+00,2.911655335618184015e+00,2.947010955124430343e+00,2.985235844423559382e+00,3.027256019590529146e+00,3.070220875533972382e+00,3.114279207745723976e+00,3.159471745013697319e+00,3.209674069949155051e+00,3.262819755495726781e+00,3.315149183818187240e+00,3.366914194720036502e+00,3.430666820753077495e+00,3.490813555701001381e+00,3.556621055028543754e+00,3.628493149467829859e+00,3.703574620335752687e+00,3.786668958709918265e+00,3.875778433536163803e+00,3.974223263892726177e+00,4.079303085168622722e+00,4.202812469698874231e+00,4.348035936309432969e+00,4.524592299794405470e+00,9.999872980724338944e+00,9.999899681134085228e+00,9.999899886670354121e+00,9.999899955909702598e+00,9.999899990665666039e+00,9.999900011562507629e+00,9.999900025511710311e+00,9.999900035484218463e+00
1.419359908826768990e+00,1.432670425307212891e+00,1.443889134015665210e+00,1.453764965232546169e+00,1.462684396156471278e+00,1.470900991686934445e+00,1.488446955777092295e+00,1.502125304661770189e+00,1.513619875101013479e+00,1.523721654356893218e+00,1.532836327642902230e+00,1.547053856204517741e+00,1.563104030428011049e+00,1.575979240251673463e+00,1.587031683889503331e+00,1.596862094741150262e+00,1.610881081581551744e+00,1.628113031301625879e+00,1.641658382453939025e+00,1.653179030867607757e+00,1.663372564724191704e+00,1.681021856939425518e+00,1.697584725062866617e+00,1.710874755963232241e+00,1.722283878195925322e+00,1.736428318028613305e+00,1.755975804929976070e+00,1.770755878331632838e+00,1.783127288401620048e+00,1.796880425624290956e+00,1.817950150812860155e+00,1.833466809134256081e+00,1.846320936499736165e+00,1.863681870441042498e+00,1.883907303495036656e+00,1.899176627937432693e+00,1.911952272347332560e+00,1.935239978815386008e+00,1.953191352526247648e+00,1.967494940674452186e+00,1.988729696574136341e+00,2.009133942090929104e+00,2.024674030029713467e+00,2.045947397268216505e+00,2.067655197214132823e+00,2.083847409332695744e+00,2.107658145230696611e+00,2.128983877547961256e+00,2.145102420494573003e+00,2.173086974637833180e+00,2.192778332106045003e+00,2.216057995135667813e+00,2.240728246577904592e+00,2.258441955706103066e+00,2.289527044898853614e+00,2.309371985066099420e+00,2.339922410483750603e+00,2.361630857828165730e+00,2.392663899215489387e+00,2.415447782652380138e+00,2.448123027557969511e+00,2.470931849609638409e+00,2.506037967539135991e+00,2.534408108523926728e+00,2.565715486994903483e+00,2.600574018713893487e+00,2.628490506527251025e+00,2.665581354079537668e+00,2.703361478219864722e+00,2.739091632063699322e+00,2.771650507586185697e+00,2.813637910138592879e+00,2.856076261358680757e+00,2.899284821044878946e+00,2.943656489685544386e+00,2.989489019778231338e+00,3.036851062123693268e+00,3.085537755593997566e+00,3.135256077800636643e+00,3.195982256501799679e+00,3.253165757861543828e+00,3.314435930658665264e+00,3.379269625517444808e+00,3.451230365239766673e+00,3.526228479028088891e+00,3.606060347496547802e+00,3.689503464037591662e+00,3.788169590433863032e+00,3.892868550367229119e+00,4.004612925035204718e+00,4.142263786243812085e+00,4.299745565049098772e+00,4.489199611941704582e+00,9.999872879091540767e+00,9.999899676754585798e+00,9.999899884444438669e+00,9.999899954416926917e+00,9.999899989543132861e+00,9.999900010663072436e+00,9.999900024761400275e+00
1.220632107182554105e+00,1.233561894717096097e+00,1.244353181324266755e+00,1.253804479620936441e+00,1.262313817139707028e+00,1.270117279164447943e+00,1.288284018026590205e+00,1.302694723390202647e+00,1.314377577658287999e+00,1.324459508989351830e+00,1.333455782715034399e+00,1.342487353408681416e+00,1.362525503949129746e+00,1.376754914933966178e+00,1.388411666689230328e+00,1.398522243858728142e+00,1.407573455715211974e+00,1.426094452836582871e+00,1.442379382617538841e+00,1.455172334574424742e+00,1.466052857327176717e+00,1.475683000881318208e+00,1.495692064194498405e+00,1.512324954350194650e+00,1.525372522623576366e+00,1.536462187698341308e+00,1.549281966353626361e+00,1.571191033671097026e+00,1.586461142803991864e+00,1.598891966020109523e+00,1.609654367652872287e+00,1.633474359207348181e+00,1.650304951637943107e+00,1.663618153955435330e+00,1.674983474089355440e+00,1.700489418520743978e+00,1.717491693844227951e+00,1.730970854118688562e+00,1.749360248376361282e+00,1.771937668648019049e+00,1.787824259449475539e+00,1.800818455531419282e+00,1.828050027487839513e+00,1.846268945777030490e+00,1.860515708948342839e+00,1.887250772724947456e+00,1.906993986412039765e+00,1.922020965856732655e+00,1.950522652159316417e+00,1.970336831884375028e+00,1.987017269079466297e+00,2.017502499949267225e+00,2.036112895826896807e+00,2.063361933525988068e+00,2.086890511211341614e+00,2.107397954972293874e+00,2.138394042576167386e+00,2.157467700038312675e+00,2.191398822044017702e+00,2.212378194979657930e+00,2.246707946308835080e+00,2.268802572116116689e+00,2.304732861114743958e+00,2.326961584864854160e+00,2.365197402207932953e+00,2.397017630242996855e+00,2.427367314691684541e+00,2.465642985857556813e+00,2.497892137793231715e+00,2.532906602252078532e+00,2.574228717395561805e+00,2.614165276621087664e+00,2.651815596658578134e+00,2.689607318842042627e+00,2.735426306837129840e+00,2.782083603066515032e+00,2.829840145270454688e+00,2.878830767216439490e+00,2.929009023289421698e+00,2.988772797303812734e+00,3.048317370898383505e+00,3.105449883124357324e+00,3.174164668466009864e+00,3.237694893768902737e+00,3.314789627816728590e+00,3.394613154303434577e+00,3.478487049089010075e+00,3.571431136388724781e+00,3.672141063433699504e+00,3.783747110172528405e+00,3.915388923772066487e+00,4.057115743522633267e+00,4.234597383610426924e+00,4.450176393597727653e+00,9.999872723834499766e+00,9.999899672376580284e+00,9.999899882216469749e+00,9.999899952924351965e+00,9.999899988420700936e+00,9.999900009763699416e+00
9.725406890830159412e-01,9.796432167476225583e-01,9.954742526634571265e-01,1.011964943703526298e+00,1.024194801474328287e+00,1.034365793750179785e+00,1.043258101401853599e+00,1.051256728925566097e+00,1.058643338005138546e+00,1.081321498130563219e+00,1.095642681164153531e+00,1.107006370733056633e+00,1.116717239543545626e+00,1.125334370400914663e+00,1.134108407587926415e+00,1.157419883217387646e+00,1.172027948672031750e+00,1.183620127134428879e+00,1.193526097311333078e+00,1.202317613139214370e+00,1.222153370591670507e+00,1.240031392651461672e+00,1.253164617531160818e+00,1.264047789800331500e+00,1.273545731979658369e+00,1.293828009174539773e+00,1.312659753905873083e+00,1.326276228465542495e+00,1.337498536257343051e+00,1.347275115416107116e+00,1.373250985756950149e+00,1.390075851745005586e+00,1.402989594270831919e+00,1.413870199573417086e+00,1.437365983250880941e+00,1.456767502169111994e+00,1.470850613432879594e+00,1.482462193219112656e+00,1.507698723994827628e+00,1.527281554073602887e+00,1.541551320616078025e+00,1.553351471398595640e+00,1.583812939271634690e+00,1.601394191928235511e+00,1.614949194320969728e+00,1.641791496854740906e+00,1.662916672924105166e+00,1.677998330494130830e+00,1.703670077795357507e+00,1.727041379607515248e+00,1.742995917599425404e+00,1.771399444462143036e+00,1.794204104734122618e+00,1.810126570442668559e+00,1.843708999515599523e+00,1.864027195237357715e+00,1.890500364224649843e+00,1.918091131114954440e+00,1.935669252202343760e+00,1.973034143143380881e+00,1.993012650700464405e+00,2.029843985277326013e+00,2.051710714182841233e+00,2.089429600142674204e+00,2.112033518023771705e+00,2.151960400758253122e+00,2.176191382045532752e+00,2.216731822513296368e+00,2.254298852340649528e+00,2.282777246237643887e+00,2.326448673348015195e+00,2.367130358456453809e+00,2.397038699115924931e+00,2.443513919794440437e+00,2.490310941210617468e+00,2.537399561522624136e+00,2.585367108082614607e+00,2.634968918140329741e+00,2.686717989821679087e+00,2.740465028008612691e+00,2.795624866755874738e+00,2.851522276920158916e+00,2.923059693510482671e+00,2.987307764880094307e+00,3.064144789151285408e+00,3.136272144711975685e+00,3.217223336319471549e+00,3.315834449518774374e+00,3.415579591493322464e+00,3.527474082660384536e+00,3.649291962308249815e+00,3.789928382237874871e+00,3.945462278940872647e+00,4.141606679071965225e+00,4.388545513962839095e+00,9.999872725392302542e+00,9.999899668087390836e+00,9.999899879990106655e+00,9.999899951431885370e+00,9.999899987298347170e+00
6.576168633444343659e-01,6.641646349875399702e-01,6.712108615505761877e-01,6.975949170459372350e-01,7.112057617918785546e-01,7.217297413636162284e-01,7.306260434811879811e-01,7.384736267149664135e-01,7.455731132901594060e-01,7.546994069813012240e-01,7.809596791198000210e-01,7.948216576242363995e-01,8.055606837586997138e-01,8.146456109270685531e-01,8.226629055917991096e-01,8.299209681850159281e-01,8.556613074799036545e-01,8.720609658115007212e-01,8.839632390192472267e-01,8.937892870856044558e-01,9.023488374019682512e-01,9.100455642481037888e-01,9.393941675513541867e-01,9.549429944100077394e-01,9.666313996945413711e-01,9.764016693936523605e-01,9.849709641919600633e-01,1.011120761449075589e+00,1.029549329327879681e+00,1.042433216895267467e+00,1.052943821146311576e+00,1.062049948886682804e+00,1.091364651058785773e+00,1.109069968633503711e+00,1.121842421104482179e+00,1.132364835825727223e+00,1.153155153585697201e+00,1.177933452213139054e+00,1.192754585557161962e+00,1.204421082990400960e+00,1.221977026113547193e+00,1.250958346321770387e+00,1.266624983492445233e+00,1.278785128334049226e+00,1.305314300561245089e+00,1.328714513914266870e+00,1.343640597335705733e+00,1.355531097174160760e+00,1.391846306051294002e+00,1.409774258667242153e+00,1.423126031268311165e+00,1.458020006384204592e+00,1.478092535887239212e+00,1.492363487503628683e+00,1.529036168061255863e+00,1.549112136891933833e+00,1.563566920674709593e+00,1.604332121039796499e+00,1.622605820978322289e+00,1.657586707204067089e+00,1.681817495361402459e+00,1.705923406409423748e+00,1.741883749432713735e+00,1.759978106723474545e+00,1.803721295568094796e+00,1.823360955379396131e+00,1.868054937625649004e+00,1.888286195707772785e+00,1.934886770345939144e+00,1.973745040262369965e+00,2.003526716123108731e+00,2.049644233626894518e+00,2.087531929960541710e+00,2.123497581094534681e+00,2.172721748705619849e+00,2.220662128236221555e+00,2.266673140546188403e+00,2.302224090212203755e+00,2.355884597100379008e+00,2.410420620569493355e+00,2.465968669033733018e+00,2.537475767390630743e+00,2.602787192220243462e+00,2.665654363472913957e+00,2.738416928221964586e+00,2.815039092963643963e+00,2.902218173793556844e+00,2.992579907611887524e+00,3.089813261328824279e+00,3.190421267590331844e+00,3.314754139945573552e+00,3.444957197264488347e+00,3.602015798412210756e+00,3.787063819264552933e+00,4.003698907529942730e+00,4.294387232979341107e+00,9.999872726802232492e+00,9.999899663721192766e+00,9.999899877765075829e+00,9.999899949939816679e+00
2.183694010503332006e-01,2.245761414595579264e-01,2.302648672294537457e-01,2.355474056951819828e-01,2.671762534339344186e-01,2.831366743647941719e-01,2.938137359383418690e-01,3.024171328731619091e-01,3.098308705860868817e-01,3.164416800563795151e-01,3.224649355833123510e-01,3.280411317916686609e-01,3.667576016016741991e-01,3.798639498957511185e-01,3.896999960154011733e-01,3.979233190893014527e-01,4.051272627410938409e-01,4.116239867455223078e-01,4.334490662544008277e-01,4.590283452032171696e-01,4.716631319218329566e-01,4.814049466889387952e-01,4.896320271023535953e-01,4.968868895331104985e-01,5.034611152758405872e-01,5.439804630368765270e-01,5.578736471756869930e-01,5.682658215469431617e-01,5.769393538578365677e-01,5.845402831807640087e-01,6.161150538440209878e-01,6.365002480401825702e-01,6.489647778622670282e-01,6.588205310864381214e-01,6.672340555673873519e-01,6.965199344679027238e-01,7.198951826357961048e-01,7.330828282209763680e-01,7.433790736466584503e-01,7.521224511653948896e-01,7.908330299306800537e-01,8.086320034994688433e-01,8.208154880024060018e-01,8.306992781870922160e-01,8.656673470810178905e-01,8.872343139058134209e-01,9.005468890473543597e-01,9.110861160505885348e-01,9.500409400660742021e-01,9.699198288014179159e-01,9.830221874132781812e-01,9.935618431324221289e-01,1.039886089845398542e+00,1.055875366226097789e+00,1.067827749165544571e+00,1.112437006370223802e+00,1.130597842497614192e+00,1.143495974972079887e+00,1.189525803304394724e+00,1.207773588546464660e+00,1.220858935218382513e+00,1.270653198737623280e+00,1.287205734083049613e+00,1.332115665181978326e+00,1.353705331315009142e+00,1.391990853790509908e+00,1.421116721391114446e+00,1.437263608479295351e+00,1.490211916895013200e+00,1.526025168812574551e+00,1.561459179088095617e+00,1.607364046687726367e+00,1.634568606661765955e+00,1.686901853496135972e+00,1.708905071967320888e+00,1.765278452109812823e+00,1.820068000278373566e+00,1.872470304928071982e+00,1.901396637386731925e+00,1.960194719269853891e+00,2.019480406216984658e+00,2.079599717820789451e+00,2.140738438227973717e+00,2.202824557692566021e+00,2.294413900331638612e+00,2.363525688310876394e+00,2.452025295965373441e+00,2.530755922405488967e+00,2.632021622277758155e+00,2.736352300280820327e+00,2.856690686099665477e+00,2.983025790220421136e+00,3.144316844373916009e+00,3.319809929118035630e+00,3.530953065241178912e+00,3.778820626250090520e+00,4.148866849496504194e+00,9.999873050427922294e+00,9.999899659254243289e+00,9.999899875528242887e+00
9.999810722878070535e-05,1.000047168835557055e-04,1.000045941135450087e-04,1.000216561342279740e-04,1.000277743312283244e-04,1.000356569444164418e-04,1.000437464498870536e-04,1.000519829920622276e-04,1.000604389379005537e-04,1.000690471974519541e-04,1.000777648434393396e-04,1.000869892440810232e-04,1.000956735295811302e-04,1.001133081306770830e-04,1.001146620321183999e-04,1.001245196562751698e-04,1.001340111144487173e-04,1.001442006001302114e-04,1.001548079987496851e-04,1.001658950004236950e-04,1.001776445710436886e-04,1.001897952047012263e-04,1.002031421778102992e-04,1.002165261322468775e-04,1.002311917003219133e-04,1.002486024053906866e-04,1.002662399848271954e-04,1.002880907303857147e-04,1.003060238846715824e-04,1.003263773542969404e-04,1.003558744504001217e-04,1.003722876186634717e-04,1.004101636043516467e-04,1.004468298514514112e-04,1.004818824646712855e-04,1.005006438818338945e-04,1.005494649304937785e-04,1.006251272770754550e-04,1.006675644997557812e-04,1.007152762906274893e-04,1.008348955152135826e-04,1.002195226322011176e-04,1.009353417968081502e-04,1.010896105556198635e-04,1.012611327526742285e-04,1.020177432198635781e-04,1.015706792015592171e-04,1.030160009084199230e-04,2.024839977568810290e-01,1.002658694492217689e-04,1.008938027191194034e-04,2.319684180319409594e-01,2.387953479457238237e-01,1.002819586673803811e-04,3.162914187678558808e-01,3.245386192739913023e-01,3.872667645018762483e-01,4.004268826586600549e-01,4.102639349787759460e-01,1.003198645727644409e-04,4.854623353972459254e-01,4.966705783773134875e-01,5.057156496538390833e-01,5.724693920528289848e-01,5.843354681334845813e-01,5.938117665972081349e-01,6.618149701633769810e-01,6.733790504311139014e-01,7.386620442119219421e-01,7.527772422750695913e-01,8.158640394972903609e-01,8.325587499150217674e-01,8.950003980796787939e-01,9.132862617037874609e-01,9.771548964664564796e-01,9.951742608208703489e-01,1.061567794366401252e+00,1.121280443135379778e+00,1.146777911925844773e+00,1.213859816599560881e+00,1.278941846289198381e+00,1.340216175990318170e+00,1.371512364718683541e+00,1.441434633242017371e+00,1.511839057365804706e+00,1.582910449662753294e+00,1.696102125460531074e+00,1.773265868066336903e+00,1.848260071413444283e+00,1.968195361294761803e+00,2.088617511257539583e+00,2.211505307382072960e+00,2.374206320762811906e+00,2.541817293868315453e+00,2.748141775199011150e+00,2.995625742430396699e+00,3.315809785810098109e+00,3.794170152201142177e+00,9.999872733576149031e+00,9.999899654818495520e+00
9.999287445142622782e-05,9.999566024008761222e-05,9.999852141717868064e-05,1.000016543547281784e-04,1.000053273129670290e-04,1.000074557427171987e-04,1.000108531732746498e-04,1.000132411644779067e-04,1.000162517427703057e-04,1.000189692775134935e-04,1.000219011971348988e-04,1.000246003608283287e-04,1.000273594058459416e-04,1.000300883538134312e-04,1.000330453157045131e-04,1.000355244679269331e-04,1.000380808997096540e-04,1.000409199127498950e-04,1.000433821687628401e-04,1.000463858080534029e-04,1.000487174656164874e-04,1.000514068511398495e-04,1.000540561926297335e-04,1.000567538548237584e-04,1.000594392388626876e-04,1.000621719914173427e-04,1.000649388278293707e-04,1.000678099322154413e-04,1.000705919915955512e-04,1.000735678675302500e-04,1.000765464699217858e-04,1.000793881031967851e-04,1.000825972106064970e-04,1.000857674709914095e-04,1.000896664676383032e-04,1.000921679091813809e-04,1.000954899006324949e-04,1.000992342191921148e-04,1.001027305966586766e-04,1.001109978848930865e-04,1.001098522432264566e-04,1.001146016447798377e-04,1.001177959907674844e-04,1.001230238640323764e-04,1.001259987032403946e-04,1.001288640326824657e-04,1.001988763323371866e-04,1.001406445539867627e-04,1.001428764534654045e-04,1.001495934477604624e-04,1.001515045746174232e-04,1.002183395258043170e-04,1.001652965568819301e-04,1.001647539461392698e-04,1.001745392101696175e-04,1.001798158693105239e-04,1.001824065780501416e-04,1.001906317138355398e-04,1.001984768399436345e-04,1.001979952253948555e-04,1.002103100831446447e-04,1.001628247818580258e-04,1.002222916318252192e-04,1.002580411647290026e-04,1.002342022039744330e-04,1.002203515815032220e-04,1.003561902803023646e-04,1.002607981935087038e-04,1.002706658196024422e-04,1.002812631173721802e-04,1.002926141945915158e-04,1.002235389121181161e-04,1.003095296810649101e-04,1.003172352263976001e-04,1.003204201235015141e-04,1.003460814675288402e-04,1.003581118063123675e-04,1.003672072997540191e-04,1.004075299975916609e-04,1.003367669401059015e-04,1.004267294582630572e-04,1.003971036687466094e-04,1.004487333783648568e-04,1.004680924175148040e-04,1.004240364205171549e-04,1.005078199892667185e-04,1.003689450757409444e-04,1.005466892654115744e-04,1.003971855602961405e-04,1.005413536261999627e-04,1.006932070156738561e-04,1.006978135921759722e-04,1.007754497820823709e-04,1.005619346082710797e-04,1.008282666338899660e-04,1.007218483182797990e-04,1.009878434826434187e-04,1.009898812761139924e-04,1.004979775403886527e-04,9.999872916104198595e+00
